[     126ms] [LOG] [Fast Refresh] rebuilding @ http://localhost:3000/_next/static/chunks/node_modules_next_dist_115brz8._.js:2477
[    1142ms] [LOG] [Fast Refresh] done in 1118ms @ http://localhost:3000/_next/static/chunks/node_modules_next_dist_115brz8._.js:2477
[    1297ms] [INFO] %cDownload the React DevTools for a better development experience: https://react.dev/link/react-devtools font-weight:bold @ http://localhost:3000/_next/static/chunks/node_modules_next_dist_115brz8._.js:2477
[    1329ms] [LOG] [HMR] connected @ http://localhost:3000/_next/static/chunks/node_modules_next_dist_115brz8._.js:2477
[    2170ms] [LOG] [Fast Refresh] rebuilding @ http://localhost:3000/_next/static/chunks/node_modules_next_dist_115brz8._.js:2477
[    2229ms] [LOG] [Fast Refresh] done in 162ms @ http://localhost:3000/_next/static/chunks/node_modules_next_dist_115brz8._.js:2477
[    9198ms] [LOG] [Fast Refresh] rebuilding @ http://localhost:3000/_next/static/chunks/node_modules_next_dist_115brz8._.js:2477
[    9249ms] [LOG] [Fast Refresh] done in 153ms @ http://localhost:3000/_next/static/chunks/node_modules_next_dist_115brz8._.js:2477
[   10426ms] [LOG] [Fast Refresh] rebuilding @ http://localhost:3000/_next/static/chunks/node_modules_next_dist_115brz8._.js:2477
[   10442ms] [LOG] [Fast Refresh] done in 116ms @ http://localhost:3000/_next/static/chunks/node_modules_next_dist_115brz8._.js:2477
[   19782ms] [LOG] [Fast Refresh] rebuilding @ http://localhost:3000/_next/static/chunks/node_modules_next_dist_115brz8._.js:2477
[   19803ms] [LOG] [Fast Refresh] done in 124ms @ http://localhost:3000/_next/static/chunks/node_modules_next_dist_115brz8._.js:2477
[   23246ms] [LOG] [Fast Refresh] rebuilding @ http://localhost:3000/_next/static/chunks/node_modules_next_dist_115brz8._.js:2477
[   23246ms] [LOG] [Fast Refresh] done in 116ms @ http://localhost:3000/_next/static/chunks/node_modules_next_dist_115brz8._.js:2477
[   47792ms] [LOG] [Fast Refresh] rebuilding @ http://localhost:3000/_next/static/chunks/node_modules_next_dist_115brz8._.js:2477
[   47808ms] [LOG] [Fast Refresh] done in 117ms @ http://localhost:3000/_next/static/chunks/node_modules_next_dist_115brz8._.js:2477
[   54769ms] [LOG] [Fast Refresh] rebuilding @ http://localhost:3000/_next/static/chunks/node_modules_next_dist_115brz8._.js:2477
[   54818ms] [LOG] [Fast Refresh] done in 150ms @ http://localhost:3000/_next/static/chunks/node_modules_next_dist_115brz8._.js:2477
[   55843ms] [LOG] [Fast Refresh] rebuilding @ http://localhost:3000/_next/static/chunks/node_modules_next_dist_115brz8._.js:2477
[   55859ms] [LOG] [Fast Refresh] done in 119ms @ http://localhost:3000/_next/static/chunks/node_modules_next_dist_115brz8._.js:2477
[   66450ms] [LOG] [Fast Refresh] rebuilding @ http://localhost:3000/_next/static/chunks/node_modules_next_dist_115brz8._.js:2477
[   66466ms] [LOG] [Fast Refresh] done in 120ms @ http://localhost:3000/_next/static/chunks/node_modules_next_dist_115brz8._.js:2477
[   73775ms] [LOG] [Fast Refresh] rebuilding @ http://localhost:3000/_next/static/chunks/node_modules_next_dist_115brz8._.js:2477
[   73790ms] [LOG] [Fast Refresh] done in 119ms @ http://localhost:3000/_next/static/chunks/node_modules_next_dist_115brz8._.js:2477
[  621135ms] [LOG] [Fast Refresh] rebuilding @ http://localhost:3000/_next/static/chunks/node_modules_next_dist_115brz8._.js:2477
[  621242ms] [LOG] [Fast Refresh] done in 191ms @ http://localhost:3000/_next/static/chunks/node_modules_next_dist_115brz8._.js:2477
[  636781ms] [LOG] [Fast Refresh] rebuilding @ http://localhost:3000/_next/static/chunks/node_modules_next_dist_115brz8._.js:2477
[  637313ms] [ERROR] ./components/ui/popover.tsx:6:1
Module not found: Can't resolve '@/lib/utils'
  4 | import { Popover as PopoverPrimitive } from "radix-ui"
  5 |
> 6 | import { cn } from "@/lib/utils"
    | ^^^^^^^^^^^^^^^^^^^^^^^^^^^^^^^^
  7 |
  8 | function Popover({
  9 |   ...props

Import map: aliased to relative './lib/utils' inside of [project]/

Import traces:
  Client Component Browser:
    ./components/ui/popover.tsx [Client Component Browser]
    ./components/collections/collectionPicker/CollectionPicker.tsx [Client Component Browser]
    ./components/items/itemDrawer/DrawerEditContent.tsx [Client Component Browser]
    ./components/items/itemDrawer/ItemDrawer.tsx [Client Component Browser]
    ./components/items/itemDrawer/ItemDrawer.tsx [Server Component]
    ./app/dashboard/page.tsx [Server Component]

  Client Component SSR:
    ./components/ui/popover.tsx [Client Component SSR]
    ./components/collections/collectionPicker/CollectionPicker.tsx [Client Component SSR]
    ./components/items/itemDrawer/DrawerEditContent.tsx [Client Component SSR]
    ./components/items/itemDrawer/ItemDrawer.tsx [Client Component SSR]
    ./components/items/itemDrawer/ItemDrawer.tsx [Server Component]
    ./app/dashboard/page.tsx [Server Component]

https://nextjs.org/docs/messages/module-not-found @ http://localhost:3000/_next/static/chunks/node_modules_next_dist_115brz8._.js:3318
[  637344ms] [ERROR] ./components/ui/popover.tsx:6:1
Module not found: Can't resolve '@/lib/utils'
  4 | import { Popover as PopoverPrimitive } from "radix-ui"
  5 |
> 6 | import { cn } from "@/lib/utils"
    | ^^^^^^^^^^^^^^^^^^^^^^^^^^^^^^^^
  7 |
  8 | function Popover({
  9 |   ...props

Import map: aliased to relative './lib/utils' inside of [project]/

Import traces:
  Client Component Browser:
    ./components/ui/popover.tsx [Client Component Browser]
    ./components/collections/collectionPicker/CollectionPicker.tsx [Client Component Browser]
    ./components/items/itemDrawer/DrawerEditContent.tsx [Client Component Browser]
    ./components/items/itemDrawer/ItemDrawer.tsx [Client Component Browser]
    ./components/items/itemDrawer/ItemDrawer.tsx [Server Component]
    ./app/dashboard/page.tsx [Server Component]

  Client Component SSR:
    ./components/ui/popover.tsx [Client Component SSR]
    ./components/collections/collectionPicker/CollectionPicker.tsx [Client Component SSR]
    ./components/items/itemDrawer/DrawerEditContent.tsx [Client Component SSR]
    ./components/items/itemDrawer/ItemDrawer.tsx [Client Component SSR]
    ./components/items/itemDrawer/ItemDrawer.tsx [Server Component]
    ./app/dashboard/page.tsx [Server Component]

https://nextjs.org/docs/messages/module-not-found @ http://localhost:3000/_next/static/chunks/node_modules_next_dist_115brz8._.js:3318
[  637410ms] [ERROR] ./components/ui/popover.tsx:6:1
Module not found: Can't resolve '@/lib/utils'
  4 | import { Popover as PopoverPrimitive } from "radix-ui"
  5 |
> 6 | import { cn } from "@/lib/utils"
    | ^^^^^^^^^^^^^^^^^^^^^^^^^^^^^^^^
  7 |
  8 | function Popover({
  9 |   ...props

Import map: aliased to relative './lib/utils' inside of [project]/

Import traces:
  Client Component Browser:
    ./components/ui/popover.tsx [Client Component Browser]
    ./components/collections/collectionPicker/CollectionPicker.tsx [Client Component Browser]
    ./components/items/itemDrawer/DrawerEditContent.tsx [Client Component Browser]
    ./components/items/itemDrawer/ItemDrawer.tsx [Client Component Browser]
    ./components/items/itemDrawer/ItemDrawer.tsx [Server Component]
    ./app/dashboard/page.tsx [Server Component]

  Client Component SSR:
    ./components/ui/popover.tsx [Client Component SSR]
    ./components/collections/collectionPicker/CollectionPicker.tsx [Client Component SSR]
    ./components/items/itemDrawer/DrawerEditContent.tsx [Client Component SSR]
    ./components/items/itemDrawer/ItemDrawer.tsx [Client Component SSR]
    ./components/items/itemDrawer/ItemDrawer.tsx [Server Component]
    ./app/dashboard/page.tsx [Server Component]

https://nextjs.org/docs/messages/module-not-found @ http://localhost:3000/_next/static/chunks/node_modules_next_dist_115brz8._.js:3318
[  637457ms] [ERROR] Failed to load resource: the server responded with a status of 500 (Internal Server Error) @ http://localhost:3000/dashboard?_rsc=hQPaUJMU-l01qLoJ:0
[  637522ms] [LOG] [Fast Refresh] rebuilding @ http://localhost:3000/_next/static/chunks/node_modules_next_dist_115brz8._.js:2477
[  637547ms] [ERROR] Failed to load resource: the server responded with a status of 500 (Internal Server Error) @ http://localhost:3000/dashboard?_rsc=hQPaUJMU-l01qLoJ:0
[  637554ms] [ERROR] Failed to load resource: the server responded with a status of 500 (Internal Server Error) @ http://localhost:3000/dashboard:0
[  637796ms] [INFO] %cDownload the React DevTools for a better development experience: https://react.dev/link/react-devtools font-weight:bold @ http://localhost:3000/_next/static/chunks/node_modules_react-dom_0bruynb._.js:15305
[  637878ms] Error: ./components/ui/popover.tsx:6:1
Module not found: Can't resolve '@/lib/utils'
  4 | import { Popover as PopoverPrimitive } from "radix-ui"
  5 |
> 6 | import { cn } from "@/lib/utils"
    | ^^^^^^^^^^^^^^^^^^^^^^^^^^^^^^^^
  7 |
  8 | function Popover({
  9 |   ...props

Import map: aliased to relative './lib/utils' inside of [project]/


Import traces:
  Client Component Browser:
    ./components/ui/popover.tsx [Client Component Browser]
    ./components/collections/collectionPicker/CollectionPicker.tsx [Client Component Browser]
    ./components/items/itemDrawer/DrawerEditContent.tsx [Client Component Browser]
    ./components/items/itemDrawer/ItemDrawer.tsx [Client Component Browser]
    ./components/items/itemDrawer/ItemDrawer.tsx [Server Component]
    ./app/dashboard/page.tsx [Server Component]

  Client Component SSR:
    ./components/ui/popover.tsx [Client Component SSR]
    ./components/collections/collectionPicker/CollectionPicker.tsx [Client Component SSR]
    ./components/items/itemDrawer/DrawerEditContent.tsx [Client Component SSR]
    ./components/items/itemDrawer/ItemDrawer.tsx [Client Component SSR]
    ./components/items/itemDrawer/ItemDrawer.tsx [Server Component]
    ./app/dashboard/page.tsx [Server Component]

https://nextjs.org/docs/messages/module-not-found


    at <unknown> (Error: ./components/ui/popover.tsx:6:1)
    at <unknown> (https://nextjs.org/docs/messages/module-not-found)
    at Object.getCompilationErrors (file://C:\Users\brega\OneDrive\Documents\Projects\devstash\node_modules\next\dist\server\dev\hot-reloader-turbopack.js:1186:59)
    at DevBundlerService.getCompilationError (file://C:\Users\brega\OneDrive\Documents\Projects\devstash\node_modules\next\dist\server\lib\dev-bundler-service.js:44:55)
    at DevServer.getCompilationError (file://C:\Users\brega\OneDrive\Documents\Projects\devstash\node_modules\next\dist\server\dev\next-dev-server.js:720:42)
    at DevServer.findPageComponents (file://C:\Users\brega\OneDrive\Documents\Projects\devstash\node_modules\next\dist\server\dev\next-dev-server.js:690:43)
    at async DevServer.renderErrorToResponseImpl (file://C:\Users\brega\OneDrive\Documents\Projects\devstash\node_modules\next\dist\server\base-server.js:1753:26)
[  637878ms] [LOG] [HMR] connected @ http://localhost:3000/_next/static/chunks/node_modules_next_dist_0u_w_5s._.js:1226
[  637883ms] [ERROR] ./components/ui/popover.tsx:6:1
Module not found: Can't resolve '@/lib/utils'
  4 | import { Popover as PopoverPrimitive } from "radix-ui"
  5 |
> 6 | import { cn } from "@/lib/utils"
    | ^^^^^^^^^^^^^^^^^^^^^^^^^^^^^^^^
  7 |
  8 | function Popover({
  9 |   ...props

Import map: aliased to relative './lib/utils' inside of [project]/

Import traces:
  Client Component Browser:
    ./components/ui/popover.tsx [Client Component Browser]
    ./components/collections/collectionPicker/CollectionPicker.tsx [Client Component Browser]
    ./components/items/itemDrawer/DrawerEditContent.tsx [Client Component Browser]
    ./components/items/itemDrawer/ItemDrawer.tsx [Client Component Browser]
    ./components/items/itemDrawer/ItemDrawer.tsx [Server Component]
    ./app/dashboard/page.tsx [Server Component]

  Client Component SSR:
    ./components/ui/popover.tsx [Client Component SSR]
    ./components/collections/collectionPicker/CollectionPicker.tsx [Client Component SSR]
    ./components/items/itemDrawer/DrawerEditContent.tsx [Client Component SSR]
    ./components/items/itemDrawer/ItemDrawer.tsx [Client Component SSR]
    ./components/items/itemDrawer/ItemDrawer.tsx [Server Component]
    ./app/dashboard/page.tsx [Server Component]

https://nextjs.org/docs/messages/module-not-found @ http://localhost:3000/_next/static/chunks/node_modules_next_dist_0u_w_5s._.js:1945
[  637883ms] [ERROR] ./components/ui/popover.tsx:6:1
Module not found: Can't resolve '@/lib/utils'
  4 | import { Popover as PopoverPrimitive } from "radix-ui"
  5 |
> 6 | import { cn } from "@/lib/utils"
    | ^^^^^^^^^^^^^^^^^^^^^^^^^^^^^^^^
  7 |
  8 | function Popover({
  9 |   ...props

Import map: aliased to relative './lib/utils' inside of [project]/

Import traces:
  Client Component Browser:
    ./components/ui/popover.tsx [Client Component Browser]
    ./components/collections/collectionPicker/CollectionPicker.tsx [Client Component Browser]
    ./components/items/itemDrawer/DrawerEditContent.tsx [Client Component Browser]
    ./components/items/itemDrawer/ItemDrawer.tsx [Client Component Browser]
    ./components/items/itemDrawer/ItemDrawer.tsx [Server Component]
    ./app/items/[type]/page.tsx [Server Component]

  Client Component SSR:
    ./components/ui/popover.tsx [Client Component SSR]
    ./components/collections/collectionPicker/CollectionPicker.tsx [Client Component SSR]
    ./components/items/itemDrawer/DrawerEditContent.tsx [Client Component SSR]
    ./components/items/itemDrawer/ItemDrawer.tsx [Client Component SSR]
    ./components/items/itemDrawer/ItemDrawer.tsx [Server Component]
    ./app/items/[type]/page.tsx [Server Component]

https://nextjs.org/docs/messages/module-not-found @ http://localhost:3000/_next/static/chunks/node_modules_next_dist_0u_w_5s._.js:1945
[  637947ms] [ERROR] ./components/ui/popover.tsx:6:1
Module not found: Can't resolve '@/lib/utils'
  4 | import { Popover as PopoverPrimitive } from "radix-ui"
  5 |
> 6 | import { cn } from "@/lib/utils"
    | ^^^^^^^^^^^^^^^^^^^^^^^^^^^^^^^^
  7 |
  8 | function Popover({
  9 |   ...props

Import map: aliased to relative './lib/utils' inside of [project]/

Import traces:
  Client Component Browser:
    ./components/ui/popover.tsx [Client Component Browser]
    ./components/collections/collectionPicker/CollectionPicker.tsx [Client Component Browser]
    ./components/items/itemDrawer/DrawerEditContent.tsx [Client Component Browser]
    ./components/items/itemDrawer/ItemDrawer.tsx [Client Component Browser]
    ./components/items/itemDrawer/ItemDrawer.tsx [Server Component]
    ./app/dashboard/page.tsx [Server Component]

  Client Component SSR:
    ./components/ui/popover.tsx [Client Component SSR]
    ./components/collections/collectionPicker/CollectionPicker.tsx [Client Component SSR]
    ./components/items/itemDrawer/DrawerEditContent.tsx [Client Component SSR]
    ./components/items/itemDrawer/ItemDrawer.tsx [Client Component SSR]
    ./components/items/itemDrawer/ItemDrawer.tsx [Server Component]
    ./app/dashboard/page.tsx [Server Component]

https://nextjs.org/docs/messages/module-not-found @ http://localhost:3000/_next/static/chunks/node_modules_next_dist_0u_w_5s._.js:1945
[  638009ms] [ERROR] ./components/ui/popover.tsx:6:1
Module not found: Can't resolve '@/lib/utils'
  4 | import { Popover as PopoverPrimitive } from "radix-ui"
  5 |
> 6 | import { cn } from "@/lib/utils"
    | ^^^^^^^^^^^^^^^^^^^^^^^^^^^^^^^^
  7 |
  8 | function Popover({
  9 |   ...props

Import map: aliased to relative './lib/utils' inside of [project]/

Import traces:
  Client Component Browser:
    ./components/ui/popover.tsx [Client Component Browser]
    ./components/collections/collectionPicker/CollectionPicker.tsx [Client Component Browser]
    ./components/items/itemDrawer/DrawerEditContent.tsx [Client Component Browser]
    ./components/items/itemDrawer/ItemDrawer.tsx [Client Component Browser]
    ./components/items/itemDrawer/ItemDrawer.tsx [Server Component]
    ./app/dashboard/page.tsx [Server Component]

  Client Component SSR:
    ./components/ui/popover.tsx [Client Component SSR]
    ./components/collections/collectionPicker/CollectionPicker.tsx [Client Component SSR]
    ./components/items/itemDrawer/DrawerEditContent.tsx [Client Component SSR]
    ./components/items/itemDrawer/ItemDrawer.tsx [Client Component SSR]
    ./components/items/itemDrawer/ItemDrawer.tsx [Server Component]
    ./app/dashboard/page.tsx [Server Component]

https://nextjs.org/docs/messages/module-not-found @ http://localhost:3000/_next/static/chunks/node_modules_next_dist_0u_w_5s._.js:1945
[  638068ms] [ERROR] ./components/ui/popover.tsx:6:1
Module not found: Can't resolve '@/lib/utils'
  4 | import { Popover as PopoverPrimitive } from "radix-ui"
  5 |
> 6 | import { cn } from "@/lib/utils"
    | ^^^^^^^^^^^^^^^^^^^^^^^^^^^^^^^^
  7 |
  8 | function Popover({
  9 |   ...props

Import map: aliased to relative './lib/utils' inside of [project]/

Import traces:
  Client Component Browser:
    ./components/ui/popover.tsx [Client Component Browser]
    ./components/collections/collectionPicker/CollectionPicker.tsx [Client Component Browser]
    ./components/items/itemDrawer/DrawerEditContent.tsx [Client Component Browser]
    ./components/items/itemDrawer/ItemDrawer.tsx [Client Component Browser]
    ./components/items/itemDrawer/ItemDrawer.tsx [Server Component]
    ./app/dashboard/page.tsx [Server Component]

  Client Component SSR:
    ./components/ui/popover.tsx [Client Component SSR]
    ./components/collections/collectionPicker/CollectionPicker.tsx [Client Component SSR]
    ./components/items/itemDrawer/DrawerEditContent.tsx [Client Component SSR]
    ./components/items/itemDrawer/ItemDrawer.tsx [Client Component SSR]
    ./components/items/itemDrawer/ItemDrawer.tsx [Server Component]
    ./app/dashboard/page.tsx [Server Component]

https://nextjs.org/docs/messages/module-not-found @ http://localhost:3000/_next/static/chunks/node_modules_next_dist_0u_w_5s._.js:1945
[  638130ms] [ERROR] ./components/ui/popover.tsx:6:1
Module not found: Can't resolve '@/lib/utils'
  4 | import { Popover as PopoverPrimitive } from "radix-ui"
  5 |
> 6 | import { cn } from "@/lib/utils"
    | ^^^^^^^^^^^^^^^^^^^^^^^^^^^^^^^^
  7 |
  8 | function Popover({
  9 |   ...props

Import map: aliased to relative './lib/utils' inside of [project]/

Import traces:
  Client Component Browser:
    ./components/ui/popover.tsx [Client Component Browser]
    ./components/collections/collectionPicker/CollectionPicker.tsx [Client Component Browser]
    ./components/items/itemDrawer/DrawerEditContent.tsx [Client Component Browser]
    ./components/items/itemDrawer/ItemDrawer.tsx [Client Component Browser]
    ./components/items/itemDrawer/ItemDrawer.tsx [Server Component]
    ./app/dashboard/page.tsx [Server Component]

  Client Component SSR:
    ./components/ui/popover.tsx [Client Component SSR]
    ./components/collections/collectionPicker/CollectionPicker.tsx [Client Component SSR]
    ./components/items/itemDrawer/DrawerEditContent.tsx [Client Component SSR]
    ./components/items/itemDrawer/ItemDrawer.tsx [Client Component SSR]
    ./components/items/itemDrawer/ItemDrawer.tsx [Server Component]
    ./app/dashboard/page.tsx [Server Component]

https://nextjs.org/docs/messages/module-not-found @ http://localhost:3000/_next/static/chunks/node_modules_next_dist_0u_w_5s._.js:1945
[  638191ms] [ERROR] ./components/ui/popover.tsx:6:1
Module not found: Can't resolve '@/lib/utils'
  4 | import { Popover as PopoverPrimitive } from "radix-ui"
  5 |
> 6 | import { cn } from "@/lib/utils"
    | ^^^^^^^^^^^^^^^^^^^^^^^^^^^^^^^^
  7 |
  8 | function Popover({
  9 |   ...props

Import map: aliased to relative './lib/utils' inside of [project]/

Import traces:
  Client Component Browser:
    ./components/ui/popover.tsx [Client Component Browser]
    ./components/collections/collectionPicker/CollectionPicker.tsx [Client Component Browser]
    ./components/items/itemDrawer/DrawerEditContent.tsx [Client Component Browser]
    ./components/items/itemDrawer/ItemDrawer.tsx [Client Component Browser]
    ./components/items/itemDrawer/ItemDrawer.tsx [Server Component]
    ./app/dashboard/page.tsx [Server Component]

  Client Component SSR:
    ./components/ui/popover.tsx [Client Component SSR]
    ./components/collections/collectionPicker/CollectionPicker.tsx [Client Component SSR]
    ./components/items/itemDrawer/DrawerEditContent.tsx [Client Component SSR]
    ./components/items/itemDrawer/ItemDrawer.tsx [Client Component SSR]
    ./components/items/itemDrawer/ItemDrawer.tsx [Server Component]
    ./app/dashboard/page.tsx [Server Component]

https://nextjs.org/docs/messages/module-not-found @ http://localhost:3000/_next/static/chunks/node_modules_next_dist_0u_w_5s._.js:1945
[  638254ms] [ERROR] ./components/ui/popover.tsx:6:1
Module not found: Can't resolve '@/lib/utils'
  4 | import { Popover as PopoverPrimitive } from "radix-ui"
  5 |
> 6 | import { cn } from "@/lib/utils"
    | ^^^^^^^^^^^^^^^^^^^^^^^^^^^^^^^^
  7 |
  8 | function Popover({
  9 |   ...props

Import map: aliased to relative './lib/utils' inside of [project]/

Import traces:
  Client Component Browser:
    ./components/ui/popover.tsx [Client Component Browser]
    ./components/collections/collectionPicker/CollectionPicker.tsx [Client Component Browser]
    ./components/items/itemDrawer/DrawerEditContent.tsx [Client Component Browser]
    ./components/items/itemDrawer/ItemDrawer.tsx [Client Component Browser]
    ./components/items/itemDrawer/ItemDrawer.tsx [Server Component]
    ./app/dashboard/page.tsx [Server Component]

  Client Component SSR:
    ./components/ui/popover.tsx [Client Component SSR]
    ./components/collections/collectionPicker/CollectionPicker.tsx [Client Component SSR]
    ./components/items/itemDrawer/DrawerEditContent.tsx [Client Component SSR]
    ./components/items/itemDrawer/ItemDrawer.tsx [Client Component SSR]
    ./components/items/itemDrawer/ItemDrawer.tsx [Server Component]
    ./app/dashboard/page.tsx [Server Component]

https://nextjs.org/docs/messages/module-not-found @ http://localhost:3000/_next/static/chunks/node_modules_next_dist_0u_w_5s._.js:1945
[  638315ms] [ERROR] ./components/ui/popover.tsx:6:1
Module not found: Can't resolve '@/lib/utils'
  4 | import { Popover as PopoverPrimitive } from "radix-ui"
  5 |
> 6 | import { cn } from "@/lib/utils"
    | ^^^^^^^^^^^^^^^^^^^^^^^^^^^^^^^^
  7 |
  8 | function Popover({
  9 |   ...props

Import map: aliased to relative './lib/utils' inside of [project]/

Import traces:
  Client Component Browser:
    ./components/ui/popover.tsx [Client Component Browser]
    ./components/collections/collectionPicker/CollectionPicker.tsx [Client Component Browser]
    ./components/items/itemDrawer/DrawerEditContent.tsx [Client Component Browser]
    ./components/items/itemDrawer/ItemDrawer.tsx [Client Component Browser]
    ./components/items/itemDrawer/ItemDrawer.tsx [Server Component]
    ./app/dashboard/page.tsx [Server Component]

  Client Component SSR:
    ./components/ui/popover.tsx [Client Component SSR]
    ./components/collections/collectionPicker/CollectionPicker.tsx [Client Component SSR]
    ./components/items/itemDrawer/DrawerEditContent.tsx [Client Component SSR]
    ./components/items/itemDrawer/ItemDrawer.tsx [Client Component SSR]
    ./components/items/itemDrawer/ItemDrawer.tsx [Server Component]
    ./app/dashboard/page.tsx [Server Component]

https://nextjs.org/docs/messages/module-not-found @ http://localhost:3000/_next/static/chunks/node_modules_next_dist_0u_w_5s._.js:1945
[  638398ms] [ERROR] ./components/ui/popover.tsx:6:1
Module not found: Can't resolve '@/lib/utils'
  4 | import { Popover as PopoverPrimitive } from "radix-ui"
  5 |
> 6 | import { cn } from "@/lib/utils"
    | ^^^^^^^^^^^^^^^^^^^^^^^^^^^^^^^^
  7 |
  8 | function Popover({
  9 |   ...props

Import map: aliased to relative './lib/utils' inside of [project]/

Import traces:
  Client Component Browser:
    ./components/ui/popover.tsx [Client Component Browser]
    ./components/collections/collectionPicker/CollectionPicker.tsx [Client Component Browser]
    ./components/items/itemDrawer/DrawerEditContent.tsx [Client Component Browser]
    ./components/items/itemDrawer/ItemDrawer.tsx [Client Component Browser]
    ./components/items/itemDrawer/ItemDrawer.tsx [Server Component]
    ./app/dashboard/page.tsx [Server Component]

  Client Component SSR:
    ./components/ui/popover.tsx [Client Component SSR]
    ./components/collections/collectionPicker/CollectionPicker.tsx [Client Component SSR]
    ./components/items/itemDrawer/DrawerEditContent.tsx [Client Component SSR]
    ./components/items/itemDrawer/ItemDrawer.tsx [Client Component SSR]
    ./components/items/itemDrawer/ItemDrawer.tsx [Server Component]
    ./app/dashboard/page.tsx [Server Component]

https://nextjs.org/docs/messages/module-not-found @ http://localhost:3000/_next/static/chunks/node_modules_next_dist_0u_w_5s._.js:1945
[  638455ms] [ERROR] ./components/ui/popover.tsx:6:1
Module not found: Can't resolve '@/lib/utils'
  4 | import { Popover as PopoverPrimitive } from "radix-ui"
  5 |
> 6 | import { cn } from "@/lib/utils"
    | ^^^^^^^^^^^^^^^^^^^^^^^^^^^^^^^^
  7 |
  8 | function Popover({
  9 |   ...props

Import map: aliased to relative './lib/utils' inside of [project]/

Import traces:
  Client Component Browser:
    ./components/ui/popover.tsx [Client Component Browser]
    ./components/collections/collectionPicker/CollectionPicker.tsx [Client Component Browser]
    ./components/items/itemDrawer/DrawerEditContent.tsx [Client Component Browser]
    ./components/items/itemDrawer/ItemDrawer.tsx [Client Component Browser]
    ./components/items/itemDrawer/ItemDrawer.tsx [Server Component]
    ./app/dashboard/page.tsx [Server Component]

  Client Component SSR:
    ./components/ui/popover.tsx [Client Component SSR]
    ./components/collections/collectionPicker/CollectionPicker.tsx [Client Component SSR]
    ./components/items/itemDrawer/DrawerEditContent.tsx [Client Component SSR]
    ./components/items/itemDrawer/ItemDrawer.tsx [Client Component SSR]
    ./components/items/itemDrawer/ItemDrawer.tsx [Server Component]
    ./app/dashboard/page.tsx [Server Component]

https://nextjs.org/docs/messages/module-not-found @ http://localhost:3000/_next/static/chunks/node_modules_next_dist_0u_w_5s._.js:1945
[  638517ms] [ERROR] ./components/ui/popover.tsx:6:1
Module not found: Can't resolve '@/lib/utils'
  4 | import { Popover as PopoverPrimitive } from "radix-ui"
  5 |
> 6 | import { cn } from "@/lib/utils"
    | ^^^^^^^^^^^^^^^^^^^^^^^^^^^^^^^^
  7 |
  8 | function Popover({
  9 |   ...props

Import map: aliased to relative './lib/utils' inside of [project]/

Import traces:
  Client Component Browser:
    ./components/ui/popover.tsx [Client Component Browser]
    ./components/collections/collectionPicker/CollectionPicker.tsx [Client Component Browser]
    ./components/items/itemDrawer/DrawerEditContent.tsx [Client Component Browser]
    ./components/items/itemDrawer/ItemDrawer.tsx [Client Component Browser]
    ./components/items/itemDrawer/ItemDrawer.tsx [Server Component]
    ./app/dashboard/page.tsx [Server Component]

  Client Component SSR:
    ./components/ui/popover.tsx [Client Component SSR]
    ./components/collections/collectionPicker/CollectionPicker.tsx [Client Component SSR]
    ./components/items/itemDrawer/DrawerEditContent.tsx [Client Component SSR]
    ./components/items/itemDrawer/ItemDrawer.tsx [Client Component SSR]
    ./components/items/itemDrawer/ItemDrawer.tsx [Server Component]
    ./app/dashboard/page.tsx [Server Component]

https://nextjs.org/docs/messages/module-not-found @ http://localhost:3000/_next/static/chunks/node_modules_next_dist_0u_w_5s._.js:1945
[  638579ms] [ERROR] ./components/ui/popover.tsx:6:1
Module not found: Can't resolve '@/lib/utils'
  4 | import { Popover as PopoverPrimitive } from "radix-ui"
  5 |
> 6 | import { cn } from "@/lib/utils"
    | ^^^^^^^^^^^^^^^^^^^^^^^^^^^^^^^^
  7 |
  8 | function Popover({
  9 |   ...props

Import map: aliased to relative './lib/utils' inside of [project]/

Import traces:
  Client Component Browser:
    ./components/ui/popover.tsx [Client Component Browser]
    ./components/collections/collectionPicker/CollectionPicker.tsx [Client Component Browser]
    ./components/items/itemDrawer/DrawerEditContent.tsx [Client Component Browser]
    ./components/items/itemDrawer/ItemDrawer.tsx [Client Component Browser]
    ./components/items/itemDrawer/ItemDrawer.tsx [Server Component]
    ./app/dashboard/page.tsx [Server Component]

  Client Component SSR:
    ./components/ui/popover.tsx [Client Component SSR]
    ./components/collections/collectionPicker/CollectionPicker.tsx [Client Component SSR]
    ./components/items/itemDrawer/DrawerEditContent.tsx [Client Component SSR]
    ./components/items/itemDrawer/ItemDrawer.tsx [Client Component SSR]
    ./components/items/itemDrawer/ItemDrawer.tsx [Server Component]
    ./app/dashboard/page.tsx [Server Component]

https://nextjs.org/docs/messages/module-not-found @ http://localhost:3000/_next/static/chunks/node_modules_next_dist_0u_w_5s._.js:1945
[  638641ms] [ERROR] ./components/ui/popover.tsx:6:1
Module not found: Can't resolve '@/lib/utils'
  4 | import { Popover as PopoverPrimitive } from "radix-ui"
  5 |
> 6 | import { cn } from "@/lib/utils"
    | ^^^^^^^^^^^^^^^^^^^^^^^^^^^^^^^^
  7 |
  8 | function Popover({
  9 |   ...props

Import map: aliased to relative './lib/utils' inside of [project]/

Import traces:
  Client Component Browser:
    ./components/ui/popover.tsx [Client Component Browser]
    ./components/collections/collectionPicker/CollectionPicker.tsx [Client Component Browser]
    ./components/items/itemDrawer/DrawerEditContent.tsx [Client Component Browser]
    ./components/items/itemDrawer/ItemDrawer.tsx [Client Component Browser]
    ./components/items/itemDrawer/ItemDrawer.tsx [Server Component]
    ./app/dashboard/page.tsx [Server Component]

  Client Component SSR:
    ./components/ui/popover.tsx [Client Component SSR]
    ./components/collections/collectionPicker/CollectionPicker.tsx [Client Component SSR]
    ./components/items/itemDrawer/DrawerEditContent.tsx [Client Component SSR]
    ./components/items/itemDrawer/ItemDrawer.tsx [Client Component SSR]
    ./components/items/itemDrawer/ItemDrawer.tsx [Server Component]
    ./app/dashboard/page.tsx [Server Component]

https://nextjs.org/docs/messages/module-not-found @ http://localhost:3000/_next/static/chunks/node_modules_next_dist_0u_w_5s._.js:1945
[  638702ms] [ERROR] ./components/ui/popover.tsx:6:1
Module not found: Can't resolve '@/lib/utils'
  4 | import { Popover as PopoverPrimitive } from "radix-ui"
  5 |
> 6 | import { cn } from "@/lib/utils"
    | ^^^^^^^^^^^^^^^^^^^^^^^^^^^^^^^^
  7 |
  8 | function Popover({
  9 |   ...props

Import map: aliased to relative './lib/utils' inside of [project]/

Import traces:
  Client Component Browser:
    ./components/ui/popover.tsx [Client Component Browser]
    ./components/collections/collectionPicker/CollectionPicker.tsx [Client Component Browser]
    ./components/items/itemDrawer/DrawerEditContent.tsx [Client Component Browser]
    ./components/items/itemDrawer/ItemDrawer.tsx [Client Component Browser]
    ./components/items/itemDrawer/ItemDrawer.tsx [Server Component]
    ./app/dashboard/page.tsx [Server Component]

  Client Component SSR:
    ./components/ui/popover.tsx [Client Component SSR]
    ./components/collections/collectionPicker/CollectionPicker.tsx [Client Component SSR]
    ./components/items/itemDrawer/DrawerEditContent.tsx [Client Component SSR]
    ./components/items/itemDrawer/ItemDrawer.tsx [Client Component SSR]
    ./components/items/itemDrawer/ItemDrawer.tsx [Server Component]
    ./app/dashboard/page.tsx [Server Component]

https://nextjs.org/docs/messages/module-not-found @ http://localhost:3000/_next/static/chunks/node_modules_next_dist_0u_w_5s._.js:1945
[  638764ms] [ERROR] ./components/ui/popover.tsx:6:1
Module not found: Can't resolve '@/lib/utils'
  4 | import { Popover as PopoverPrimitive } from "radix-ui"
  5 |
> 6 | import { cn } from "@/lib/utils"
    | ^^^^^^^^^^^^^^^^^^^^^^^^^^^^^^^^
  7 |
  8 | function Popover({
  9 |   ...props

Import map: aliased to relative './lib/utils' inside of [project]/

Import traces:
  Client Component Browser:
    ./components/ui/popover.tsx [Client Component Browser]
    ./components/collections/collectionPicker/CollectionPicker.tsx [Client Component Browser]
    ./components/items/itemDrawer/DrawerEditContent.tsx [Client Component Browser]
    ./components/items/itemDrawer/ItemDrawer.tsx [Client Component Browser]
    ./components/items/itemDrawer/ItemDrawer.tsx [Server Component]
    ./app/dashboard/page.tsx [Server Component]

  Client Component SSR:
    ./components/ui/popover.tsx [Client Component SSR]
    ./components/collections/collectionPicker/CollectionPicker.tsx [Client Component SSR]
    ./components/items/itemDrawer/DrawerEditContent.tsx [Client Component SSR]
    ./components/items/itemDrawer/ItemDrawer.tsx [Client Component SSR]
    ./components/items/itemDrawer/ItemDrawer.tsx [Server Component]
    ./app/dashboard/page.tsx [Server Component]

https://nextjs.org/docs/messages/module-not-found @ http://localhost:3000/_next/static/chunks/node_modules_next_dist_0u_w_5s._.js:1945
[  638826ms] [ERROR] ./components/ui/popover.tsx:6:1
Module not found: Can't resolve '@/lib/utils'
  4 | import { Popover as PopoverPrimitive } from "radix-ui"
  5 |
> 6 | import { cn } from "@/lib/utils"
    | ^^^^^^^^^^^^^^^^^^^^^^^^^^^^^^^^
  7 |
  8 | function Popover({
  9 |   ...props

Import map: aliased to relative './lib/utils' inside of [project]/

Import traces:
  Client Component Browser:
    ./components/ui/popover.tsx [Client Component Browser]
    ./components/collections/collectionPicker/CollectionPicker.tsx [Client Component Browser]
    ./components/items/itemDrawer/DrawerEditContent.tsx [Client Component Browser]
    ./components/items/itemDrawer/ItemDrawer.tsx [Client Component Browser]
    ./components/items/itemDrawer/ItemDrawer.tsx [Server Component]
    ./app/dashboard/page.tsx [Server Component]

  Client Component SSR:
    ./components/ui/popover.tsx [Client Component SSR]
    ./components/collections/collectionPicker/CollectionPicker.tsx [Client Component SSR]
    ./components/items/itemDrawer/DrawerEditContent.tsx [Client Component SSR]
    ./components/items/itemDrawer/ItemDrawer.tsx [Client Component SSR]
    ./components/items/itemDrawer/ItemDrawer.tsx [Server Component]
    ./app/dashboard/page.tsx [Server Component]

https://nextjs.org/docs/messages/module-not-found @ http://localhost:3000/_next/static/chunks/node_modules_next_dist_0u_w_5s._.js:1945
[  638888ms] [ERROR] ./components/ui/popover.tsx:6:1
Module not found: Can't resolve '@/lib/utils'
  4 | import { Popover as PopoverPrimitive } from "radix-ui"
  5 |
> 6 | import { cn } from "@/lib/utils"
    | ^^^^^^^^^^^^^^^^^^^^^^^^^^^^^^^^
  7 |
  8 | function Popover({
  9 |   ...props

Import map: aliased to relative './lib/utils' inside of [project]/

Import traces:
  Client Component Browser:
    ./components/ui/popover.tsx [Client Component Browser]
    ./components/collections/collectionPicker/CollectionPicker.tsx [Client Component Browser]
    ./components/items/itemDrawer/DrawerEditContent.tsx [Client Component Browser]
    ./components/items/itemDrawer/ItemDrawer.tsx [Client Component Browser]
    ./components/items/itemDrawer/ItemDrawer.tsx [Server Component]
    ./app/dashboard/page.tsx [Server Component]

  Client Component SSR:
    ./components/ui/popover.tsx [Client Component SSR]
    ./components/collections/collectionPicker/CollectionPicker.tsx [Client Component SSR]
    ./components/items/itemDrawer/DrawerEditContent.tsx [Client Component SSR]
    ./components/items/itemDrawer/ItemDrawer.tsx [Client Component SSR]
    ./components/items/itemDrawer/ItemDrawer.tsx [Server Component]
    ./app/dashboard/page.tsx [Server Component]

https://nextjs.org/docs/messages/module-not-found @ http://localhost:3000/_next/static/chunks/node_modules_next_dist_0u_w_5s._.js:1945
[  638950ms] [ERROR] ./components/ui/popover.tsx:6:1
Module not found: Can't resolve '@/lib/utils'
  4 | import { Popover as PopoverPrimitive } from "radix-ui"
  5 |
> 6 | import { cn } from "@/lib/utils"
    | ^^^^^^^^^^^^^^^^^^^^^^^^^^^^^^^^
  7 |
  8 | function Popover({
  9 |   ...props

Import map: aliased to relative './lib/utils' inside of [project]/

Import traces:
  Client Component Browser:
    ./components/ui/popover.tsx [Client Component Browser]
    ./components/collections/collectionPicker/CollectionPicker.tsx [Client Component Browser]
    ./components/items/itemDrawer/DrawerEditContent.tsx [Client Component Browser]
    ./components/items/itemDrawer/ItemDrawer.tsx [Client Component Browser]
    ./components/items/itemDrawer/ItemDrawer.tsx [Server Component]
    ./app/dashboard/page.tsx [Server Component]

  Client Component SSR:
    ./components/ui/popover.tsx [Client Component SSR]
    ./components/collections/collectionPicker/CollectionPicker.tsx [Client Component SSR]
    ./components/items/itemDrawer/DrawerEditContent.tsx [Client Component SSR]
    ./components/items/itemDrawer/ItemDrawer.tsx [Client Component SSR]
    ./components/items/itemDrawer/ItemDrawer.tsx [Server Component]
    ./app/dashboard/page.tsx [Server Component]

https://nextjs.org/docs/messages/module-not-found @ http://localhost:3000/_next/static/chunks/node_modules_next_dist_0u_w_5s._.js:1945
[  639012ms] [ERROR] ./components/ui/popover.tsx:6:1
Module not found: Can't resolve '@/lib/utils'
  4 | import { Popover as PopoverPrimitive } from "radix-ui"
  5 |
> 6 | import { cn } from "@/lib/utils"
    | ^^^^^^^^^^^^^^^^^^^^^^^^^^^^^^^^
  7 |
  8 | function Popover({
  9 |   ...props

Import map: aliased to relative './lib/utils' inside of [project]/

Import traces:
  Client Component Browser:
    ./components/ui/popover.tsx [Client Component Browser]
    ./components/collections/collectionPicker/CollectionPicker.tsx [Client Component Browser]
    ./components/items/itemDrawer/DrawerEditContent.tsx [Client Component Browser]
    ./components/items/itemDrawer/ItemDrawer.tsx [Client Component Browser]
    ./components/items/itemDrawer/ItemDrawer.tsx [Server Component]
    ./app/dashboard/page.tsx [Server Component]

  Client Component SSR:
    ./components/ui/popover.tsx [Client Component SSR]
    ./components/collections/collectionPicker/CollectionPicker.tsx [Client Component SSR]
    ./components/items/itemDrawer/DrawerEditContent.tsx [Client Component SSR]
    ./components/items/itemDrawer/ItemDrawer.tsx [Client Component SSR]
    ./components/items/itemDrawer/ItemDrawer.tsx [Server Component]
    ./app/dashboard/page.tsx [Server Component]

https://nextjs.org/docs/messages/module-not-found @ http://localhost:3000/_next/static/chunks/node_modules_next_dist_0u_w_5s._.js:1945
[  639074ms] [ERROR] ./components/ui/popover.tsx:6:1
Module not found: Can't resolve '@/lib/utils'
  4 | import { Popover as PopoverPrimitive } from "radix-ui"
  5 |
> 6 | import { cn } from "@/lib/utils"
    | ^^^^^^^^^^^^^^^^^^^^^^^^^^^^^^^^
  7 |
  8 | function Popover({
  9 |   ...props

Import map: aliased to relative './lib/utils' inside of [project]/

Import traces:
  Client Component Browser:
    ./components/ui/popover.tsx [Client Component Browser]
    ./components/collections/collectionPicker/CollectionPicker.tsx [Client Component Browser]
    ./components/items/itemDrawer/DrawerEditContent.tsx [Client Component Browser]
    ./components/items/itemDrawer/ItemDrawer.tsx [Client Component Browser]
    ./components/items/itemDrawer/ItemDrawer.tsx [Server Component]
    ./app/dashboard/page.tsx [Server Component]

  Client Component SSR:
    ./components/ui/popover.tsx [Client Component SSR]
    ./components/collections/collectionPicker/CollectionPicker.tsx [Client Component SSR]
    ./components/items/itemDrawer/DrawerEditContent.tsx [Client Component SSR]
    ./components/items/itemDrawer/ItemDrawer.tsx [Client Component SSR]
    ./components/items/itemDrawer/ItemDrawer.tsx [Server Component]
    ./app/dashboard/page.tsx [Server Component]

https://nextjs.org/docs/messages/module-not-found @ http://localhost:3000/_next/static/chunks/node_modules_next_dist_0u_w_5s._.js:1945
[  639136ms] [ERROR] ./components/ui/popover.tsx:6:1
Module not found: Can't resolve '@/lib/utils'
  4 | import { Popover as PopoverPrimitive } from "radix-ui"
  5 |
> 6 | import { cn } from "@/lib/utils"
    | ^^^^^^^^^^^^^^^^^^^^^^^^^^^^^^^^
  7 |
  8 | function Popover({
  9 |   ...props

Import map: aliased to relative './lib/utils' inside of [project]/

Import traces:
  Client Component Browser:
    ./components/ui/popover.tsx [Client Component Browser]
    ./components/collections/collectionPicker/CollectionPicker.tsx [Client Component Browser]
    ./components/items/itemDrawer/DrawerEditContent.tsx [Client Component Browser]
    ./components/items/itemDrawer/ItemDrawer.tsx [Client Component Browser]
    ./components/items/itemDrawer/ItemDrawer.tsx [Server Component]
    ./app/dashboard/page.tsx [Server Component]

  Client Component SSR:
    ./components/ui/popover.tsx [Client Component SSR]
    ./components/collections/collectionPicker/CollectionPicker.tsx [Client Component SSR]
    ./components/items/itemDrawer/DrawerEditContent.tsx [Client Component SSR]
    ./components/items/itemDrawer/ItemDrawer.tsx [Client Component SSR]
    ./components/items/itemDrawer/ItemDrawer.tsx [Server Component]
    ./app/dashboard/page.tsx [Server Component]

https://nextjs.org/docs/messages/module-not-found @ http://localhost:3000/_next/static/chunks/node_modules_next_dist_0u_w_5s._.js:1945
[  639199ms] [ERROR] ./components/ui/popover.tsx:6:1
Module not found: Can't resolve '@/lib/utils'
  4 | import { Popover as PopoverPrimitive } from "radix-ui"
  5 |
> 6 | import { cn } from "@/lib/utils"
    | ^^^^^^^^^^^^^^^^^^^^^^^^^^^^^^^^
  7 |
  8 | function Popover({
  9 |   ...props

Import map: aliased to relative './lib/utils' inside of [project]/

Import traces:
  Client Component Browser:
    ./components/ui/popover.tsx [Client Component Browser]
    ./components/collections/collectionPicker/CollectionPicker.tsx [Client Component Browser]
    ./components/items/itemDrawer/DrawerEditContent.tsx [Client Component Browser]
    ./components/items/itemDrawer/ItemDrawer.tsx [Client Component Browser]
    ./components/items/itemDrawer/ItemDrawer.tsx [Server Component]
    ./app/dashboard/page.tsx [Server Component]

  Client Component SSR:
    ./components/ui/popover.tsx [Client Component SSR]
    ./components/collections/collectionPicker/CollectionPicker.tsx [Client Component SSR]
    ./components/items/itemDrawer/DrawerEditContent.tsx [Client Component SSR]
    ./components/items/itemDrawer/ItemDrawer.tsx [Client Component SSR]
    ./components/items/itemDrawer/ItemDrawer.tsx [Server Component]
    ./app/dashboard/page.tsx [Server Component]

https://nextjs.org/docs/messages/module-not-found @ http://localhost:3000/_next/static/chunks/node_modules_next_dist_0u_w_5s._.js:1945
[  639261ms] [ERROR] ./components/ui/popover.tsx:6:1
Module not found: Can't resolve '@/lib/utils'
  4 | import { Popover as PopoverPrimitive } from "radix-ui"
  5 |
> 6 | import { cn } from "@/lib/utils"
    | ^^^^^^^^^^^^^^^^^^^^^^^^^^^^^^^^
  7 |
  8 | function Popover({
  9 |   ...props

Import map: aliased to relative './lib/utils' inside of [project]/

Import traces:
  Client Component Browser:
    ./components/ui/popover.tsx [Client Component Browser]
    ./components/collections/collectionPicker/CollectionPicker.tsx [Client Component Browser]
    ./components/items/itemDrawer/DrawerEditContent.tsx [Client Component Browser]
    ./components/items/itemDrawer/ItemDrawer.tsx [Client Component Browser]
    ./components/items/itemDrawer/ItemDrawer.tsx [Server Component]
    ./app/dashboard/page.tsx [Server Component]

  Client Component SSR:
    ./components/ui/popover.tsx [Client Component SSR]
    ./components/collections/collectionPicker/CollectionPicker.tsx [Client Component SSR]
    ./components/items/itemDrawer/DrawerEditContent.tsx [Client Component SSR]
    ./components/items/itemDrawer/ItemDrawer.tsx [Client Component SSR]
    ./components/items/itemDrawer/ItemDrawer.tsx [Server Component]
    ./app/dashboard/page.tsx [Server Component]

https://nextjs.org/docs/messages/module-not-found @ http://localhost:3000/_next/static/chunks/node_modules_next_dist_0u_w_5s._.js:1945
[  639323ms] [ERROR] ./components/ui/popover.tsx:6:1
Module not found: Can't resolve '@/lib/utils'
  4 | import { Popover as PopoverPrimitive } from "radix-ui"
  5 |
> 6 | import { cn } from "@/lib/utils"
    | ^^^^^^^^^^^^^^^^^^^^^^^^^^^^^^^^
  7 |
  8 | function Popover({
  9 |   ...props

Import map: aliased to relative './lib/utils' inside of [project]/

Import traces:
  Client Component Browser:
    ./components/ui/popover.tsx [Client Component Browser]
    ./components/collections/collectionPicker/CollectionPicker.tsx [Client Component Browser]
    ./components/items/itemDrawer/DrawerEditContent.tsx [Client Component Browser]
    ./components/items/itemDrawer/ItemDrawer.tsx [Client Component Browser]
    ./components/items/itemDrawer/ItemDrawer.tsx [Server Component]
    ./app/dashboard/page.tsx [Server Component]

  Client Component SSR:
    ./components/ui/popover.tsx [Client Component SSR]
    ./components/collections/collectionPicker/CollectionPicker.tsx [Client Component SSR]
    ./components/items/itemDrawer/DrawerEditContent.tsx [Client Component SSR]
    ./components/items/itemDrawer/ItemDrawer.tsx [Client Component SSR]
    ./components/items/itemDrawer/ItemDrawer.tsx [Server Component]
    ./app/dashboard/page.tsx [Server Component]

https://nextjs.org/docs/messages/module-not-found @ http://localhost:3000/_next/static/chunks/node_modules_next_dist_0u_w_5s._.js:1945
[  639385ms] [ERROR] ./components/ui/popover.tsx:6:1
Module not found: Can't resolve '@/lib/utils'
  4 | import { Popover as PopoverPrimitive } from "radix-ui"
  5 |
> 6 | import { cn } from "@/lib/utils"
    | ^^^^^^^^^^^^^^^^^^^^^^^^^^^^^^^^
  7 |
  8 | function Popover({
  9 |   ...props

Import map: aliased to relative './lib/utils' inside of [project]/

Import traces:
  Client Component Browser:
    ./components/ui/popover.tsx [Client Component Browser]
    ./components/collections/collectionPicker/CollectionPicker.tsx [Client Component Browser]
    ./components/items/itemDrawer/DrawerEditContent.tsx [Client Component Browser]
    ./components/items/itemDrawer/ItemDrawer.tsx [Client Component Browser]
    ./components/items/itemDrawer/ItemDrawer.tsx [Server Component]
    ./app/dashboard/page.tsx [Server Component]

  Client Component SSR:
    ./components/ui/popover.tsx [Client Component SSR]
    ./components/collections/collectionPicker/CollectionPicker.tsx [Client Component SSR]
    ./components/items/itemDrawer/DrawerEditContent.tsx [Client Component SSR]
    ./components/items/itemDrawer/ItemDrawer.tsx [Client Component SSR]
    ./components/items/itemDrawer/ItemDrawer.tsx [Server Component]
    ./app/dashboard/page.tsx [Server Component]

https://nextjs.org/docs/messages/module-not-found @ http://localhost:3000/_next/static/chunks/node_modules_next_dist_0u_w_5s._.js:1945
[  639448ms] [ERROR] ./components/ui/popover.tsx:6:1
Module not found: Can't resolve '@/lib/utils'
  4 | import { Popover as PopoverPrimitive } from "radix-ui"
  5 |
> 6 | import { cn } from "@/lib/utils"
    | ^^^^^^^^^^^^^^^^^^^^^^^^^^^^^^^^
  7 |
  8 | function Popover({
  9 |   ...props

Import map: aliased to relative './lib/utils' inside of [project]/

Import traces:
  Client Component Browser:
    ./components/ui/popover.tsx [Client Component Browser]
    ./components/collections/collectionPicker/CollectionPicker.tsx [Client Component Browser]
    ./components/items/itemDrawer/DrawerEditContent.tsx [Client Component Browser]
    ./components/items/itemDrawer/ItemDrawer.tsx [Client Component Browser]
    ./components/items/itemDrawer/ItemDrawer.tsx [Server Component]
    ./app/dashboard/page.tsx [Server Component]

  Client Component SSR:
    ./components/ui/popover.tsx [Client Component SSR]
    ./components/collections/collectionPicker/CollectionPicker.tsx [Client Component SSR]
    ./components/items/itemDrawer/DrawerEditContent.tsx [Client Component SSR]
    ./components/items/itemDrawer/ItemDrawer.tsx [Client Component SSR]
    ./components/items/itemDrawer/ItemDrawer.tsx [Server Component]
    ./app/dashboard/page.tsx [Server Component]

https://nextjs.org/docs/messages/module-not-found @ http://localhost:3000/_next/static/chunks/node_modules_next_dist_0u_w_5s._.js:1945
[  639510ms] [ERROR] ./components/ui/popover.tsx:6:1
Module not found: Can't resolve '@/lib/utils'
  4 | import { Popover as PopoverPrimitive } from "radix-ui"
  5 |
> 6 | import { cn } from "@/lib/utils"
    | ^^^^^^^^^^^^^^^^^^^^^^^^^^^^^^^^
  7 |
  8 | function Popover({
  9 |   ...props

Import map: aliased to relative './lib/utils' inside of [project]/

Import traces:
  Client Component Browser:
    ./components/ui/popover.tsx [Client Component Browser]
    ./components/collections/collectionPicker/CollectionPicker.tsx [Client Component Browser]
    ./components/items/itemDrawer/DrawerEditContent.tsx [Client Component Browser]
    ./components/items/itemDrawer/ItemDrawer.tsx [Client Component Browser]
    ./components/items/itemDrawer/ItemDrawer.tsx [Server Component]
    ./app/dashboard/page.tsx [Server Component]

  Client Component SSR:
    ./components/ui/popover.tsx [Client Component SSR]
    ./components/collections/collectionPicker/CollectionPicker.tsx [Client Component SSR]
    ./components/items/itemDrawer/DrawerEditContent.tsx [Client Component SSR]
    ./components/items/itemDrawer/ItemDrawer.tsx [Client Component SSR]
    ./components/items/itemDrawer/ItemDrawer.tsx [Server Component]
    ./app/dashboard/page.tsx [Server Component]

https://nextjs.org/docs/messages/module-not-found @ http://localhost:3000/_next/static/chunks/node_modules_next_dist_0u_w_5s._.js:1945
[  639571ms] [ERROR] ./components/ui/popover.tsx:6:1
Module not found: Can't resolve '@/lib/utils'
  4 | import { Popover as PopoverPrimitive } from "radix-ui"
  5 |
> 6 | import { cn } from "@/lib/utils"
    | ^^^^^^^^^^^^^^^^^^^^^^^^^^^^^^^^
  7 |
  8 | function Popover({
  9 |   ...props

Import map: aliased to relative './lib/utils' inside of [project]/

Import traces:
  Client Component Browser:
    ./components/ui/popover.tsx [Client Component Browser]
    ./components/collections/collectionPicker/CollectionPicker.tsx [Client Component Browser]
    ./components/items/itemDrawer/DrawerEditContent.tsx [Client Component Browser]
    ./components/items/itemDrawer/ItemDrawer.tsx [Client Component Browser]
    ./components/items/itemDrawer/ItemDrawer.tsx [Server Component]
    ./app/dashboard/page.tsx [Server Component]

  Client Component SSR:
    ./components/ui/popover.tsx [Client Component SSR]
    ./components/collections/collectionPicker/CollectionPicker.tsx [Client Component SSR]
    ./components/items/itemDrawer/DrawerEditContent.tsx [Client Component SSR]
    ./components/items/itemDrawer/ItemDrawer.tsx [Client Component SSR]
    ./components/items/itemDrawer/ItemDrawer.tsx [Server Component]
    ./app/dashboard/page.tsx [Server Component]

https://nextjs.org/docs/messages/module-not-found @ http://localhost:3000/_next/static/chunks/node_modules_next_dist_0u_w_5s._.js:1945
[  639634ms] [ERROR] ./components/ui/popover.tsx:6:1
Module not found: Can't resolve '@/lib/utils'
  4 | import { Popover as PopoverPrimitive } from "radix-ui"
  5 |
> 6 | import { cn } from "@/lib/utils"
    | ^^^^^^^^^^^^^^^^^^^^^^^^^^^^^^^^
  7 |
  8 | function Popover({
  9 |   ...props

Import map: aliased to relative './lib/utils' inside of [project]/

Import traces:
  Client Component Browser:
    ./components/ui/popover.tsx [Client Component Browser]
    ./components/collections/collectionPicker/CollectionPicker.tsx [Client Component Browser]
    ./components/items/itemDrawer/DrawerEditContent.tsx [Client Component Browser]
    ./components/items/itemDrawer/ItemDrawer.tsx [Client Component Browser]
    ./components/items/itemDrawer/ItemDrawer.tsx [Server Component]
    ./app/dashboard/page.tsx [Server Component]

  Client Component SSR:
    ./components/ui/popover.tsx [Client Component SSR]
    ./components/collections/collectionPicker/CollectionPicker.tsx [Client Component SSR]
    ./components/items/itemDrawer/DrawerEditContent.tsx [Client Component SSR]
    ./components/items/itemDrawer/ItemDrawer.tsx [Client Component SSR]
    ./components/items/itemDrawer/ItemDrawer.tsx [Server Component]
    ./app/dashboard/page.tsx [Server Component]

https://nextjs.org/docs/messages/module-not-found @ http://localhost:3000/_next/static/chunks/node_modules_next_dist_0u_w_5s._.js:1945
[  639697ms] [ERROR] ./components/ui/popover.tsx:6:1
Module not found: Can't resolve '@/lib/utils'
  4 | import { Popover as PopoverPrimitive } from "radix-ui"
  5 |
> 6 | import { cn } from "@/lib/utils"
    | ^^^^^^^^^^^^^^^^^^^^^^^^^^^^^^^^
  7 |
  8 | function Popover({
  9 |   ...props

Import map: aliased to relative './lib/utils' inside of [project]/

Import traces:
  Client Component Browser:
    ./components/ui/popover.tsx [Client Component Browser]
    ./components/collections/collectionPicker/CollectionPicker.tsx [Client Component Browser]
    ./components/items/itemDrawer/DrawerEditContent.tsx [Client Component Browser]
    ./components/items/itemDrawer/ItemDrawer.tsx [Client Component Browser]
    ./components/items/itemDrawer/ItemDrawer.tsx [Server Component]
    ./app/dashboard/page.tsx [Server Component]

  Client Component SSR:
    ./components/ui/popover.tsx [Client Component SSR]
    ./components/collections/collectionPicker/CollectionPicker.tsx [Client Component SSR]
    ./components/items/itemDrawer/DrawerEditContent.tsx [Client Component SSR]
    ./components/items/itemDrawer/ItemDrawer.tsx [Client Component SSR]
    ./components/items/itemDrawer/ItemDrawer.tsx [Server Component]
    ./app/dashboard/page.tsx [Server Component]

https://nextjs.org/docs/messages/module-not-found @ http://localhost:3000/_next/static/chunks/node_modules_next_dist_0u_w_5s._.js:1945
[  639758ms] [ERROR] ./components/ui/popover.tsx:6:1
Module not found: Can't resolve '@/lib/utils'
  4 | import { Popover as PopoverPrimitive } from "radix-ui"
  5 |
> 6 | import { cn } from "@/lib/utils"
    | ^^^^^^^^^^^^^^^^^^^^^^^^^^^^^^^^
  7 |
  8 | function Popover({
  9 |   ...props

Import map: aliased to relative './lib/utils' inside of [project]/

Import traces:
  Client Component Browser:
    ./components/ui/popover.tsx [Client Component Browser]
    ./components/collections/collectionPicker/CollectionPicker.tsx [Client Component Browser]
    ./components/items/itemDrawer/DrawerEditContent.tsx [Client Component Browser]
    ./components/items/itemDrawer/ItemDrawer.tsx [Client Component Browser]
    ./components/items/itemDrawer/ItemDrawer.tsx [Server Component]
    ./app/dashboard/page.tsx [Server Component]

  Client Component SSR:
    ./components/ui/popover.tsx [Client Component SSR]
    ./components/collections/collectionPicker/CollectionPicker.tsx [Client Component SSR]
    ./components/items/itemDrawer/DrawerEditContent.tsx [Client Component SSR]
    ./components/items/itemDrawer/ItemDrawer.tsx [Client Component SSR]
    ./components/items/itemDrawer/ItemDrawer.tsx [Server Component]
    ./app/dashboard/page.tsx [Server Component]

https://nextjs.org/docs/messages/module-not-found @ http://localhost:3000/_next/static/chunks/node_modules_next_dist_0u_w_5s._.js:1945
[  639821ms] [ERROR] ./components/ui/popover.tsx:6:1
Module not found: Can't resolve '@/lib/utils'
  4 | import { Popover as PopoverPrimitive } from "radix-ui"
  5 |
> 6 | import { cn } from "@/lib/utils"
    | ^^^^^^^^^^^^^^^^^^^^^^^^^^^^^^^^
  7 |
  8 | function Popover({
  9 |   ...props

Import map: aliased to relative './lib/utils' inside of [project]/

Import traces:
  Client Component Browser:
    ./components/ui/popover.tsx [Client Component Browser]
    ./components/collections/collectionPicker/CollectionPicker.tsx [Client Component Browser]
    ./components/items/itemDrawer/DrawerEditContent.tsx [Client Component Browser]
    ./components/items/itemDrawer/ItemDrawer.tsx [Client Component Browser]
    ./components/items/itemDrawer/ItemDrawer.tsx [Server Component]
    ./app/dashboard/page.tsx [Server Component]

  Client Component SSR:
    ./components/ui/popover.tsx [Client Component SSR]
    ./components/collections/collectionPicker/CollectionPicker.tsx [Client Component SSR]
    ./components/items/itemDrawer/DrawerEditContent.tsx [Client Component SSR]
    ./components/items/itemDrawer/ItemDrawer.tsx [Client Component SSR]
    ./components/items/itemDrawer/ItemDrawer.tsx [Server Component]
    ./app/dashboard/page.tsx [Server Component]

https://nextjs.org/docs/messages/module-not-found @ http://localhost:3000/_next/static/chunks/node_modules_next_dist_0u_w_5s._.js:1945
[  639884ms] [ERROR] ./components/ui/popover.tsx:6:1
Module not found: Can't resolve '@/lib/utils'
  4 | import { Popover as PopoverPrimitive } from "radix-ui"
  5 |
> 6 | import { cn } from "@/lib/utils"
    | ^^^^^^^^^^^^^^^^^^^^^^^^^^^^^^^^
  7 |
  8 | function Popover({
  9 |   ...props

Import map: aliased to relative './lib/utils' inside of [project]/

Import traces:
  Client Component Browser:
    ./components/ui/popover.tsx [Client Component Browser]
    ./components/collections/collectionPicker/CollectionPicker.tsx [Client Component Browser]
    ./components/items/itemDrawer/DrawerEditContent.tsx [Client Component Browser]
    ./components/items/itemDrawer/ItemDrawer.tsx [Client Component Browser]
    ./components/items/itemDrawer/ItemDrawer.tsx [Server Component]
    ./app/dashboard/page.tsx [Server Component]

  Client Component SSR:
    ./components/ui/popover.tsx [Client Component SSR]
    ./components/collections/collectionPicker/CollectionPicker.tsx [Client Component SSR]
    ./components/items/itemDrawer/DrawerEditContent.tsx [Client Component SSR]
    ./components/items/itemDrawer/ItemDrawer.tsx [Client Component SSR]
    ./components/items/itemDrawer/ItemDrawer.tsx [Server Component]
    ./app/dashboard/page.tsx [Server Component]

https://nextjs.org/docs/messages/module-not-found @ http://localhost:3000/_next/static/chunks/node_modules_next_dist_0u_w_5s._.js:1945
[  639945ms] [ERROR] ./components/ui/popover.tsx:6:1
Module not found: Can't resolve '@/lib/utils'
  4 | import { Popover as PopoverPrimitive } from "radix-ui"
  5 |
> 6 | import { cn } from "@/lib/utils"
    | ^^^^^^^^^^^^^^^^^^^^^^^^^^^^^^^^
  7 |
  8 | function Popover({
  9 |   ...props

Import map: aliased to relative './lib/utils' inside of [project]/

Import traces:
  Client Component Browser:
    ./components/ui/popover.tsx [Client Component Browser]
    ./components/collections/collectionPicker/CollectionPicker.tsx [Client Component Browser]
    ./components/items/itemDrawer/DrawerEditContent.tsx [Client Component Browser]
    ./components/items/itemDrawer/ItemDrawer.tsx [Client Component Browser]
    ./components/items/itemDrawer/ItemDrawer.tsx [Server Component]
    ./app/dashboard/page.tsx [Server Component]

  Client Component SSR:
    ./components/ui/popover.tsx [Client Component SSR]
    ./components/collections/collectionPicker/CollectionPicker.tsx [Client Component SSR]
    ./components/items/itemDrawer/DrawerEditContent.tsx [Client Component SSR]
    ./components/items/itemDrawer/ItemDrawer.tsx [Client Component SSR]
    ./components/items/itemDrawer/ItemDrawer.tsx [Server Component]
    ./app/dashboard/page.tsx [Server Component]

https://nextjs.org/docs/messages/module-not-found @ http://localhost:3000/_next/static/chunks/node_modules_next_dist_0u_w_5s._.js:1945
[  640008ms] [ERROR] ./components/ui/popover.tsx:6:1
Module not found: Can't resolve '@/lib/utils'
  4 | import { Popover as PopoverPrimitive } from "radix-ui"
  5 |
> 6 | import { cn } from "@/lib/utils"
    | ^^^^^^^^^^^^^^^^^^^^^^^^^^^^^^^^
  7 |
  8 | function Popover({
  9 |   ...props

Import map: aliased to relative './lib/utils' inside of [project]/

Import traces:
  Client Component Browser:
    ./components/ui/popover.tsx [Client Component Browser]
    ./components/collections/collectionPicker/CollectionPicker.tsx [Client Component Browser]
    ./components/items/itemDrawer/DrawerEditContent.tsx [Client Component Browser]
    ./components/items/itemDrawer/ItemDrawer.tsx [Client Component Browser]
    ./components/items/itemDrawer/ItemDrawer.tsx [Server Component]
    ./app/dashboard/page.tsx [Server Component]

  Client Component SSR:
    ./components/ui/popover.tsx [Client Component SSR]
    ./components/collections/collectionPicker/CollectionPicker.tsx [Client Component SSR]
    ./components/items/itemDrawer/DrawerEditContent.tsx [Client Component SSR]
    ./components/items/itemDrawer/ItemDrawer.tsx [Client Component SSR]
    ./components/items/itemDrawer/ItemDrawer.tsx [Server Component]
    ./app/dashboard/page.tsx [Server Component]

https://nextjs.org/docs/messages/module-not-found @ http://localhost:3000/_next/static/chunks/node_modules_next_dist_0u_w_5s._.js:1945
[  640070ms] [ERROR] ./components/ui/popover.tsx:6:1
Module not found: Can't resolve '@/lib/utils'
  4 | import { Popover as PopoverPrimitive } from "radix-ui"
  5 |
> 6 | import { cn } from "@/lib/utils"
    | ^^^^^^^^^^^^^^^^^^^^^^^^^^^^^^^^
  7 |
  8 | function Popover({
  9 |   ...props

Import map: aliased to relative './lib/utils' inside of [project]/

Import traces:
  Client Component Browser:
    ./components/ui/popover.tsx [Client Component Browser]
    ./components/collections/collectionPicker/CollectionPicker.tsx [Client Component Browser]
    ./components/items/itemDrawer/DrawerEditContent.tsx [Client Component Browser]
    ./components/items/itemDrawer/ItemDrawer.tsx [Client Component Browser]
    ./components/items/itemDrawer/ItemDrawer.tsx [Server Component]
    ./app/dashboard/page.tsx [Server Component]

  Client Component SSR:
    ./components/ui/popover.tsx [Client Component SSR]
    ./components/collections/collectionPicker/CollectionPicker.tsx [Client Component SSR]
    ./components/items/itemDrawer/DrawerEditContent.tsx [Client Component SSR]
    ./components/items/itemDrawer/ItemDrawer.tsx [Client Component SSR]
    ./components/items/itemDrawer/ItemDrawer.tsx [Server Component]
    ./app/dashboard/page.tsx [Server Component]

https://nextjs.org/docs/messages/module-not-found @ http://localhost:3000/_next/static/chunks/node_modules_next_dist_0u_w_5s._.js:1945
[  640133ms] [ERROR] ./components/ui/popover.tsx:6:1
Module not found: Can't resolve '@/lib/utils'
  4 | import { Popover as PopoverPrimitive } from "radix-ui"
  5 |
> 6 | import { cn } from "@/lib/utils"
    | ^^^^^^^^^^^^^^^^^^^^^^^^^^^^^^^^
  7 |
  8 | function Popover({
  9 |   ...props

Import map: aliased to relative './lib/utils' inside of [project]/

Import traces:
  Client Component Browser:
    ./components/ui/popover.tsx [Client Component Browser]
    ./components/collections/collectionPicker/CollectionPicker.tsx [Client Component Browser]
    ./components/items/itemDrawer/DrawerEditContent.tsx [Client Component Browser]
    ./components/items/itemDrawer/ItemDrawer.tsx [Client Component Browser]
    ./components/items/itemDrawer/ItemDrawer.tsx [Server Component]
    ./app/dashboard/page.tsx [Server Component]

  Client Component SSR:
    ./components/ui/popover.tsx [Client Component SSR]
    ./components/collections/collectionPicker/CollectionPicker.tsx [Client Component SSR]
    ./components/items/itemDrawer/DrawerEditContent.tsx [Client Component SSR]
    ./components/items/itemDrawer/ItemDrawer.tsx [Client Component SSR]
    ./components/items/itemDrawer/ItemDrawer.tsx [Server Component]
    ./app/dashboard/page.tsx [Server Component]

https://nextjs.org/docs/messages/module-not-found @ http://localhost:3000/_next/static/chunks/node_modules_next_dist_0u_w_5s._.js:1945
[  640194ms] [ERROR] ./components/ui/popover.tsx:6:1
Module not found: Can't resolve '@/lib/utils'
  4 | import { Popover as PopoverPrimitive } from "radix-ui"
  5 |
> 6 | import { cn } from "@/lib/utils"
    | ^^^^^^^^^^^^^^^^^^^^^^^^^^^^^^^^
  7 |
  8 | function Popover({
  9 |   ...props

Import map: aliased to relative './lib/utils' inside of [project]/

Import traces:
  Client Component Browser:
    ./components/ui/popover.tsx [Client Component Browser]
    ./components/collections/collectionPicker/CollectionPicker.tsx [Client Component Browser]
    ./components/items/itemDrawer/DrawerEditContent.tsx [Client Component Browser]
    ./components/items/itemDrawer/ItemDrawer.tsx [Client Component Browser]
    ./components/items/itemDrawer/ItemDrawer.tsx [Server Component]
    ./app/dashboard/page.tsx [Server Component]

  Client Component SSR:
    ./components/ui/popover.tsx [Client Component SSR]
    ./components/collections/collectionPicker/CollectionPicker.tsx [Client Component SSR]
    ./components/items/itemDrawer/DrawerEditContent.tsx [Client Component SSR]
    ./components/items/itemDrawer/ItemDrawer.tsx [Client Component SSR]
    ./components/items/itemDrawer/ItemDrawer.tsx [Server Component]
    ./app/dashboard/page.tsx [Server Component]

https://nextjs.org/docs/messages/module-not-found @ http://localhost:3000/_next/static/chunks/node_modules_next_dist_0u_w_5s._.js:1945
[  640256ms] [ERROR] ./components/ui/popover.tsx:6:1
Module not found: Can't resolve '@/lib/utils'
  4 | import { Popover as PopoverPrimitive } from "radix-ui"
  5 |
> 6 | import { cn } from "@/lib/utils"
    | ^^^^^^^^^^^^^^^^^^^^^^^^^^^^^^^^
  7 |
  8 | function Popover({
  9 |   ...props

Import map: aliased to relative './lib/utils' inside of [project]/

Import traces:
  Client Component Browser:
    ./components/ui/popover.tsx [Client Component Browser]
    ./components/collections/collectionPicker/CollectionPicker.tsx [Client Component Browser]
    ./components/items/itemDrawer/DrawerEditContent.tsx [Client Component Browser]
    ./components/items/itemDrawer/ItemDrawer.tsx [Client Component Browser]
    ./components/items/itemDrawer/ItemDrawer.tsx [Server Component]
    ./app/dashboard/page.tsx [Server Component]

  Client Component SSR:
    ./components/ui/popover.tsx [Client Component SSR]
    ./components/collections/collectionPicker/CollectionPicker.tsx [Client Component SSR]
    ./components/items/itemDrawer/DrawerEditContent.tsx [Client Component SSR]
    ./components/items/itemDrawer/ItemDrawer.tsx [Client Component SSR]
    ./components/items/itemDrawer/ItemDrawer.tsx [Server Component]
    ./app/dashboard/page.tsx [Server Component]

https://nextjs.org/docs/messages/module-not-found @ http://localhost:3000/_next/static/chunks/node_modules_next_dist_0u_w_5s._.js:1945
[  640317ms] [ERROR] ./components/ui/popover.tsx:6:1
Module not found: Can't resolve '@/lib/utils'
  4 | import { Popover as PopoverPrimitive } from "radix-ui"
  5 |
> 6 | import { cn } from "@/lib/utils"
    | ^^^^^^^^^^^^^^^^^^^^^^^^^^^^^^^^
  7 |
  8 | function Popover({
  9 |   ...props

Import map: aliased to relative './lib/utils' inside of [project]/

Import traces:
  Client Component Browser:
    ./components/ui/popover.tsx [Client Component Browser]
    ./components/collections/collectionPicker/CollectionPicker.tsx [Client Component Browser]
    ./components/items/itemDrawer/DrawerEditContent.tsx [Client Component Browser]
    ./components/items/itemDrawer/ItemDrawer.tsx [Client Component Browser]
    ./components/items/itemDrawer/ItemDrawer.tsx [Server Component]
    ./app/dashboard/page.tsx [Server Component]

  Client Component SSR:
    ./components/ui/popover.tsx [Client Component SSR]
    ./components/collections/collectionPicker/CollectionPicker.tsx [Client Component SSR]
    ./components/items/itemDrawer/DrawerEditContent.tsx [Client Component SSR]
    ./components/items/itemDrawer/ItemDrawer.tsx [Client Component SSR]
    ./components/items/itemDrawer/ItemDrawer.tsx [Server Component]
    ./app/dashboard/page.tsx [Server Component]

https://nextjs.org/docs/messages/module-not-found @ http://localhost:3000/_next/static/chunks/node_modules_next_dist_0u_w_5s._.js:1945
[  640382ms] [ERROR] ./components/ui/popover.tsx:6:1
Module not found: Can't resolve '@/lib/utils'
  4 | import { Popover as PopoverPrimitive } from "radix-ui"
  5 |
> 6 | import { cn } from "@/lib/utils"
    | ^^^^^^^^^^^^^^^^^^^^^^^^^^^^^^^^
  7 |
  8 | function Popover({
  9 |   ...props

Import map: aliased to relative './lib/utils' inside of [project]/

Import traces:
  Client Component Browser:
    ./components/ui/popover.tsx [Client Component Browser]
    ./components/collections/collectionPicker/CollectionPicker.tsx [Client Component Browser]
    ./components/items/itemDrawer/DrawerEditContent.tsx [Client Component Browser]
    ./components/items/itemDrawer/ItemDrawer.tsx [Client Component Browser]
    ./components/items/itemDrawer/ItemDrawer.tsx [Server Component]
    ./app/dashboard/page.tsx [Server Component]

  Client Component SSR:
    ./components/ui/popover.tsx [Client Component SSR]
    ./components/collections/collectionPicker/CollectionPicker.tsx [Client Component SSR]
    ./components/items/itemDrawer/DrawerEditContent.tsx [Client Component SSR]
    ./components/items/itemDrawer/ItemDrawer.tsx [Client Component SSR]
    ./components/items/itemDrawer/ItemDrawer.tsx [Server Component]
    ./app/dashboard/page.tsx [Server Component]

https://nextjs.org/docs/messages/module-not-found @ http://localhost:3000/_next/static/chunks/node_modules_next_dist_0u_w_5s._.js:1945
[  640443ms] [ERROR] ./components/ui/popover.tsx:6:1
Module not found: Can't resolve '@/lib/utils'
  4 | import { Popover as PopoverPrimitive } from "radix-ui"
  5 |
> 6 | import { cn } from "@/lib/utils"
    | ^^^^^^^^^^^^^^^^^^^^^^^^^^^^^^^^
  7 |
  8 | function Popover({
  9 |   ...props

Import map: aliased to relative './lib/utils' inside of [project]/

Import traces:
  Client Component Browser:
    ./components/ui/popover.tsx [Client Component Browser]
    ./components/collections/collectionPicker/CollectionPicker.tsx [Client Component Browser]
    ./components/items/itemDrawer/DrawerEditContent.tsx [Client Component Browser]
    ./components/items/itemDrawer/ItemDrawer.tsx [Client Component Browser]
    ./components/items/itemDrawer/ItemDrawer.tsx [Server Component]
    ./app/dashboard/page.tsx [Server Component]

  Client Component SSR:
    ./components/ui/popover.tsx [Client Component SSR]
    ./components/collections/collectionPicker/CollectionPicker.tsx [Client Component SSR]
    ./components/items/itemDrawer/DrawerEditContent.tsx [Client Component SSR]
    ./components/items/itemDrawer/ItemDrawer.tsx [Client Component SSR]
    ./components/items/itemDrawer/ItemDrawer.tsx [Server Component]
    ./app/dashboard/page.tsx [Server Component]

https://nextjs.org/docs/messages/module-not-found @ http://localhost:3000/_next/static/chunks/node_modules_next_dist_0u_w_5s._.js:1945
[  640505ms] [ERROR] ./components/ui/popover.tsx:6:1
Module not found: Can't resolve '@/lib/utils'
  4 | import { Popover as PopoverPrimitive } from "radix-ui"
  5 |
> 6 | import { cn } from "@/lib/utils"
    | ^^^^^^^^^^^^^^^^^^^^^^^^^^^^^^^^
  7 |
  8 | function Popover({
  9 |   ...props

Import map: aliased to relative './lib/utils' inside of [project]/

Import traces:
  Client Component Browser:
    ./components/ui/popover.tsx [Client Component Browser]
    ./components/collections/collectionPicker/CollectionPicker.tsx [Client Component Browser]
    ./components/items/itemDrawer/DrawerEditContent.tsx [Client Component Browser]
    ./components/items/itemDrawer/ItemDrawer.tsx [Client Component Browser]
    ./components/items/itemDrawer/ItemDrawer.tsx [Server Component]
    ./app/dashboard/page.tsx [Server Component]

  Client Component SSR:
    ./components/ui/popover.tsx [Client Component SSR]
    ./components/collections/collectionPicker/CollectionPicker.tsx [Client Component SSR]
    ./components/items/itemDrawer/DrawerEditContent.tsx [Client Component SSR]
    ./components/items/itemDrawer/ItemDrawer.tsx [Client Component SSR]
    ./components/items/itemDrawer/ItemDrawer.tsx [Server Component]
    ./app/dashboard/page.tsx [Server Component]

https://nextjs.org/docs/messages/module-not-found @ http://localhost:3000/_next/static/chunks/node_modules_next_dist_0u_w_5s._.js:1945
[  640566ms] [ERROR] ./components/ui/popover.tsx:6:1
Module not found: Can't resolve '@/lib/utils'
  4 | import { Popover as PopoverPrimitive } from "radix-ui"
  5 |
> 6 | import { cn } from "@/lib/utils"
    | ^^^^^^^^^^^^^^^^^^^^^^^^^^^^^^^^
  7 |
  8 | function Popover({
  9 |   ...props

Import map: aliased to relative './lib/utils' inside of [project]/

Import traces:
  Client Component Browser:
    ./components/ui/popover.tsx [Client Component Browser]
    ./components/collections/collectionPicker/CollectionPicker.tsx [Client Component Browser]
    ./components/items/itemDrawer/DrawerEditContent.tsx [Client Component Browser]
    ./components/items/itemDrawer/ItemDrawer.tsx [Client Component Browser]
    ./components/items/itemDrawer/ItemDrawer.tsx [Server Component]
    ./app/dashboard/page.tsx [Server Component]

  Client Component SSR:
    ./components/ui/popover.tsx [Client Component SSR]
    ./components/collections/collectionPicker/CollectionPicker.tsx [Client Component SSR]
    ./components/items/itemDrawer/DrawerEditContent.tsx [Client Component SSR]
    ./components/items/itemDrawer/ItemDrawer.tsx [Client Component SSR]
    ./components/items/itemDrawer/ItemDrawer.tsx [Server Component]
    ./app/dashboard/page.tsx [Server Component]

https://nextjs.org/docs/messages/module-not-found @ http://localhost:3000/_next/static/chunks/node_modules_next_dist_0u_w_5s._.js:1945
[  640628ms] [ERROR] ./components/ui/popover.tsx:6:1
Module not found: Can't resolve '@/lib/utils'
  4 | import { Popover as PopoverPrimitive } from "radix-ui"
  5 |
> 6 | import { cn } from "@/lib/utils"
    | ^^^^^^^^^^^^^^^^^^^^^^^^^^^^^^^^
  7 |
  8 | function Popover({
  9 |   ...props

Import map: aliased to relative './lib/utils' inside of [project]/

Import traces:
  Client Component Browser:
    ./components/ui/popover.tsx [Client Component Browser]
    ./components/collections/collectionPicker/CollectionPicker.tsx [Client Component Browser]
    ./components/items/itemDrawer/DrawerEditContent.tsx [Client Component Browser]
    ./components/items/itemDrawer/ItemDrawer.tsx [Client Component Browser]
    ./components/items/itemDrawer/ItemDrawer.tsx [Server Component]
    ./app/dashboard/page.tsx [Server Component]

  Client Component SSR:
    ./components/ui/popover.tsx [Client Component SSR]
    ./components/collections/collectionPicker/CollectionPicker.tsx [Client Component SSR]
    ./components/items/itemDrawer/DrawerEditContent.tsx [Client Component SSR]
    ./components/items/itemDrawer/ItemDrawer.tsx [Client Component SSR]
    ./components/items/itemDrawer/ItemDrawer.tsx [Server Component]
    ./app/dashboard/page.tsx [Server Component]

https://nextjs.org/docs/messages/module-not-found @ http://localhost:3000/_next/static/chunks/node_modules_next_dist_0u_w_5s._.js:1945
[  640690ms] [ERROR] ./components/ui/popover.tsx:6:1
Module not found: Can't resolve '@/lib/utils'
  4 | import { Popover as PopoverPrimitive } from "radix-ui"
  5 |
> 6 | import { cn } from "@/lib/utils"
    | ^^^^^^^^^^^^^^^^^^^^^^^^^^^^^^^^
  7 |
  8 | function Popover({
  9 |   ...props

Import map: aliased to relative './lib/utils' inside of [project]/

Import traces:
  Client Component Browser:
    ./components/ui/popover.tsx [Client Component Browser]
    ./components/collections/collectionPicker/CollectionPicker.tsx [Client Component Browser]
    ./components/items/itemDrawer/DrawerEditContent.tsx [Client Component Browser]
    ./components/items/itemDrawer/ItemDrawer.tsx [Client Component Browser]
    ./components/items/itemDrawer/ItemDrawer.tsx [Server Component]
    ./app/dashboard/page.tsx [Server Component]

  Client Component SSR:
    ./components/ui/popover.tsx [Client Component SSR]
    ./components/collections/collectionPicker/CollectionPicker.tsx [Client Component SSR]
    ./components/items/itemDrawer/DrawerEditContent.tsx [Client Component SSR]
    ./components/items/itemDrawer/ItemDrawer.tsx [Client Component SSR]
    ./components/items/itemDrawer/ItemDrawer.tsx [Server Component]
    ./app/dashboard/page.tsx [Server Component]

https://nextjs.org/docs/messages/module-not-found @ http://localhost:3000/_next/static/chunks/node_modules_next_dist_0u_w_5s._.js:1945
[  640752ms] [ERROR] ./components/ui/popover.tsx:6:1
Module not found: Can't resolve '@/lib/utils'
  4 | import { Popover as PopoverPrimitive } from "radix-ui"
  5 |
> 6 | import { cn } from "@/lib/utils"
    | ^^^^^^^^^^^^^^^^^^^^^^^^^^^^^^^^
  7 |
  8 | function Popover({
  9 |   ...props

Import map: aliased to relative './lib/utils' inside of [project]/

Import traces:
  Client Component Browser:
    ./components/ui/popover.tsx [Client Component Browser]
    ./components/collections/collectionPicker/CollectionPicker.tsx [Client Component Browser]
    ./components/items/itemDrawer/DrawerEditContent.tsx [Client Component Browser]
    ./components/items/itemDrawer/ItemDrawer.tsx [Client Component Browser]
    ./components/items/itemDrawer/ItemDrawer.tsx [Server Component]
    ./app/dashboard/page.tsx [Server Component]

  Client Component SSR:
    ./components/ui/popover.tsx [Client Component SSR]
    ./components/collections/collectionPicker/CollectionPicker.tsx [Client Component SSR]
    ./components/items/itemDrawer/DrawerEditContent.tsx [Client Component SSR]
    ./components/items/itemDrawer/ItemDrawer.tsx [Client Component SSR]
    ./components/items/itemDrawer/ItemDrawer.tsx [Server Component]
    ./app/dashboard/page.tsx [Server Component]

https://nextjs.org/docs/messages/module-not-found @ http://localhost:3000/_next/static/chunks/node_modules_next_dist_0u_w_5s._.js:1945
[  640813ms] [ERROR] ./components/ui/popover.tsx:6:1
Module not found: Can't resolve '@/lib/utils'
  4 | import { Popover as PopoverPrimitive } from "radix-ui"
  5 |
> 6 | import { cn } from "@/lib/utils"
    | ^^^^^^^^^^^^^^^^^^^^^^^^^^^^^^^^
  7 |
  8 | function Popover({
  9 |   ...props

Import map: aliased to relative './lib/utils' inside of [project]/

Import traces:
  Client Component Browser:
    ./components/ui/popover.tsx [Client Component Browser]
    ./components/collections/collectionPicker/CollectionPicker.tsx [Client Component Browser]
    ./components/items/itemDrawer/DrawerEditContent.tsx [Client Component Browser]
    ./components/items/itemDrawer/ItemDrawer.tsx [Client Component Browser]
    ./components/items/itemDrawer/ItemDrawer.tsx [Server Component]
    ./app/dashboard/page.tsx [Server Component]

  Client Component SSR:
    ./components/ui/popover.tsx [Client Component SSR]
    ./components/collections/collectionPicker/CollectionPicker.tsx [Client Component SSR]
    ./components/items/itemDrawer/DrawerEditContent.tsx [Client Component SSR]
    ./components/items/itemDrawer/ItemDrawer.tsx [Client Component SSR]
    ./components/items/itemDrawer/ItemDrawer.tsx [Server Component]
    ./app/dashboard/page.tsx [Server Component]

https://nextjs.org/docs/messages/module-not-found @ http://localhost:3000/_next/static/chunks/node_modules_next_dist_0u_w_5s._.js:1945
[  640876ms] [ERROR] ./components/ui/popover.tsx:6:1
Module not found: Can't resolve '@/lib/utils'
  4 | import { Popover as PopoverPrimitive } from "radix-ui"
  5 |
> 6 | import { cn } from "@/lib/utils"
    | ^^^^^^^^^^^^^^^^^^^^^^^^^^^^^^^^
  7 |
  8 | function Popover({
  9 |   ...props

Import map: aliased to relative './lib/utils' inside of [project]/

Import traces:
  Client Component Browser:
    ./components/ui/popover.tsx [Client Component Browser]
    ./components/collections/collectionPicker/CollectionPicker.tsx [Client Component Browser]
    ./components/items/itemDrawer/DrawerEditContent.tsx [Client Component Browser]
    ./components/items/itemDrawer/ItemDrawer.tsx [Client Component Browser]
    ./components/items/itemDrawer/ItemDrawer.tsx [Server Component]
    ./app/dashboard/page.tsx [Server Component]

  Client Component SSR:
    ./components/ui/popover.tsx [Client Component SSR]
    ./components/collections/collectionPicker/CollectionPicker.tsx [Client Component SSR]
    ./components/items/itemDrawer/DrawerEditContent.tsx [Client Component SSR]
    ./components/items/itemDrawer/ItemDrawer.tsx [Client Component SSR]
    ./components/items/itemDrawer/ItemDrawer.tsx [Server Component]
    ./app/dashboard/page.tsx [Server Component]

https://nextjs.org/docs/messages/module-not-found @ http://localhost:3000/_next/static/chunks/node_modules_next_dist_0u_w_5s._.js:1945
[  640937ms] [ERROR] ./components/ui/popover.tsx:6:1
Module not found: Can't resolve '@/lib/utils'
  4 | import { Popover as PopoverPrimitive } from "radix-ui"
  5 |
> 6 | import { cn } from "@/lib/utils"
    | ^^^^^^^^^^^^^^^^^^^^^^^^^^^^^^^^
  7 |
  8 | function Popover({
  9 |   ...props

Import map: aliased to relative './lib/utils' inside of [project]/

Import traces:
  Client Component Browser:
    ./components/ui/popover.tsx [Client Component Browser]
    ./components/collections/collectionPicker/CollectionPicker.tsx [Client Component Browser]
    ./components/items/itemDrawer/DrawerEditContent.tsx [Client Component Browser]
    ./components/items/itemDrawer/ItemDrawer.tsx [Client Component Browser]
    ./components/items/itemDrawer/ItemDrawer.tsx [Server Component]
    ./app/dashboard/page.tsx [Server Component]

  Client Component SSR:
    ./components/ui/popover.tsx [Client Component SSR]
    ./components/collections/collectionPicker/CollectionPicker.tsx [Client Component SSR]
    ./components/items/itemDrawer/DrawerEditContent.tsx [Client Component SSR]
    ./components/items/itemDrawer/ItemDrawer.tsx [Client Component SSR]
    ./components/items/itemDrawer/ItemDrawer.tsx [Server Component]
    ./app/dashboard/page.tsx [Server Component]

https://nextjs.org/docs/messages/module-not-found @ http://localhost:3000/_next/static/chunks/node_modules_next_dist_0u_w_5s._.js:1945
[  640999ms] [ERROR] ./components/ui/popover.tsx:6:1
Module not found: Can't resolve '@/lib/utils'
  4 | import { Popover as PopoverPrimitive } from "radix-ui"
  5 |
> 6 | import { cn } from "@/lib/utils"
    | ^^^^^^^^^^^^^^^^^^^^^^^^^^^^^^^^
  7 |
  8 | function Popover({
  9 |   ...props

Import map: aliased to relative './lib/utils' inside of [project]/

Import traces:
  Client Component Browser:
    ./components/ui/popover.tsx [Client Component Browser]
    ./components/collections/collectionPicker/CollectionPicker.tsx [Client Component Browser]
    ./components/items/itemDrawer/DrawerEditContent.tsx [Client Component Browser]
    ./components/items/itemDrawer/ItemDrawer.tsx [Client Component Browser]
    ./components/items/itemDrawer/ItemDrawer.tsx [Server Component]
    ./app/dashboard/page.tsx [Server Component]

  Client Component SSR:
    ./components/ui/popover.tsx [Client Component SSR]
    ./components/collections/collectionPicker/CollectionPicker.tsx [Client Component SSR]
    ./components/items/itemDrawer/DrawerEditContent.tsx [Client Component SSR]
    ./components/items/itemDrawer/ItemDrawer.tsx [Client Component SSR]
    ./components/items/itemDrawer/ItemDrawer.tsx [Server Component]
    ./app/dashboard/page.tsx [Server Component]

https://nextjs.org/docs/messages/module-not-found @ http://localhost:3000/_next/static/chunks/node_modules_next_dist_0u_w_5s._.js:1945
[  641061ms] [ERROR] ./components/ui/popover.tsx:6:1
Module not found: Can't resolve '@/lib/utils'
  4 | import { Popover as PopoverPrimitive } from "radix-ui"
  5 |
> 6 | import { cn } from "@/lib/utils"
    | ^^^^^^^^^^^^^^^^^^^^^^^^^^^^^^^^
  7 |
  8 | function Popover({
  9 |   ...props

Import map: aliased to relative './lib/utils' inside of [project]/

Import traces:
  Client Component Browser:
    ./components/ui/popover.tsx [Client Component Browser]
    ./components/collections/collectionPicker/CollectionPicker.tsx [Client Component Browser]
    ./components/items/itemDrawer/DrawerEditContent.tsx [Client Component Browser]
    ./components/items/itemDrawer/ItemDrawer.tsx [Client Component Browser]
    ./components/items/itemDrawer/ItemDrawer.tsx [Server Component]
    ./app/dashboard/page.tsx [Server Component]

  Client Component SSR:
    ./components/ui/popover.tsx [Client Component SSR]
    ./components/collections/collectionPicker/CollectionPicker.tsx [Client Component SSR]
    ./components/items/itemDrawer/DrawerEditContent.tsx [Client Component SSR]
    ./components/items/itemDrawer/ItemDrawer.tsx [Client Component SSR]
    ./components/items/itemDrawer/ItemDrawer.tsx [Server Component]
    ./app/dashboard/page.tsx [Server Component]

https://nextjs.org/docs/messages/module-not-found @ http://localhost:3000/_next/static/chunks/node_modules_next_dist_0u_w_5s._.js:1945
[  641122ms] [ERROR] ./components/ui/popover.tsx:6:1
Module not found: Can't resolve '@/lib/utils'
  4 | import { Popover as PopoverPrimitive } from "radix-ui"
  5 |
> 6 | import { cn } from "@/lib/utils"
    | ^^^^^^^^^^^^^^^^^^^^^^^^^^^^^^^^
  7 |
  8 | function Popover({
  9 |   ...props

Import map: aliased to relative './lib/utils' inside of [project]/

Import traces:
  Client Component Browser:
    ./components/ui/popover.tsx [Client Component Browser]
    ./components/collections/collectionPicker/CollectionPicker.tsx [Client Component Browser]
    ./components/items/itemDrawer/DrawerEditContent.tsx [Client Component Browser]
    ./components/items/itemDrawer/ItemDrawer.tsx [Client Component Browser]
    ./components/items/itemDrawer/ItemDrawer.tsx [Server Component]
    ./app/dashboard/page.tsx [Server Component]

  Client Component SSR:
    ./components/ui/popover.tsx [Client Component SSR]
    ./components/collections/collectionPicker/CollectionPicker.tsx [Client Component SSR]
    ./components/items/itemDrawer/DrawerEditContent.tsx [Client Component SSR]
    ./components/items/itemDrawer/ItemDrawer.tsx [Client Component SSR]
    ./components/items/itemDrawer/ItemDrawer.tsx [Server Component]
    ./app/dashboard/page.tsx [Server Component]

https://nextjs.org/docs/messages/module-not-found @ http://localhost:3000/_next/static/chunks/node_modules_next_dist_0u_w_5s._.js:1945
[  641184ms] [ERROR] ./components/ui/popover.tsx:6:1
Module not found: Can't resolve '@/lib/utils'
  4 | import { Popover as PopoverPrimitive } from "radix-ui"
  5 |
> 6 | import { cn } from "@/lib/utils"
    | ^^^^^^^^^^^^^^^^^^^^^^^^^^^^^^^^
  7 |
  8 | function Popover({
  9 |   ...props

Import map: aliased to relative './lib/utils' inside of [project]/

Import traces:
  Client Component Browser:
    ./components/ui/popover.tsx [Client Component Browser]
    ./components/collections/collectionPicker/CollectionPicker.tsx [Client Component Browser]
    ./components/items/itemDrawer/DrawerEditContent.tsx [Client Component Browser]
    ./components/items/itemDrawer/ItemDrawer.tsx [Client Component Browser]
    ./components/items/itemDrawer/ItemDrawer.tsx [Server Component]
    ./app/dashboard/page.tsx [Server Component]

  Client Component SSR:
    ./components/ui/popover.tsx [Client Component SSR]
    ./components/collections/collectionPicker/CollectionPicker.tsx [Client Component SSR]
    ./components/items/itemDrawer/DrawerEditContent.tsx [Client Component SSR]
    ./components/items/itemDrawer/ItemDrawer.tsx [Client Component SSR]
    ./components/items/itemDrawer/ItemDrawer.tsx [Server Component]
    ./app/dashboard/page.tsx [Server Component]

https://nextjs.org/docs/messages/module-not-found @ http://localhost:3000/_next/static/chunks/node_modules_next_dist_0u_w_5s._.js:1945
[  641247ms] [ERROR] ./components/ui/popover.tsx:6:1
Module not found: Can't resolve '@/lib/utils'
  4 | import { Popover as PopoverPrimitive } from "radix-ui"
  5 |
> 6 | import { cn } from "@/lib/utils"
    | ^^^^^^^^^^^^^^^^^^^^^^^^^^^^^^^^
  7 |
  8 | function Popover({
  9 |   ...props

Import map: aliased to relative './lib/utils' inside of [project]/

Import traces:
  Client Component Browser:
    ./components/ui/popover.tsx [Client Component Browser]
    ./components/collections/collectionPicker/CollectionPicker.tsx [Client Component Browser]
    ./components/items/itemDrawer/DrawerEditContent.tsx [Client Component Browser]
    ./components/items/itemDrawer/ItemDrawer.tsx [Client Component Browser]
    ./components/items/itemDrawer/ItemDrawer.tsx [Server Component]
    ./app/dashboard/page.tsx [Server Component]

  Client Component SSR:
    ./components/ui/popover.tsx [Client Component SSR]
    ./components/collections/collectionPicker/CollectionPicker.tsx [Client Component SSR]
    ./components/items/itemDrawer/DrawerEditContent.tsx [Client Component SSR]
    ./components/items/itemDrawer/ItemDrawer.tsx [Client Component SSR]
    ./components/items/itemDrawer/ItemDrawer.tsx [Server Component]
    ./app/dashboard/page.tsx [Server Component]

https://nextjs.org/docs/messages/module-not-found @ http://localhost:3000/_next/static/chunks/node_modules_next_dist_0u_w_5s._.js:1945
[  641308ms] [ERROR] ./components/ui/popover.tsx:6:1
Module not found: Can't resolve '@/lib/utils'
  4 | import { Popover as PopoverPrimitive } from "radix-ui"
  5 |
> 6 | import { cn } from "@/lib/utils"
    | ^^^^^^^^^^^^^^^^^^^^^^^^^^^^^^^^
  7 |
  8 | function Popover({
  9 |   ...props

Import map: aliased to relative './lib/utils' inside of [project]/

Import traces:
  Client Component Browser:
    ./components/ui/popover.tsx [Client Component Browser]
    ./components/collections/collectionPicker/CollectionPicker.tsx [Client Component Browser]
    ./components/items/itemDrawer/DrawerEditContent.tsx [Client Component Browser]
    ./components/items/itemDrawer/ItemDrawer.tsx [Client Component Browser]
    ./components/items/itemDrawer/ItemDrawer.tsx [Server Component]
    ./app/dashboard/page.tsx [Server Component]

  Client Component SSR:
    ./components/ui/popover.tsx [Client Component SSR]
    ./components/collections/collectionPicker/CollectionPicker.tsx [Client Component SSR]
    ./components/items/itemDrawer/DrawerEditContent.tsx [Client Component SSR]
    ./components/items/itemDrawer/ItemDrawer.tsx [Client Component SSR]
    ./components/items/itemDrawer/ItemDrawer.tsx [Server Component]
    ./app/dashboard/page.tsx [Server Component]

https://nextjs.org/docs/messages/module-not-found @ http://localhost:3000/_next/static/chunks/node_modules_next_dist_0u_w_5s._.js:1945
[  641370ms] [ERROR] ./components/ui/popover.tsx:6:1
Module not found: Can't resolve '@/lib/utils'
  4 | import { Popover as PopoverPrimitive } from "radix-ui"
  5 |
> 6 | import { cn } from "@/lib/utils"
    | ^^^^^^^^^^^^^^^^^^^^^^^^^^^^^^^^
  7 |
  8 | function Popover({
  9 |   ...props

Import map: aliased to relative './lib/utils' inside of [project]/

Import traces:
  Client Component Browser:
    ./components/ui/popover.tsx [Client Component Browser]
    ./components/collections/collectionPicker/CollectionPicker.tsx [Client Component Browser]
    ./components/items/itemDrawer/DrawerEditContent.tsx [Client Component Browser]
    ./components/items/itemDrawer/ItemDrawer.tsx [Client Component Browser]
    ./components/items/itemDrawer/ItemDrawer.tsx [Server Component]
    ./app/dashboard/page.tsx [Server Component]

  Client Component SSR:
    ./components/ui/popover.tsx [Client Component SSR]
    ./components/collections/collectionPicker/CollectionPicker.tsx [Client Component SSR]
    ./components/items/itemDrawer/DrawerEditContent.tsx [Client Component SSR]
    ./components/items/itemDrawer/ItemDrawer.tsx [Client Component SSR]
    ./components/items/itemDrawer/ItemDrawer.tsx [Server Component]
    ./app/dashboard/page.tsx [Server Component]

https://nextjs.org/docs/messages/module-not-found @ http://localhost:3000/_next/static/chunks/node_modules_next_dist_0u_w_5s._.js:1945
[  641432ms] [ERROR] ./components/ui/popover.tsx:6:1
Module not found: Can't resolve '@/lib/utils'
  4 | import { Popover as PopoverPrimitive } from "radix-ui"
  5 |
> 6 | import { cn } from "@/lib/utils"
    | ^^^^^^^^^^^^^^^^^^^^^^^^^^^^^^^^
  7 |
  8 | function Popover({
  9 |   ...props

Import map: aliased to relative './lib/utils' inside of [project]/

Import traces:
  Client Component Browser:
    ./components/ui/popover.tsx [Client Component Browser]
    ./components/collections/collectionPicker/CollectionPicker.tsx [Client Component Browser]
    ./components/items/itemDrawer/DrawerEditContent.tsx [Client Component Browser]
    ./components/items/itemDrawer/ItemDrawer.tsx [Client Component Browser]
    ./components/items/itemDrawer/ItemDrawer.tsx [Server Component]
    ./app/dashboard/page.tsx [Server Component]

  Client Component SSR:
    ./components/ui/popover.tsx [Client Component SSR]
    ./components/collections/collectionPicker/CollectionPicker.tsx [Client Component SSR]
    ./components/items/itemDrawer/DrawerEditContent.tsx [Client Component SSR]
    ./components/items/itemDrawer/ItemDrawer.tsx [Client Component SSR]
    ./components/items/itemDrawer/ItemDrawer.tsx [Server Component]
    ./app/dashboard/page.tsx [Server Component]

https://nextjs.org/docs/messages/module-not-found @ http://localhost:3000/_next/static/chunks/node_modules_next_dist_0u_w_5s._.js:1945
[  641495ms] [ERROR] ./components/ui/popover.tsx:6:1
Module not found: Can't resolve '@/lib/utils'
  4 | import { Popover as PopoverPrimitive } from "radix-ui"
  5 |
> 6 | import { cn } from "@/lib/utils"
    | ^^^^^^^^^^^^^^^^^^^^^^^^^^^^^^^^
  7 |
  8 | function Popover({
  9 |   ...props

Import map: aliased to relative './lib/utils' inside of [project]/

Import traces:
  Client Component Browser:
    ./components/ui/popover.tsx [Client Component Browser]
    ./components/collections/collectionPicker/CollectionPicker.tsx [Client Component Browser]
    ./components/items/itemDrawer/DrawerEditContent.tsx [Client Component Browser]
    ./components/items/itemDrawer/ItemDrawer.tsx [Client Component Browser]
    ./components/items/itemDrawer/ItemDrawer.tsx [Server Component]
    ./app/dashboard/page.tsx [Server Component]

  Client Component SSR:
    ./components/ui/popover.tsx [Client Component SSR]
    ./components/collections/collectionPicker/CollectionPicker.tsx [Client Component SSR]
    ./components/items/itemDrawer/DrawerEditContent.tsx [Client Component SSR]
    ./components/items/itemDrawer/ItemDrawer.tsx [Client Component SSR]
    ./components/items/itemDrawer/ItemDrawer.tsx [Server Component]
    ./app/dashboard/page.tsx [Server Component]

https://nextjs.org/docs/messages/module-not-found @ http://localhost:3000/_next/static/chunks/node_modules_next_dist_0u_w_5s._.js:1945
[  641555ms] [ERROR] ./components/ui/popover.tsx:6:1
Module not found: Can't resolve '@/lib/utils'
  4 | import { Popover as PopoverPrimitive } from "radix-ui"
  5 |
> 6 | import { cn } from "@/lib/utils"
    | ^^^^^^^^^^^^^^^^^^^^^^^^^^^^^^^^
  7 |
  8 | function Popover({
  9 |   ...props

Import map: aliased to relative './lib/utils' inside of [project]/

Import traces:
  Client Component Browser:
    ./components/ui/popover.tsx [Client Component Browser]
    ./components/collections/collectionPicker/CollectionPicker.tsx [Client Component Browser]
    ./components/items/itemDrawer/DrawerEditContent.tsx [Client Component Browser]
    ./components/items/itemDrawer/ItemDrawer.tsx [Client Component Browser]
    ./components/items/itemDrawer/ItemDrawer.tsx [Server Component]
    ./app/dashboard/page.tsx [Server Component]

  Client Component SSR:
    ./components/ui/popover.tsx [Client Component SSR]
    ./components/collections/collectionPicker/CollectionPicker.tsx [Client Component SSR]
    ./components/items/itemDrawer/DrawerEditContent.tsx [Client Component SSR]
    ./components/items/itemDrawer/ItemDrawer.tsx [Client Component SSR]
    ./components/items/itemDrawer/ItemDrawer.tsx [Server Component]
    ./app/dashboard/page.tsx [Server Component]

https://nextjs.org/docs/messages/module-not-found @ http://localhost:3000/_next/static/chunks/node_modules_next_dist_0u_w_5s._.js:1945
[  641616ms] [ERROR] ./components/ui/popover.tsx:6:1
Module not found: Can't resolve '@/lib/utils'
  4 | import { Popover as PopoverPrimitive } from "radix-ui"
  5 |
> 6 | import { cn } from "@/lib/utils"
    | ^^^^^^^^^^^^^^^^^^^^^^^^^^^^^^^^
  7 |
  8 | function Popover({
  9 |   ...props

Import map: aliased to relative './lib/utils' inside of [project]/

Import traces:
  Client Component Browser:
    ./components/ui/popover.tsx [Client Component Browser]
    ./components/collections/collectionPicker/CollectionPicker.tsx [Client Component Browser]
    ./components/items/itemDrawer/DrawerEditContent.tsx [Client Component Browser]
    ./components/items/itemDrawer/ItemDrawer.tsx [Client Component Browser]
    ./components/items/itemDrawer/ItemDrawer.tsx [Server Component]
    ./app/dashboard/page.tsx [Server Component]

  Client Component SSR:
    ./components/ui/popover.tsx [Client Component SSR]
    ./components/collections/collectionPicker/CollectionPicker.tsx [Client Component SSR]
    ./components/items/itemDrawer/DrawerEditContent.tsx [Client Component SSR]
    ./components/items/itemDrawer/ItemDrawer.tsx [Client Component SSR]
    ./components/items/itemDrawer/ItemDrawer.tsx [Server Component]
    ./app/dashboard/page.tsx [Server Component]

https://nextjs.org/docs/messages/module-not-found @ http://localhost:3000/_next/static/chunks/node_modules_next_dist_0u_w_5s._.js:1945
[  641678ms] [ERROR] ./components/ui/popover.tsx:6:1
Module not found: Can't resolve '@/lib/utils'
  4 | import { Popover as PopoverPrimitive } from "radix-ui"
  5 |
> 6 | import { cn } from "@/lib/utils"
    | ^^^^^^^^^^^^^^^^^^^^^^^^^^^^^^^^
  7 |
  8 | function Popover({
  9 |   ...props

Import map: aliased to relative './lib/utils' inside of [project]/

Import traces:
  Client Component Browser:
    ./components/ui/popover.tsx [Client Component Browser]
    ./components/collections/collectionPicker/CollectionPicker.tsx [Client Component Browser]
    ./components/items/itemDrawer/DrawerEditContent.tsx [Client Component Browser]
    ./components/items/itemDrawer/ItemDrawer.tsx [Client Component Browser]
    ./components/items/itemDrawer/ItemDrawer.tsx [Server Component]
    ./app/dashboard/page.tsx [Server Component]

  Client Component SSR:
    ./components/ui/popover.tsx [Client Component SSR]
    ./components/collections/collectionPicker/CollectionPicker.tsx [Client Component SSR]
    ./components/items/itemDrawer/DrawerEditContent.tsx [Client Component SSR]
    ./components/items/itemDrawer/ItemDrawer.tsx [Client Component SSR]
    ./components/items/itemDrawer/ItemDrawer.tsx [Server Component]
    ./app/dashboard/page.tsx [Server Component]

https://nextjs.org/docs/messages/module-not-found @ http://localhost:3000/_next/static/chunks/node_modules_next_dist_0u_w_5s._.js:1945
[  641740ms] [ERROR] ./components/ui/popover.tsx:6:1
Module not found: Can't resolve '@/lib/utils'
  4 | import { Popover as PopoverPrimitive } from "radix-ui"
  5 |
> 6 | import { cn } from "@/lib/utils"
    | ^^^^^^^^^^^^^^^^^^^^^^^^^^^^^^^^
  7 |
  8 | function Popover({
  9 |   ...props

Import map: aliased to relative './lib/utils' inside of [project]/

Import traces:
  Client Component Browser:
    ./components/ui/popover.tsx [Client Component Browser]
    ./components/collections/collectionPicker/CollectionPicker.tsx [Client Component Browser]
    ./components/items/itemDrawer/DrawerEditContent.tsx [Client Component Browser]
    ./components/items/itemDrawer/ItemDrawer.tsx [Client Component Browser]
    ./components/items/itemDrawer/ItemDrawer.tsx [Server Component]
    ./app/dashboard/page.tsx [Server Component]

  Client Component SSR:
    ./components/ui/popover.tsx [Client Component SSR]
    ./components/collections/collectionPicker/CollectionPicker.tsx [Client Component SSR]
    ./components/items/itemDrawer/DrawerEditContent.tsx [Client Component SSR]
    ./components/items/itemDrawer/ItemDrawer.tsx [Client Component SSR]
    ./components/items/itemDrawer/ItemDrawer.tsx [Server Component]
    ./app/dashboard/page.tsx [Server Component]

https://nextjs.org/docs/messages/module-not-found @ http://localhost:3000/_next/static/chunks/node_modules_next_dist_0u_w_5s._.js:1945
[  641802ms] [ERROR] ./components/ui/popover.tsx:6:1
Module not found: Can't resolve '@/lib/utils'
  4 | import { Popover as PopoverPrimitive } from "radix-ui"
  5 |
> 6 | import { cn } from "@/lib/utils"
    | ^^^^^^^^^^^^^^^^^^^^^^^^^^^^^^^^
  7 |
  8 | function Popover({
  9 |   ...props

Import map: aliased to relative './lib/utils' inside of [project]/

Import traces:
  Client Component Browser:
    ./components/ui/popover.tsx [Client Component Browser]
    ./components/collections/collectionPicker/CollectionPicker.tsx [Client Component Browser]
    ./components/items/itemDrawer/DrawerEditContent.tsx [Client Component Browser]
    ./components/items/itemDrawer/ItemDrawer.tsx [Client Component Browser]
    ./components/items/itemDrawer/ItemDrawer.tsx [Server Component]
    ./app/dashboard/page.tsx [Server Component]

  Client Component SSR:
    ./components/ui/popover.tsx [Client Component SSR]
    ./components/collections/collectionPicker/CollectionPicker.tsx [Client Component SSR]
    ./components/items/itemDrawer/DrawerEditContent.tsx [Client Component SSR]
    ./components/items/itemDrawer/ItemDrawer.tsx [Client Component SSR]
    ./components/items/itemDrawer/ItemDrawer.tsx [Server Component]
    ./app/dashboard/page.tsx [Server Component]

https://nextjs.org/docs/messages/module-not-found @ http://localhost:3000/_next/static/chunks/node_modules_next_dist_0u_w_5s._.js:1945
[  641864ms] [ERROR] ./components/ui/popover.tsx:6:1
Module not found: Can't resolve '@/lib/utils'
  4 | import { Popover as PopoverPrimitive } from "radix-ui"
  5 |
> 6 | import { cn } from "@/lib/utils"
    | ^^^^^^^^^^^^^^^^^^^^^^^^^^^^^^^^
  7 |
  8 | function Popover({
  9 |   ...props

Import map: aliased to relative './lib/utils' inside of [project]/

Import traces:
  Client Component Browser:
    ./components/ui/popover.tsx [Client Component Browser]
    ./components/collections/collectionPicker/CollectionPicker.tsx [Client Component Browser]
    ./components/items/itemDrawer/DrawerEditContent.tsx [Client Component Browser]
    ./components/items/itemDrawer/ItemDrawer.tsx [Client Component Browser]
    ./components/items/itemDrawer/ItemDrawer.tsx [Server Component]
    ./app/dashboard/page.tsx [Server Component]

  Client Component SSR:
    ./components/ui/popover.tsx [Client Component SSR]
    ./components/collections/collectionPicker/CollectionPicker.tsx [Client Component SSR]
    ./components/items/itemDrawer/DrawerEditContent.tsx [Client Component SSR]
    ./components/items/itemDrawer/ItemDrawer.tsx [Client Component SSR]
    ./components/items/itemDrawer/ItemDrawer.tsx [Server Component]
    ./app/dashboard/page.tsx [Server Component]

https://nextjs.org/docs/messages/module-not-found @ http://localhost:3000/_next/static/chunks/node_modules_next_dist_0u_w_5s._.js:1945
[  641927ms] [ERROR] ./components/ui/popover.tsx:6:1
Module not found: Can't resolve '@/lib/utils'
  4 | import { Popover as PopoverPrimitive } from "radix-ui"
  5 |
> 6 | import { cn } from "@/lib/utils"
    | ^^^^^^^^^^^^^^^^^^^^^^^^^^^^^^^^
  7 |
  8 | function Popover({
  9 |   ...props

Import map: aliased to relative './lib/utils' inside of [project]/

Import traces:
  Client Component Browser:
    ./components/ui/popover.tsx [Client Component Browser]
    ./components/collections/collectionPicker/CollectionPicker.tsx [Client Component Browser]
    ./components/items/itemDrawer/DrawerEditContent.tsx [Client Component Browser]
    ./components/items/itemDrawer/ItemDrawer.tsx [Client Component Browser]
    ./components/items/itemDrawer/ItemDrawer.tsx [Server Component]
    ./app/dashboard/page.tsx [Server Component]

  Client Component SSR:
    ./components/ui/popover.tsx [Client Component SSR]
    ./components/collections/collectionPicker/CollectionPicker.tsx [Client Component SSR]
    ./components/items/itemDrawer/DrawerEditContent.tsx [Client Component SSR]
    ./components/items/itemDrawer/ItemDrawer.tsx [Client Component SSR]
    ./components/items/itemDrawer/ItemDrawer.tsx [Server Component]
    ./app/dashboard/page.tsx [Server Component]

https://nextjs.org/docs/messages/module-not-found @ http://localhost:3000/_next/static/chunks/node_modules_next_dist_0u_w_5s._.js:1945
[  641987ms] [ERROR] ./components/ui/popover.tsx:6:1
Module not found: Can't resolve '@/lib/utils'
  4 | import { Popover as PopoverPrimitive } from "radix-ui"
  5 |
> 6 | import { cn } from "@/lib/utils"
    | ^^^^^^^^^^^^^^^^^^^^^^^^^^^^^^^^
  7 |
  8 | function Popover({
  9 |   ...props

Import map: aliased to relative './lib/utils' inside of [project]/

Import traces:
  Client Component Browser:
    ./components/ui/popover.tsx [Client Component Browser]
    ./components/collections/collectionPicker/CollectionPicker.tsx [Client Component Browser]
    ./components/items/itemDrawer/DrawerEditContent.tsx [Client Component Browser]
    ./components/items/itemDrawer/ItemDrawer.tsx [Client Component Browser]
    ./components/items/itemDrawer/ItemDrawer.tsx [Server Component]
    ./app/dashboard/page.tsx [Server Component]

  Client Component SSR:
    ./components/ui/popover.tsx [Client Component SSR]
    ./components/collections/collectionPicker/CollectionPicker.tsx [Client Component SSR]
    ./components/items/itemDrawer/DrawerEditContent.tsx [Client Component SSR]
    ./components/items/itemDrawer/ItemDrawer.tsx [Client Component SSR]
    ./components/items/itemDrawer/ItemDrawer.tsx [Server Component]
    ./app/dashboard/page.tsx [Server Component]

https://nextjs.org/docs/messages/module-not-found @ http://localhost:3000/_next/static/chunks/node_modules_next_dist_0u_w_5s._.js:1945
[  642050ms] [ERROR] ./components/ui/popover.tsx:6:1
Module not found: Can't resolve '@/lib/utils'
  4 | import { Popover as PopoverPrimitive } from "radix-ui"
  5 |
> 6 | import { cn } from "@/lib/utils"
    | ^^^^^^^^^^^^^^^^^^^^^^^^^^^^^^^^
  7 |
  8 | function Popover({
  9 |   ...props

Import map: aliased to relative './lib/utils' inside of [project]/

Import traces:
  Client Component Browser:
    ./components/ui/popover.tsx [Client Component Browser]
    ./components/collections/collectionPicker/CollectionPicker.tsx [Client Component Browser]
    ./components/items/itemDrawer/DrawerEditContent.tsx [Client Component Browser]
    ./components/items/itemDrawer/ItemDrawer.tsx [Client Component Browser]
    ./components/items/itemDrawer/ItemDrawer.tsx [Server Component]
    ./app/dashboard/page.tsx [Server Component]

  Client Component SSR:
    ./components/ui/popover.tsx [Client Component SSR]
    ./components/collections/collectionPicker/CollectionPicker.tsx [Client Component SSR]
    ./components/items/itemDrawer/DrawerEditContent.tsx [Client Component SSR]
    ./components/items/itemDrawer/ItemDrawer.tsx [Client Component SSR]
    ./components/items/itemDrawer/ItemDrawer.tsx [Server Component]
    ./app/dashboard/page.tsx [Server Component]

https://nextjs.org/docs/messages/module-not-found @ http://localhost:3000/_next/static/chunks/node_modules_next_dist_0u_w_5s._.js:1945
[  642111ms] [ERROR] ./components/ui/popover.tsx:6:1
Module not found: Can't resolve '@/lib/utils'
  4 | import { Popover as PopoverPrimitive } from "radix-ui"
  5 |
> 6 | import { cn } from "@/lib/utils"
    | ^^^^^^^^^^^^^^^^^^^^^^^^^^^^^^^^
  7 |
  8 | function Popover({
  9 |   ...props

Import map: aliased to relative './lib/utils' inside of [project]/

Import traces:
  Client Component Browser:
    ./components/ui/popover.tsx [Client Component Browser]
    ./components/collections/collectionPicker/CollectionPicker.tsx [Client Component Browser]
    ./components/items/itemDrawer/DrawerEditContent.tsx [Client Component Browser]
    ./components/items/itemDrawer/ItemDrawer.tsx [Client Component Browser]
    ./components/items/itemDrawer/ItemDrawer.tsx [Server Component]
    ./app/dashboard/page.tsx [Server Component]

  Client Component SSR:
    ./components/ui/popover.tsx [Client Component SSR]
    ./components/collections/collectionPicker/CollectionPicker.tsx [Client Component SSR]
    ./components/items/itemDrawer/DrawerEditContent.tsx [Client Component SSR]
    ./components/items/itemDrawer/ItemDrawer.tsx [Client Component SSR]
    ./components/items/itemDrawer/ItemDrawer.tsx [Server Component]
    ./app/dashboard/page.tsx [Server Component]

https://nextjs.org/docs/messages/module-not-found @ http://localhost:3000/_next/static/chunks/node_modules_next_dist_0u_w_5s._.js:1945
[  642173ms] [ERROR] ./components/ui/popover.tsx:6:1
Module not found: Can't resolve '@/lib/utils'
  4 | import { Popover as PopoverPrimitive } from "radix-ui"
  5 |
> 6 | import { cn } from "@/lib/utils"
    | ^^^^^^^^^^^^^^^^^^^^^^^^^^^^^^^^
  7 |
  8 | function Popover({
  9 |   ...props

Import map: aliased to relative './lib/utils' inside of [project]/

Import traces:
  Client Component Browser:
    ./components/ui/popover.tsx [Client Component Browser]
    ./components/collections/collectionPicker/CollectionPicker.tsx [Client Component Browser]
    ./components/items/itemDrawer/DrawerEditContent.tsx [Client Component Browser]
    ./components/items/itemDrawer/ItemDrawer.tsx [Client Component Browser]
    ./components/items/itemDrawer/ItemDrawer.tsx [Server Component]
    ./app/dashboard/page.tsx [Server Component]

  Client Component SSR:
    ./components/ui/popover.tsx [Client Component SSR]
    ./components/collections/collectionPicker/CollectionPicker.tsx [Client Component SSR]
    ./components/items/itemDrawer/DrawerEditContent.tsx [Client Component SSR]
    ./components/items/itemDrawer/ItemDrawer.tsx [Client Component SSR]
    ./components/items/itemDrawer/ItemDrawer.tsx [Server Component]
    ./app/dashboard/page.tsx [Server Component]

https://nextjs.org/docs/messages/module-not-found @ http://localhost:3000/_next/static/chunks/node_modules_next_dist_0u_w_5s._.js:1945
[  642235ms] [ERROR] ./components/ui/popover.tsx:6:1
Module not found: Can't resolve '@/lib/utils'
  4 | import { Popover as PopoverPrimitive } from "radix-ui"
  5 |
> 6 | import { cn } from "@/lib/utils"
    | ^^^^^^^^^^^^^^^^^^^^^^^^^^^^^^^^
  7 |
  8 | function Popover({
  9 |   ...props

Import map: aliased to relative './lib/utils' inside of [project]/

Import traces:
  Client Component Browser:
    ./components/ui/popover.tsx [Client Component Browser]
    ./components/collections/collectionPicker/CollectionPicker.tsx [Client Component Browser]
    ./components/items/itemDrawer/DrawerEditContent.tsx [Client Component Browser]
    ./components/items/itemDrawer/ItemDrawer.tsx [Client Component Browser]
    ./components/items/itemDrawer/ItemDrawer.tsx [Server Component]
    ./app/dashboard/page.tsx [Server Component]

  Client Component SSR:
    ./components/ui/popover.tsx [Client Component SSR]
    ./components/collections/collectionPicker/CollectionPicker.tsx [Client Component SSR]
    ./components/items/itemDrawer/DrawerEditContent.tsx [Client Component SSR]
    ./components/items/itemDrawer/ItemDrawer.tsx [Client Component SSR]
    ./components/items/itemDrawer/ItemDrawer.tsx [Server Component]
    ./app/dashboard/page.tsx [Server Component]

https://nextjs.org/docs/messages/module-not-found @ http://localhost:3000/_next/static/chunks/node_modules_next_dist_0u_w_5s._.js:1945
[  642297ms] [ERROR] ./components/ui/popover.tsx:6:1
Module not found: Can't resolve '@/lib/utils'
  4 | import { Popover as PopoverPrimitive } from "radix-ui"
  5 |
> 6 | import { cn } from "@/lib/utils"
    | ^^^^^^^^^^^^^^^^^^^^^^^^^^^^^^^^
  7 |
  8 | function Popover({
  9 |   ...props

Import map: aliased to relative './lib/utils' inside of [project]/

Import traces:
  Client Component Browser:
    ./components/ui/popover.tsx [Client Component Browser]
    ./components/collections/collectionPicker/CollectionPicker.tsx [Client Component Browser]
    ./components/items/itemDrawer/DrawerEditContent.tsx [Client Component Browser]
    ./components/items/itemDrawer/ItemDrawer.tsx [Client Component Browser]
    ./components/items/itemDrawer/ItemDrawer.tsx [Server Component]
    ./app/dashboard/page.tsx [Server Component]

  Client Component SSR:
    ./components/ui/popover.tsx [Client Component SSR]
    ./components/collections/collectionPicker/CollectionPicker.tsx [Client Component SSR]
    ./components/items/itemDrawer/DrawerEditContent.tsx [Client Component SSR]
    ./components/items/itemDrawer/ItemDrawer.tsx [Client Component SSR]
    ./components/items/itemDrawer/ItemDrawer.tsx [Server Component]
    ./app/dashboard/page.tsx [Server Component]

https://nextjs.org/docs/messages/module-not-found @ http://localhost:3000/_next/static/chunks/node_modules_next_dist_0u_w_5s._.js:1945
[  642360ms] [ERROR] ./components/ui/popover.tsx:6:1
Module not found: Can't resolve '@/lib/utils'
  4 | import { Popover as PopoverPrimitive } from "radix-ui"
  5 |
> 6 | import { cn } from "@/lib/utils"
    | ^^^^^^^^^^^^^^^^^^^^^^^^^^^^^^^^
  7 |
  8 | function Popover({
  9 |   ...props

Import map: aliased to relative './lib/utils' inside of [project]/

Import traces:
  Client Component Browser:
    ./components/ui/popover.tsx [Client Component Browser]
    ./components/collections/collectionPicker/CollectionPicker.tsx [Client Component Browser]
    ./components/items/itemDrawer/DrawerEditContent.tsx [Client Component Browser]
    ./components/items/itemDrawer/ItemDrawer.tsx [Client Component Browser]
    ./components/items/itemDrawer/ItemDrawer.tsx [Server Component]
    ./app/dashboard/page.tsx [Server Component]

  Client Component SSR:
    ./components/ui/popover.tsx [Client Component SSR]
    ./components/collections/collectionPicker/CollectionPicker.tsx [Client Component SSR]
    ./components/items/itemDrawer/DrawerEditContent.tsx [Client Component SSR]
    ./components/items/itemDrawer/ItemDrawer.tsx [Client Component SSR]
    ./components/items/itemDrawer/ItemDrawer.tsx [Server Component]
    ./app/dashboard/page.tsx [Server Component]

https://nextjs.org/docs/messages/module-not-found @ http://localhost:3000/_next/static/chunks/node_modules_next_dist_0u_w_5s._.js:1945
[  642421ms] [ERROR] ./components/ui/popover.tsx:6:1
Module not found: Can't resolve '@/lib/utils'
  4 | import { Popover as PopoverPrimitive } from "radix-ui"
  5 |
> 6 | import { cn } from "@/lib/utils"
    | ^^^^^^^^^^^^^^^^^^^^^^^^^^^^^^^^
  7 |
  8 | function Popover({
  9 |   ...props

Import map: aliased to relative './lib/utils' inside of [project]/

Import traces:
  Client Component Browser:
    ./components/ui/popover.tsx [Client Component Browser]
    ./components/collections/collectionPicker/CollectionPicker.tsx [Client Component Browser]
    ./components/items/itemDrawer/DrawerEditContent.tsx [Client Component Browser]
    ./components/items/itemDrawer/ItemDrawer.tsx [Client Component Browser]
    ./components/items/itemDrawer/ItemDrawer.tsx [Server Component]
    ./app/dashboard/page.tsx [Server Component]

  Client Component SSR:
    ./components/ui/popover.tsx [Client Component SSR]
    ./components/collections/collectionPicker/CollectionPicker.tsx [Client Component SSR]
    ./components/items/itemDrawer/DrawerEditContent.tsx [Client Component SSR]
    ./components/items/itemDrawer/ItemDrawer.tsx [Client Component SSR]
    ./components/items/itemDrawer/ItemDrawer.tsx [Server Component]
    ./app/dashboard/page.tsx [Server Component]

https://nextjs.org/docs/messages/module-not-found @ http://localhost:3000/_next/static/chunks/node_modules_next_dist_0u_w_5s._.js:1945
[  642481ms] [ERROR] ./components/ui/popover.tsx:6:1
Module not found: Can't resolve '@/lib/utils'
  4 | import { Popover as PopoverPrimitive } from "radix-ui"
  5 |
> 6 | import { cn } from "@/lib/utils"
    | ^^^^^^^^^^^^^^^^^^^^^^^^^^^^^^^^
  7 |
  8 | function Popover({
  9 |   ...props

Import map: aliased to relative './lib/utils' inside of [project]/

Import traces:
  Client Component Browser:
    ./components/ui/popover.tsx [Client Component Browser]
    ./components/collections/collectionPicker/CollectionPicker.tsx [Client Component Browser]
    ./components/items/itemDrawer/DrawerEditContent.tsx [Client Component Browser]
    ./components/items/itemDrawer/ItemDrawer.tsx [Client Component Browser]
    ./components/items/itemDrawer/ItemDrawer.tsx [Server Component]
    ./app/dashboard/page.tsx [Server Component]

  Client Component SSR:
    ./components/ui/popover.tsx [Client Component SSR]
    ./components/collections/collectionPicker/CollectionPicker.tsx [Client Component SSR]
    ./components/items/itemDrawer/DrawerEditContent.tsx [Client Component SSR]
    ./components/items/itemDrawer/ItemDrawer.tsx [Client Component SSR]
    ./components/items/itemDrawer/ItemDrawer.tsx [Server Component]
    ./app/dashboard/page.tsx [Server Component]

https://nextjs.org/docs/messages/module-not-found @ http://localhost:3000/_next/static/chunks/node_modules_next_dist_0u_w_5s._.js:1945
[  642542ms] [ERROR] ./components/ui/popover.tsx:6:1
Module not found: Can't resolve '@/lib/utils'
  4 | import { Popover as PopoverPrimitive } from "radix-ui"
  5 |
> 6 | import { cn } from "@/lib/utils"
    | ^^^^^^^^^^^^^^^^^^^^^^^^^^^^^^^^
  7 |
  8 | function Popover({
  9 |   ...props

Import map: aliased to relative './lib/utils' inside of [project]/

Import traces:
  Client Component Browser:
    ./components/ui/popover.tsx [Client Component Browser]
    ./components/collections/collectionPicker/CollectionPicker.tsx [Client Component Browser]
    ./components/items/itemDrawer/DrawerEditContent.tsx [Client Component Browser]
    ./components/items/itemDrawer/ItemDrawer.tsx [Client Component Browser]
    ./components/items/itemDrawer/ItemDrawer.tsx [Server Component]
    ./app/dashboard/page.tsx [Server Component]

  Client Component SSR:
    ./components/ui/popover.tsx [Client Component SSR]
    ./components/collections/collectionPicker/CollectionPicker.tsx [Client Component SSR]
    ./components/items/itemDrawer/DrawerEditContent.tsx [Client Component SSR]
    ./components/items/itemDrawer/ItemDrawer.tsx [Client Component SSR]
    ./components/items/itemDrawer/ItemDrawer.tsx [Server Component]
    ./app/dashboard/page.tsx [Server Component]

https://nextjs.org/docs/messages/module-not-found @ http://localhost:3000/_next/static/chunks/node_modules_next_dist_0u_w_5s._.js:1945
[  642603ms] [ERROR] ./components/ui/popover.tsx:6:1
Module not found: Can't resolve '@/lib/utils'
  4 | import { Popover as PopoverPrimitive } from "radix-ui"
  5 |
> 6 | import { cn } from "@/lib/utils"
    | ^^^^^^^^^^^^^^^^^^^^^^^^^^^^^^^^
  7 |
  8 | function Popover({
  9 |   ...props

Import map: aliased to relative './lib/utils' inside of [project]/

Import traces:
  Client Component Browser:
    ./components/ui/popover.tsx [Client Component Browser]
    ./components/collections/collectionPicker/CollectionPicker.tsx [Client Component Browser]
    ./components/items/itemDrawer/DrawerEditContent.tsx [Client Component Browser]
    ./components/items/itemDrawer/ItemDrawer.tsx [Client Component Browser]
    ./components/items/itemDrawer/ItemDrawer.tsx [Server Component]
    ./app/dashboard/page.tsx [Server Component]

  Client Component SSR:
    ./components/ui/popover.tsx [Client Component SSR]
    ./components/collections/collectionPicker/CollectionPicker.tsx [Client Component SSR]
    ./components/items/itemDrawer/DrawerEditContent.tsx [Client Component SSR]
    ./components/items/itemDrawer/ItemDrawer.tsx [Client Component SSR]
    ./components/items/itemDrawer/ItemDrawer.tsx [Server Component]
    ./app/dashboard/page.tsx [Server Component]

https://nextjs.org/docs/messages/module-not-found @ http://localhost:3000/_next/static/chunks/node_modules_next_dist_0u_w_5s._.js:1945
[  642665ms] [ERROR] ./components/ui/popover.tsx:6:1
Module not found: Can't resolve '@/lib/utils'
  4 | import { Popover as PopoverPrimitive } from "radix-ui"
  5 |
> 6 | import { cn } from "@/lib/utils"
    | ^^^^^^^^^^^^^^^^^^^^^^^^^^^^^^^^
  7 |
  8 | function Popover({
  9 |   ...props

Import map: aliased to relative './lib/utils' inside of [project]/

Import traces:
  Client Component Browser:
    ./components/ui/popover.tsx [Client Component Browser]
    ./components/collections/collectionPicker/CollectionPicker.tsx [Client Component Browser]
    ./components/items/itemDrawer/DrawerEditContent.tsx [Client Component Browser]
    ./components/items/itemDrawer/ItemDrawer.tsx [Client Component Browser]
    ./components/items/itemDrawer/ItemDrawer.tsx [Server Component]
    ./app/dashboard/page.tsx [Server Component]

  Client Component SSR:
    ./components/ui/popover.tsx [Client Component SSR]
    ./components/collections/collectionPicker/CollectionPicker.tsx [Client Component SSR]
    ./components/items/itemDrawer/DrawerEditContent.tsx [Client Component SSR]
    ./components/items/itemDrawer/ItemDrawer.tsx [Client Component SSR]
    ./components/items/itemDrawer/ItemDrawer.tsx [Server Component]
    ./app/dashboard/page.tsx [Server Component]

https://nextjs.org/docs/messages/module-not-found @ http://localhost:3000/_next/static/chunks/node_modules_next_dist_0u_w_5s._.js:1945
[  642727ms] [ERROR] ./components/ui/popover.tsx:6:1
Module not found: Can't resolve '@/lib/utils'
  4 | import { Popover as PopoverPrimitive } from "radix-ui"
  5 |
> 6 | import { cn } from "@/lib/utils"
    | ^^^^^^^^^^^^^^^^^^^^^^^^^^^^^^^^
  7 |
  8 | function Popover({
  9 |   ...props

Import map: aliased to relative './lib/utils' inside of [project]/

Import traces:
  Client Component Browser:
    ./components/ui/popover.tsx [Client Component Browser]
    ./components/collections/collectionPicker/CollectionPicker.tsx [Client Component Browser]
    ./components/items/itemDrawer/DrawerEditContent.tsx [Client Component Browser]
    ./components/items/itemDrawer/ItemDrawer.tsx [Client Component Browser]
    ./components/items/itemDrawer/ItemDrawer.tsx [Server Component]
    ./app/dashboard/page.tsx [Server Component]

  Client Component SSR:
    ./components/ui/popover.tsx [Client Component SSR]
    ./components/collections/collectionPicker/CollectionPicker.tsx [Client Component SSR]
    ./components/items/itemDrawer/DrawerEditContent.tsx [Client Component SSR]
    ./components/items/itemDrawer/ItemDrawer.tsx [Client Component SSR]
    ./components/items/itemDrawer/ItemDrawer.tsx [Server Component]
    ./app/dashboard/page.tsx [Server Component]

https://nextjs.org/docs/messages/module-not-found @ http://localhost:3000/_next/static/chunks/node_modules_next_dist_0u_w_5s._.js:1945
[  642790ms] [ERROR] ./components/ui/popover.tsx:6:1
Module not found: Can't resolve '@/lib/utils'
  4 | import { Popover as PopoverPrimitive } from "radix-ui"
  5 |
> 6 | import { cn } from "@/lib/utils"
    | ^^^^^^^^^^^^^^^^^^^^^^^^^^^^^^^^
  7 |
  8 | function Popover({
  9 |   ...props

Import map: aliased to relative './lib/utils' inside of [project]/

Import traces:
  Client Component Browser:
    ./components/ui/popover.tsx [Client Component Browser]
    ./components/collections/collectionPicker/CollectionPicker.tsx [Client Component Browser]
    ./components/items/itemDrawer/DrawerEditContent.tsx [Client Component Browser]
    ./components/items/itemDrawer/ItemDrawer.tsx [Client Component Browser]
    ./components/items/itemDrawer/ItemDrawer.tsx [Server Component]
    ./app/dashboard/page.tsx [Server Component]

  Client Component SSR:
    ./components/ui/popover.tsx [Client Component SSR]
    ./components/collections/collectionPicker/CollectionPicker.tsx [Client Component SSR]
    ./components/items/itemDrawer/DrawerEditContent.tsx [Client Component SSR]
    ./components/items/itemDrawer/ItemDrawer.tsx [Client Component SSR]
    ./components/items/itemDrawer/ItemDrawer.tsx [Server Component]
    ./app/dashboard/page.tsx [Server Component]

https://nextjs.org/docs/messages/module-not-found @ http://localhost:3000/_next/static/chunks/node_modules_next_dist_0u_w_5s._.js:1945
[  642852ms] [ERROR] ./components/ui/popover.tsx:6:1
Module not found: Can't resolve '@/lib/utils'
  4 | import { Popover as PopoverPrimitive } from "radix-ui"
  5 |
> 6 | import { cn } from "@/lib/utils"
    | ^^^^^^^^^^^^^^^^^^^^^^^^^^^^^^^^
  7 |
  8 | function Popover({
  9 |   ...props

Import map: aliased to relative './lib/utils' inside of [project]/

Import traces:
  Client Component Browser:
    ./components/ui/popover.tsx [Client Component Browser]
    ./components/collections/collectionPicker/CollectionPicker.tsx [Client Component Browser]
    ./components/items/itemDrawer/DrawerEditContent.tsx [Client Component Browser]
    ./components/items/itemDrawer/ItemDrawer.tsx [Client Component Browser]
    ./components/items/itemDrawer/ItemDrawer.tsx [Server Component]
    ./app/dashboard/page.tsx [Server Component]

  Client Component SSR:
    ./components/ui/popover.tsx [Client Component SSR]
    ./components/collections/collectionPicker/CollectionPicker.tsx [Client Component SSR]
    ./components/items/itemDrawer/DrawerEditContent.tsx [Client Component SSR]
    ./components/items/itemDrawer/ItemDrawer.tsx [Client Component SSR]
    ./components/items/itemDrawer/ItemDrawer.tsx [Server Component]
    ./app/dashboard/page.tsx [Server Component]

https://nextjs.org/docs/messages/module-not-found @ http://localhost:3000/_next/static/chunks/node_modules_next_dist_0u_w_5s._.js:1945
[  642915ms] [ERROR] ./components/ui/popover.tsx:6:1
Module not found: Can't resolve '@/lib/utils'
  4 | import { Popover as PopoverPrimitive } from "radix-ui"
  5 |
> 6 | import { cn } from "@/lib/utils"
    | ^^^^^^^^^^^^^^^^^^^^^^^^^^^^^^^^
  7 |
  8 | function Popover({
  9 |   ...props

Import map: aliased to relative './lib/utils' inside of [project]/

Import traces:
  Client Component Browser:
    ./components/ui/popover.tsx [Client Component Browser]
    ./components/collections/collectionPicker/CollectionPicker.tsx [Client Component Browser]
    ./components/items/itemDrawer/DrawerEditContent.tsx [Client Component Browser]
    ./components/items/itemDrawer/ItemDrawer.tsx [Client Component Browser]
    ./components/items/itemDrawer/ItemDrawer.tsx [Server Component]
    ./app/dashboard/page.tsx [Server Component]

  Client Component SSR:
    ./components/ui/popover.tsx [Client Component SSR]
    ./components/collections/collectionPicker/CollectionPicker.tsx [Client Component SSR]
    ./components/items/itemDrawer/DrawerEditContent.tsx [Client Component SSR]
    ./components/items/itemDrawer/ItemDrawer.tsx [Client Component SSR]
    ./components/items/itemDrawer/ItemDrawer.tsx [Server Component]
    ./app/dashboard/page.tsx [Server Component]

https://nextjs.org/docs/messages/module-not-found @ http://localhost:3000/_next/static/chunks/node_modules_next_dist_0u_w_5s._.js:1945
[  642976ms] [ERROR] ./components/ui/popover.tsx:6:1
Module not found: Can't resolve '@/lib/utils'
  4 | import { Popover as PopoverPrimitive } from "radix-ui"
  5 |
> 6 | import { cn } from "@/lib/utils"
    | ^^^^^^^^^^^^^^^^^^^^^^^^^^^^^^^^
  7 |
  8 | function Popover({
  9 |   ...props

Import map: aliased to relative './lib/utils' inside of [project]/

Import traces:
  Client Component Browser:
    ./components/ui/popover.tsx [Client Component Browser]
    ./components/collections/collectionPicker/CollectionPicker.tsx [Client Component Browser]
    ./components/items/itemDrawer/DrawerEditContent.tsx [Client Component Browser]
    ./components/items/itemDrawer/ItemDrawer.tsx [Client Component Browser]
    ./components/items/itemDrawer/ItemDrawer.tsx [Server Component]
    ./app/dashboard/page.tsx [Server Component]

  Client Component SSR:
    ./components/ui/popover.tsx [Client Component SSR]
    ./components/collections/collectionPicker/CollectionPicker.tsx [Client Component SSR]
    ./components/items/itemDrawer/DrawerEditContent.tsx [Client Component SSR]
    ./components/items/itemDrawer/ItemDrawer.tsx [Client Component SSR]
    ./components/items/itemDrawer/ItemDrawer.tsx [Server Component]
    ./app/dashboard/page.tsx [Server Component]

https://nextjs.org/docs/messages/module-not-found @ http://localhost:3000/_next/static/chunks/node_modules_next_dist_0u_w_5s._.js:1945
[  643038ms] [ERROR] ./components/ui/popover.tsx:6:1
Module not found: Can't resolve '@/lib/utils'
  4 | import { Popover as PopoverPrimitive } from "radix-ui"
  5 |
> 6 | import { cn } from "@/lib/utils"
    | ^^^^^^^^^^^^^^^^^^^^^^^^^^^^^^^^
  7 |
  8 | function Popover({
  9 |   ...props

Import map: aliased to relative './lib/utils' inside of [project]/

Import traces:
  Client Component Browser:
    ./components/ui/popover.tsx [Client Component Browser]
    ./components/collections/collectionPicker/CollectionPicker.tsx [Client Component Browser]
    ./components/items/itemDrawer/DrawerEditContent.tsx [Client Component Browser]
    ./components/items/itemDrawer/ItemDrawer.tsx [Client Component Browser]
    ./components/items/itemDrawer/ItemDrawer.tsx [Server Component]
    ./app/dashboard/page.tsx [Server Component]

  Client Component SSR:
    ./components/ui/popover.tsx [Client Component SSR]
    ./components/collections/collectionPicker/CollectionPicker.tsx [Client Component SSR]
    ./components/items/itemDrawer/DrawerEditContent.tsx [Client Component SSR]
    ./components/items/itemDrawer/ItemDrawer.tsx [Client Component SSR]
    ./components/items/itemDrawer/ItemDrawer.tsx [Server Component]
    ./app/dashboard/page.tsx [Server Component]

https://nextjs.org/docs/messages/module-not-found @ http://localhost:3000/_next/static/chunks/node_modules_next_dist_0u_w_5s._.js:1945
[  643099ms] [ERROR] ./components/ui/popover.tsx:6:1
Module not found: Can't resolve '@/lib/utils'
  4 | import { Popover as PopoverPrimitive } from "radix-ui"
  5 |
> 6 | import { cn } from "@/lib/utils"
    | ^^^^^^^^^^^^^^^^^^^^^^^^^^^^^^^^
  7 |
  8 | function Popover({
  9 |   ...props

Import map: aliased to relative './lib/utils' inside of [project]/

Import traces:
  Client Component Browser:
    ./components/ui/popover.tsx [Client Component Browser]
    ./components/collections/collectionPicker/CollectionPicker.tsx [Client Component Browser]
    ./components/items/itemDrawer/DrawerEditContent.tsx [Client Component Browser]
    ./components/items/itemDrawer/ItemDrawer.tsx [Client Component Browser]
    ./components/items/itemDrawer/ItemDrawer.tsx [Server Component]
    ./app/dashboard/page.tsx [Server Component]

  Client Component SSR:
    ./components/ui/popover.tsx [Client Component SSR]
    ./components/collections/collectionPicker/CollectionPicker.tsx [Client Component SSR]
    ./components/items/itemDrawer/DrawerEditContent.tsx [Client Component SSR]
    ./components/items/itemDrawer/ItemDrawer.tsx [Client Component SSR]
    ./components/items/itemDrawer/ItemDrawer.tsx [Server Component]
    ./app/dashboard/page.tsx [Server Component]

https://nextjs.org/docs/messages/module-not-found @ http://localhost:3000/_next/static/chunks/node_modules_next_dist_0u_w_5s._.js:1945
[  643160ms] [ERROR] ./components/ui/popover.tsx:6:1
Module not found: Can't resolve '@/lib/utils'
  4 | import { Popover as PopoverPrimitive } from "radix-ui"
  5 |
> 6 | import { cn } from "@/lib/utils"
    | ^^^^^^^^^^^^^^^^^^^^^^^^^^^^^^^^
  7 |
  8 | function Popover({
  9 |   ...props

Import map: aliased to relative './lib/utils' inside of [project]/

Import traces:
  Client Component Browser:
    ./components/ui/popover.tsx [Client Component Browser]
    ./components/collections/collectionPicker/CollectionPicker.tsx [Client Component Browser]
    ./components/items/itemDrawer/DrawerEditContent.tsx [Client Component Browser]
    ./components/items/itemDrawer/ItemDrawer.tsx [Client Component Browser]
    ./components/items/itemDrawer/ItemDrawer.tsx [Server Component]
    ./app/dashboard/page.tsx [Server Component]

  Client Component SSR:
    ./components/ui/popover.tsx [Client Component SSR]
    ./components/collections/collectionPicker/CollectionPicker.tsx [Client Component SSR]
    ./components/items/itemDrawer/DrawerEditContent.tsx [Client Component SSR]
    ./components/items/itemDrawer/ItemDrawer.tsx [Client Component SSR]
    ./components/items/itemDrawer/ItemDrawer.tsx [Server Component]
    ./app/dashboard/page.tsx [Server Component]

https://nextjs.org/docs/messages/module-not-found @ http://localhost:3000/_next/static/chunks/node_modules_next_dist_0u_w_5s._.js:1945
[  643222ms] [ERROR] ./components/ui/popover.tsx:6:1
Module not found: Can't resolve '@/lib/utils'
  4 | import { Popover as PopoverPrimitive } from "radix-ui"
  5 |
> 6 | import { cn } from "@/lib/utils"
    | ^^^^^^^^^^^^^^^^^^^^^^^^^^^^^^^^
  7 |
  8 | function Popover({
  9 |   ...props

Import map: aliased to relative './lib/utils' inside of [project]/

Import traces:
  Client Component Browser:
    ./components/ui/popover.tsx [Client Component Browser]
    ./components/collections/collectionPicker/CollectionPicker.tsx [Client Component Browser]
    ./components/items/itemDrawer/DrawerEditContent.tsx [Client Component Browser]
    ./components/items/itemDrawer/ItemDrawer.tsx [Client Component Browser]
    ./components/items/itemDrawer/ItemDrawer.tsx [Server Component]
    ./app/dashboard/page.tsx [Server Component]

  Client Component SSR:
    ./components/ui/popover.tsx [Client Component SSR]
    ./components/collections/collectionPicker/CollectionPicker.tsx [Client Component SSR]
    ./components/items/itemDrawer/DrawerEditContent.tsx [Client Component SSR]
    ./components/items/itemDrawer/ItemDrawer.tsx [Client Component SSR]
    ./components/items/itemDrawer/ItemDrawer.tsx [Server Component]
    ./app/dashboard/page.tsx [Server Component]

https://nextjs.org/docs/messages/module-not-found @ http://localhost:3000/_next/static/chunks/node_modules_next_dist_0u_w_5s._.js:1945
[  643286ms] [ERROR] ./components/ui/popover.tsx:6:1
Module not found: Can't resolve '@/lib/utils'
  4 | import { Popover as PopoverPrimitive } from "radix-ui"
  5 |
> 6 | import { cn } from "@/lib/utils"
    | ^^^^^^^^^^^^^^^^^^^^^^^^^^^^^^^^
  7 |
  8 | function Popover({
  9 |   ...props

Import map: aliased to relative './lib/utils' inside of [project]/

Import traces:
  Client Component Browser:
    ./components/ui/popover.tsx [Client Component Browser]
    ./components/collections/collectionPicker/CollectionPicker.tsx [Client Component Browser]
    ./components/items/itemDrawer/DrawerEditContent.tsx [Client Component Browser]
    ./components/items/itemDrawer/ItemDrawer.tsx [Client Component Browser]
    ./components/items/itemDrawer/ItemDrawer.tsx [Server Component]
    ./app/dashboard/page.tsx [Server Component]

  Client Component SSR:
    ./components/ui/popover.tsx [Client Component SSR]
    ./components/collections/collectionPicker/CollectionPicker.tsx [Client Component SSR]
    ./components/items/itemDrawer/DrawerEditContent.tsx [Client Component SSR]
    ./components/items/itemDrawer/ItemDrawer.tsx [Client Component SSR]
    ./components/items/itemDrawer/ItemDrawer.tsx [Server Component]
    ./app/dashboard/page.tsx [Server Component]

https://nextjs.org/docs/messages/module-not-found @ http://localhost:3000/_next/static/chunks/node_modules_next_dist_0u_w_5s._.js:1945
[  643348ms] [ERROR] ./components/ui/popover.tsx:6:1
Module not found: Can't resolve '@/lib/utils'
  4 | import { Popover as PopoverPrimitive } from "radix-ui"
  5 |
> 6 | import { cn } from "@/lib/utils"
    | ^^^^^^^^^^^^^^^^^^^^^^^^^^^^^^^^
  7 |
  8 | function Popover({
  9 |   ...props

Import map: aliased to relative './lib/utils' inside of [project]/

Import traces:
  Client Component Browser:
    ./components/ui/popover.tsx [Client Component Browser]
    ./components/collections/collectionPicker/CollectionPicker.tsx [Client Component Browser]
    ./components/items/itemDrawer/DrawerEditContent.tsx [Client Component Browser]
    ./components/items/itemDrawer/ItemDrawer.tsx [Client Component Browser]
    ./components/items/itemDrawer/ItemDrawer.tsx [Server Component]
    ./app/dashboard/page.tsx [Server Component]

  Client Component SSR:
    ./components/ui/popover.tsx [Client Component SSR]
    ./components/collections/collectionPicker/CollectionPicker.tsx [Client Component SSR]
    ./components/items/itemDrawer/DrawerEditContent.tsx [Client Component SSR]
    ./components/items/itemDrawer/ItemDrawer.tsx [Client Component SSR]
    ./components/items/itemDrawer/ItemDrawer.tsx [Server Component]
    ./app/dashboard/page.tsx [Server Component]

https://nextjs.org/docs/messages/module-not-found @ http://localhost:3000/_next/static/chunks/node_modules_next_dist_0u_w_5s._.js:1945
[  643409ms] [ERROR] ./components/ui/popover.tsx:6:1
Module not found: Can't resolve '@/lib/utils'
  4 | import { Popover as PopoverPrimitive } from "radix-ui"
  5 |
> 6 | import { cn } from "@/lib/utils"
    | ^^^^^^^^^^^^^^^^^^^^^^^^^^^^^^^^
  7 |
  8 | function Popover({
  9 |   ...props

Import map: aliased to relative './lib/utils' inside of [project]/

Import traces:
  Client Component Browser:
    ./components/ui/popover.tsx [Client Component Browser]
    ./components/collections/collectionPicker/CollectionPicker.tsx [Client Component Browser]
    ./components/items/itemDrawer/DrawerEditContent.tsx [Client Component Browser]
    ./components/items/itemDrawer/ItemDrawer.tsx [Client Component Browser]
    ./components/items/itemDrawer/ItemDrawer.tsx [Server Component]
    ./app/dashboard/page.tsx [Server Component]

  Client Component SSR:
    ./components/ui/popover.tsx [Client Component SSR]
    ./components/collections/collectionPicker/CollectionPicker.tsx [Client Component SSR]
    ./components/items/itemDrawer/DrawerEditContent.tsx [Client Component SSR]
    ./components/items/itemDrawer/ItemDrawer.tsx [Client Component SSR]
    ./components/items/itemDrawer/ItemDrawer.tsx [Server Component]
    ./app/dashboard/page.tsx [Server Component]

https://nextjs.org/docs/messages/module-not-found @ http://localhost:3000/_next/static/chunks/node_modules_next_dist_0u_w_5s._.js:1945
[  643471ms] [ERROR] ./components/ui/popover.tsx:6:1
Module not found: Can't resolve '@/lib/utils'
  4 | import { Popover as PopoverPrimitive } from "radix-ui"
  5 |
> 6 | import { cn } from "@/lib/utils"
    | ^^^^^^^^^^^^^^^^^^^^^^^^^^^^^^^^
  7 |
  8 | function Popover({
  9 |   ...props

Import map: aliased to relative './lib/utils' inside of [project]/

Import traces:
  Client Component Browser:
    ./components/ui/popover.tsx [Client Component Browser]
    ./components/collections/collectionPicker/CollectionPicker.tsx [Client Component Browser]
    ./components/items/itemDrawer/DrawerEditContent.tsx [Client Component Browser]
    ./components/items/itemDrawer/ItemDrawer.tsx [Client Component Browser]
    ./components/items/itemDrawer/ItemDrawer.tsx [Server Component]
    ./app/dashboard/page.tsx [Server Component]

  Client Component SSR:
    ./components/ui/popover.tsx [Client Component SSR]
    ./components/collections/collectionPicker/CollectionPicker.tsx [Client Component SSR]
    ./components/items/itemDrawer/DrawerEditContent.tsx [Client Component SSR]
    ./components/items/itemDrawer/ItemDrawer.tsx [Client Component SSR]
    ./components/items/itemDrawer/ItemDrawer.tsx [Server Component]
    ./app/dashboard/page.tsx [Server Component]

https://nextjs.org/docs/messages/module-not-found @ http://localhost:3000/_next/static/chunks/node_modules_next_dist_0u_w_5s._.js:1945
[  643533ms] [ERROR] ./components/ui/popover.tsx:6:1
Module not found: Can't resolve '@/lib/utils'
  4 | import { Popover as PopoverPrimitive } from "radix-ui"
  5 |
> 6 | import { cn } from "@/lib/utils"
    | ^^^^^^^^^^^^^^^^^^^^^^^^^^^^^^^^
  7 |
  8 | function Popover({
  9 |   ...props

Import map: aliased to relative './lib/utils' inside of [project]/

Import traces:
  Client Component Browser:
    ./components/ui/popover.tsx [Client Component Browser]
    ./components/collections/collectionPicker/CollectionPicker.tsx [Client Component Browser]
    ./components/items/itemDrawer/DrawerEditContent.tsx [Client Component Browser]
    ./components/items/itemDrawer/ItemDrawer.tsx [Client Component Browser]
    ./components/items/itemDrawer/ItemDrawer.tsx [Server Component]
    ./app/dashboard/page.tsx [Server Component]

  Client Component SSR:
    ./components/ui/popover.tsx [Client Component SSR]
    ./components/collections/collectionPicker/CollectionPicker.tsx [Client Component SSR]
    ./components/items/itemDrawer/DrawerEditContent.tsx [Client Component SSR]
    ./components/items/itemDrawer/ItemDrawer.tsx [Client Component SSR]
    ./components/items/itemDrawer/ItemDrawer.tsx [Server Component]
    ./app/dashboard/page.tsx [Server Component]

https://nextjs.org/docs/messages/module-not-found @ http://localhost:3000/_next/static/chunks/node_modules_next_dist_0u_w_5s._.js:1945
[  643595ms] [ERROR] ./components/ui/popover.tsx:6:1
Module not found: Can't resolve '@/lib/utils'
  4 | import { Popover as PopoverPrimitive } from "radix-ui"
  5 |
> 6 | import { cn } from "@/lib/utils"
    | ^^^^^^^^^^^^^^^^^^^^^^^^^^^^^^^^
  7 |
  8 | function Popover({
  9 |   ...props

Import map: aliased to relative './lib/utils' inside of [project]/

Import traces:
  Client Component Browser:
    ./components/ui/popover.tsx [Client Component Browser]
    ./components/collections/collectionPicker/CollectionPicker.tsx [Client Component Browser]
    ./components/items/itemDrawer/DrawerEditContent.tsx [Client Component Browser]
    ./components/items/itemDrawer/ItemDrawer.tsx [Client Component Browser]
    ./components/items/itemDrawer/ItemDrawer.tsx [Server Component]
    ./app/dashboard/page.tsx [Server Component]

  Client Component SSR:
    ./components/ui/popover.tsx [Client Component SSR]
    ./components/collections/collectionPicker/CollectionPicker.tsx [Client Component SSR]
    ./components/items/itemDrawer/DrawerEditContent.tsx [Client Component SSR]
    ./components/items/itemDrawer/ItemDrawer.tsx [Client Component SSR]
    ./components/items/itemDrawer/ItemDrawer.tsx [Server Component]
    ./app/dashboard/page.tsx [Server Component]

https://nextjs.org/docs/messages/module-not-found @ http://localhost:3000/_next/static/chunks/node_modules_next_dist_0u_w_5s._.js:1945
[  643657ms] [ERROR] ./components/ui/popover.tsx:6:1
Module not found: Can't resolve '@/lib/utils'
  4 | import { Popover as PopoverPrimitive } from "radix-ui"
  5 |
> 6 | import { cn } from "@/lib/utils"
    | ^^^^^^^^^^^^^^^^^^^^^^^^^^^^^^^^
  7 |
  8 | function Popover({
  9 |   ...props

Import map: aliased to relative './lib/utils' inside of [project]/

Import traces:
  Client Component Browser:
    ./components/ui/popover.tsx [Client Component Browser]
    ./components/collections/collectionPicker/CollectionPicker.tsx [Client Component Browser]
    ./components/items/itemDrawer/DrawerEditContent.tsx [Client Component Browser]
    ./components/items/itemDrawer/ItemDrawer.tsx [Client Component Browser]
    ./components/items/itemDrawer/ItemDrawer.tsx [Server Component]
    ./app/dashboard/page.tsx [Server Component]

  Client Component SSR:
    ./components/ui/popover.tsx [Client Component SSR]
    ./components/collections/collectionPicker/CollectionPicker.tsx [Client Component SSR]
    ./components/items/itemDrawer/DrawerEditContent.tsx [Client Component SSR]
    ./components/items/itemDrawer/ItemDrawer.tsx [Client Component SSR]
    ./components/items/itemDrawer/ItemDrawer.tsx [Server Component]
    ./app/dashboard/page.tsx [Server Component]

https://nextjs.org/docs/messages/module-not-found @ http://localhost:3000/_next/static/chunks/node_modules_next_dist_0u_w_5s._.js:1945
[  643719ms] [ERROR] ./components/ui/popover.tsx:6:1
Module not found: Can't resolve '@/lib/utils'
  4 | import { Popover as PopoverPrimitive } from "radix-ui"
  5 |
> 6 | import { cn } from "@/lib/utils"
    | ^^^^^^^^^^^^^^^^^^^^^^^^^^^^^^^^
  7 |
  8 | function Popover({
  9 |   ...props

Import map: aliased to relative './lib/utils' inside of [project]/

Import traces:
  Client Component Browser:
    ./components/ui/popover.tsx [Client Component Browser]
    ./components/collections/collectionPicker/CollectionPicker.tsx [Client Component Browser]
    ./components/items/itemDrawer/DrawerEditContent.tsx [Client Component Browser]
    ./components/items/itemDrawer/ItemDrawer.tsx [Client Component Browser]
    ./components/items/itemDrawer/ItemDrawer.tsx [Server Component]
    ./app/dashboard/page.tsx [Server Component]

  Client Component SSR:
    ./components/ui/popover.tsx [Client Component SSR]
    ./components/collections/collectionPicker/CollectionPicker.tsx [Client Component SSR]
    ./components/items/itemDrawer/DrawerEditContent.tsx [Client Component SSR]
    ./components/items/itemDrawer/ItemDrawer.tsx [Client Component SSR]
    ./components/items/itemDrawer/ItemDrawer.tsx [Server Component]
    ./app/dashboard/page.tsx [Server Component]

https://nextjs.org/docs/messages/module-not-found @ http://localhost:3000/_next/static/chunks/node_modules_next_dist_0u_w_5s._.js:1945
[  643780ms] [ERROR] ./components/ui/popover.tsx:6:1
Module not found: Can't resolve '@/lib/utils'
  4 | import { Popover as PopoverPrimitive } from "radix-ui"
  5 |
> 6 | import { cn } from "@/lib/utils"
    | ^^^^^^^^^^^^^^^^^^^^^^^^^^^^^^^^
  7 |
  8 | function Popover({
  9 |   ...props

Import map: aliased to relative './lib/utils' inside of [project]/

Import traces:
  Client Component Browser:
    ./components/ui/popover.tsx [Client Component Browser]
    ./components/collections/collectionPicker/CollectionPicker.tsx [Client Component Browser]
    ./components/items/itemDrawer/DrawerEditContent.tsx [Client Component Browser]
    ./components/items/itemDrawer/ItemDrawer.tsx [Client Component Browser]
    ./components/items/itemDrawer/ItemDrawer.tsx [Server Component]
    ./app/dashboard/page.tsx [Server Component]

  Client Component SSR:
    ./components/ui/popover.tsx [Client Component SSR]
    ./components/collections/collectionPicker/CollectionPicker.tsx [Client Component SSR]
    ./components/items/itemDrawer/DrawerEditContent.tsx [Client Component SSR]
    ./components/items/itemDrawer/ItemDrawer.tsx [Client Component SSR]
    ./components/items/itemDrawer/ItemDrawer.tsx [Server Component]
    ./app/dashboard/page.tsx [Server Component]

https://nextjs.org/docs/messages/module-not-found @ http://localhost:3000/_next/static/chunks/node_modules_next_dist_0u_w_5s._.js:1945
[  643843ms] [ERROR] ./components/ui/popover.tsx:6:1
Module not found: Can't resolve '@/lib/utils'
  4 | import { Popover as PopoverPrimitive } from "radix-ui"
  5 |
> 6 | import { cn } from "@/lib/utils"
    | ^^^^^^^^^^^^^^^^^^^^^^^^^^^^^^^^
  7 |
  8 | function Popover({
  9 |   ...props

Import map: aliased to relative './lib/utils' inside of [project]/

Import traces:
  Client Component Browser:
    ./components/ui/popover.tsx [Client Component Browser]
    ./components/collections/collectionPicker/CollectionPicker.tsx [Client Component Browser]
    ./components/items/itemDrawer/DrawerEditContent.tsx [Client Component Browser]
    ./components/items/itemDrawer/ItemDrawer.tsx [Client Component Browser]
    ./components/items/itemDrawer/ItemDrawer.tsx [Server Component]
    ./app/dashboard/page.tsx [Server Component]

  Client Component SSR:
    ./components/ui/popover.tsx [Client Component SSR]
    ./components/collections/collectionPicker/CollectionPicker.tsx [Client Component SSR]
    ./components/items/itemDrawer/DrawerEditContent.tsx [Client Component SSR]
    ./components/items/itemDrawer/ItemDrawer.tsx [Client Component SSR]
    ./components/items/itemDrawer/ItemDrawer.tsx [Server Component]
    ./app/dashboard/page.tsx [Server Component]

https://nextjs.org/docs/messages/module-not-found @ http://localhost:3000/_next/static/chunks/node_modules_next_dist_0u_w_5s._.js:1945
[  643905ms] [ERROR] ./components/ui/popover.tsx:6:1
Module not found: Can't resolve '@/lib/utils'
  4 | import { Popover as PopoverPrimitive } from "radix-ui"
  5 |
> 6 | import { cn } from "@/lib/utils"
    | ^^^^^^^^^^^^^^^^^^^^^^^^^^^^^^^^
  7 |
  8 | function Popover({
  9 |   ...props

Import map: aliased to relative './lib/utils' inside of [project]/

Import traces:
  Client Component Browser:
    ./components/ui/popover.tsx [Client Component Browser]
    ./components/collections/collectionPicker/CollectionPicker.tsx [Client Component Browser]
    ./components/items/itemDrawer/DrawerEditContent.tsx [Client Component Browser]
    ./components/items/itemDrawer/ItemDrawer.tsx [Client Component Browser]
    ./components/items/itemDrawer/ItemDrawer.tsx [Server Component]
    ./app/dashboard/page.tsx [Server Component]

  Client Component SSR:
    ./components/ui/popover.tsx [Client Component SSR]
    ./components/collections/collectionPicker/CollectionPicker.tsx [Client Component SSR]
    ./components/items/itemDrawer/DrawerEditContent.tsx [Client Component SSR]
    ./components/items/itemDrawer/ItemDrawer.tsx [Client Component SSR]
    ./components/items/itemDrawer/ItemDrawer.tsx [Server Component]
    ./app/dashboard/page.tsx [Server Component]

https://nextjs.org/docs/messages/module-not-found @ http://localhost:3000/_next/static/chunks/node_modules_next_dist_0u_w_5s._.js:1945
[  643967ms] [ERROR] ./components/ui/popover.tsx:6:1
Module not found: Can't resolve '@/lib/utils'
  4 | import { Popover as PopoverPrimitive } from "radix-ui"
  5 |
> 6 | import { cn } from "@/lib/utils"
    | ^^^^^^^^^^^^^^^^^^^^^^^^^^^^^^^^
  7 |
  8 | function Popover({
  9 |   ...props

Import map: aliased to relative './lib/utils' inside of [project]/

Import traces:
  Client Component Browser:
    ./components/ui/popover.tsx [Client Component Browser]
    ./components/collections/collectionPicker/CollectionPicker.tsx [Client Component Browser]
    ./components/items/itemDrawer/DrawerEditContent.tsx [Client Component Browser]
    ./components/items/itemDrawer/ItemDrawer.tsx [Client Component Browser]
    ./components/items/itemDrawer/ItemDrawer.tsx [Server Component]
    ./app/dashboard/page.tsx [Server Component]

  Client Component SSR:
    ./components/ui/popover.tsx [Client Component SSR]
    ./components/collections/collectionPicker/CollectionPicker.tsx [Client Component SSR]
    ./components/items/itemDrawer/DrawerEditContent.tsx [Client Component SSR]
    ./components/items/itemDrawer/ItemDrawer.tsx [Client Component SSR]
    ./components/items/itemDrawer/ItemDrawer.tsx [Server Component]
    ./app/dashboard/page.tsx [Server Component]

https://nextjs.org/docs/messages/module-not-found @ http://localhost:3000/_next/static/chunks/node_modules_next_dist_0u_w_5s._.js:1945
[  644029ms] [ERROR] ./components/ui/popover.tsx:6:1
Module not found: Can't resolve '@/lib/utils'
  4 | import { Popover as PopoverPrimitive } from "radix-ui"
  5 |
> 6 | import { cn } from "@/lib/utils"
    | ^^^^^^^^^^^^^^^^^^^^^^^^^^^^^^^^
  7 |
  8 | function Popover({
  9 |   ...props

Import map: aliased to relative './lib/utils' inside of [project]/

Import traces:
  Client Component Browser:
    ./components/ui/popover.tsx [Client Component Browser]
    ./components/collections/collectionPicker/CollectionPicker.tsx [Client Component Browser]
    ./components/items/itemDrawer/DrawerEditContent.tsx [Client Component Browser]
    ./components/items/itemDrawer/ItemDrawer.tsx [Client Component Browser]
    ./components/items/itemDrawer/ItemDrawer.tsx [Server Component]
    ./app/dashboard/page.tsx [Server Component]

  Client Component SSR:
    ./components/ui/popover.tsx [Client Component SSR]
    ./components/collections/collectionPicker/CollectionPicker.tsx [Client Component SSR]
    ./components/items/itemDrawer/DrawerEditContent.tsx [Client Component SSR]
    ./components/items/itemDrawer/ItemDrawer.tsx [Client Component SSR]
    ./components/items/itemDrawer/ItemDrawer.tsx [Server Component]
    ./app/dashboard/page.tsx [Server Component]

https://nextjs.org/docs/messages/module-not-found @ http://localhost:3000/_next/static/chunks/node_modules_next_dist_0u_w_5s._.js:1945
[  644089ms] [ERROR] ./components/ui/popover.tsx:6:1
Module not found: Can't resolve '@/lib/utils'
  4 | import { Popover as PopoverPrimitive } from "radix-ui"
  5 |
> 6 | import { cn } from "@/lib/utils"
    | ^^^^^^^^^^^^^^^^^^^^^^^^^^^^^^^^
  7 |
  8 | function Popover({
  9 |   ...props

Import map: aliased to relative './lib/utils' inside of [project]/

Import traces:
  Client Component Browser:
    ./components/ui/popover.tsx [Client Component Browser]
    ./components/collections/collectionPicker/CollectionPicker.tsx [Client Component Browser]
    ./components/items/itemDrawer/DrawerEditContent.tsx [Client Component Browser]
    ./components/items/itemDrawer/ItemDrawer.tsx [Client Component Browser]
    ./components/items/itemDrawer/ItemDrawer.tsx [Server Component]
    ./app/dashboard/page.tsx [Server Component]

  Client Component SSR:
    ./components/ui/popover.tsx [Client Component SSR]
    ./components/collections/collectionPicker/CollectionPicker.tsx [Client Component SSR]
    ./components/items/itemDrawer/DrawerEditContent.tsx [Client Component SSR]
    ./components/items/itemDrawer/ItemDrawer.tsx [Client Component SSR]
    ./components/items/itemDrawer/ItemDrawer.tsx [Server Component]
    ./app/dashboard/page.tsx [Server Component]

https://nextjs.org/docs/messages/module-not-found @ http://localhost:3000/_next/static/chunks/node_modules_next_dist_0u_w_5s._.js:1945
[  644151ms] [ERROR] ./components/ui/popover.tsx:6:1
Module not found: Can't resolve '@/lib/utils'
  4 | import { Popover as PopoverPrimitive } from "radix-ui"
  5 |
> 6 | import { cn } from "@/lib/utils"
    | ^^^^^^^^^^^^^^^^^^^^^^^^^^^^^^^^
  7 |
  8 | function Popover({
  9 |   ...props

Import map: aliased to relative './lib/utils' inside of [project]/

Import traces:
  Client Component Browser:
    ./components/ui/popover.tsx [Client Component Browser]
    ./components/collections/collectionPicker/CollectionPicker.tsx [Client Component Browser]
    ./components/items/itemDrawer/DrawerEditContent.tsx [Client Component Browser]
    ./components/items/itemDrawer/ItemDrawer.tsx [Client Component Browser]
    ./components/items/itemDrawer/ItemDrawer.tsx [Server Component]
    ./app/dashboard/page.tsx [Server Component]

  Client Component SSR:
    ./components/ui/popover.tsx [Client Component SSR]
    ./components/collections/collectionPicker/CollectionPicker.tsx [Client Component SSR]
    ./components/items/itemDrawer/DrawerEditContent.tsx [Client Component SSR]
    ./components/items/itemDrawer/ItemDrawer.tsx [Client Component SSR]
    ./components/items/itemDrawer/ItemDrawer.tsx [Server Component]
    ./app/dashboard/page.tsx [Server Component]

https://nextjs.org/docs/messages/module-not-found @ http://localhost:3000/_next/static/chunks/node_modules_next_dist_0u_w_5s._.js:1945
[  644213ms] [ERROR] ./components/ui/popover.tsx:6:1
Module not found: Can't resolve '@/lib/utils'
  4 | import { Popover as PopoverPrimitive } from "radix-ui"
  5 |
> 6 | import { cn } from "@/lib/utils"
    | ^^^^^^^^^^^^^^^^^^^^^^^^^^^^^^^^
  7 |
  8 | function Popover({
  9 |   ...props

Import map: aliased to relative './lib/utils' inside of [project]/

Import traces:
  Client Component Browser:
    ./components/ui/popover.tsx [Client Component Browser]
    ./components/collections/collectionPicker/CollectionPicker.tsx [Client Component Browser]
    ./components/items/itemDrawer/DrawerEditContent.tsx [Client Component Browser]
    ./components/items/itemDrawer/ItemDrawer.tsx [Client Component Browser]
    ./components/items/itemDrawer/ItemDrawer.tsx [Server Component]
    ./app/dashboard/page.tsx [Server Component]

  Client Component SSR:
    ./components/ui/popover.tsx [Client Component SSR]
    ./components/collections/collectionPicker/CollectionPicker.tsx [Client Component SSR]
    ./components/items/itemDrawer/DrawerEditContent.tsx [Client Component SSR]
    ./components/items/itemDrawer/ItemDrawer.tsx [Client Component SSR]
    ./components/items/itemDrawer/ItemDrawer.tsx [Server Component]
    ./app/dashboard/page.tsx [Server Component]

https://nextjs.org/docs/messages/module-not-found @ http://localhost:3000/_next/static/chunks/node_modules_next_dist_0u_w_5s._.js:1945
[  644275ms] [ERROR] ./components/ui/popover.tsx:6:1
Module not found: Can't resolve '@/lib/utils'
  4 | import { Popover as PopoverPrimitive } from "radix-ui"
  5 |
> 6 | import { cn } from "@/lib/utils"
    | ^^^^^^^^^^^^^^^^^^^^^^^^^^^^^^^^
  7 |
  8 | function Popover({
  9 |   ...props

Import map: aliased to relative './lib/utils' inside of [project]/

Import traces:
  Client Component Browser:
    ./components/ui/popover.tsx [Client Component Browser]
    ./components/collections/collectionPicker/CollectionPicker.tsx [Client Component Browser]
    ./components/items/itemDrawer/DrawerEditContent.tsx [Client Component Browser]
    ./components/items/itemDrawer/ItemDrawer.tsx [Client Component Browser]
    ./components/items/itemDrawer/ItemDrawer.tsx [Server Component]
    ./app/dashboard/page.tsx [Server Component]

  Client Component SSR:
    ./components/ui/popover.tsx [Client Component SSR]
    ./components/collections/collectionPicker/CollectionPicker.tsx [Client Component SSR]
    ./components/items/itemDrawer/DrawerEditContent.tsx [Client Component SSR]
    ./components/items/itemDrawer/ItemDrawer.tsx [Client Component SSR]
    ./components/items/itemDrawer/ItemDrawer.tsx [Server Component]
    ./app/dashboard/page.tsx [Server Component]

https://nextjs.org/docs/messages/module-not-found @ http://localhost:3000/_next/static/chunks/node_modules_next_dist_0u_w_5s._.js:1945
[  644337ms] [ERROR] ./components/ui/popover.tsx:6:1
Module not found: Can't resolve '@/lib/utils'
  4 | import { Popover as PopoverPrimitive } from "radix-ui"
  5 |
> 6 | import { cn } from "@/lib/utils"
    | ^^^^^^^^^^^^^^^^^^^^^^^^^^^^^^^^
  7 |
  8 | function Popover({
  9 |   ...props

Import map: aliased to relative './lib/utils' inside of [project]/

Import traces:
  Client Component Browser:
    ./components/ui/popover.tsx [Client Component Browser]
    ./components/collections/collectionPicker/CollectionPicker.tsx [Client Component Browser]
    ./components/items/itemDrawer/DrawerEditContent.tsx [Client Component Browser]
    ./components/items/itemDrawer/ItemDrawer.tsx [Client Component Browser]
    ./components/items/itemDrawer/ItemDrawer.tsx [Server Component]
    ./app/dashboard/page.tsx [Server Component]

  Client Component SSR:
    ./components/ui/popover.tsx [Client Component SSR]
    ./components/collections/collectionPicker/CollectionPicker.tsx [Client Component SSR]
    ./components/items/itemDrawer/DrawerEditContent.tsx [Client Component SSR]
    ./components/items/itemDrawer/ItemDrawer.tsx [Client Component SSR]
    ./components/items/itemDrawer/ItemDrawer.tsx [Server Component]
    ./app/dashboard/page.tsx [Server Component]

https://nextjs.org/docs/messages/module-not-found @ http://localhost:3000/_next/static/chunks/node_modules_next_dist_0u_w_5s._.js:1945
[  644398ms] [ERROR] ./components/ui/popover.tsx:6:1
Module not found: Can't resolve '@/lib/utils'
  4 | import { Popover as PopoverPrimitive } from "radix-ui"
  5 |
> 6 | import { cn } from "@/lib/utils"
    | ^^^^^^^^^^^^^^^^^^^^^^^^^^^^^^^^
  7 |
  8 | function Popover({
  9 |   ...props

Import map: aliased to relative './lib/utils' inside of [project]/

Import traces:
  Client Component Browser:
    ./components/ui/popover.tsx [Client Component Browser]
    ./components/collections/collectionPicker/CollectionPicker.tsx [Client Component Browser]
    ./components/items/itemDrawer/DrawerEditContent.tsx [Client Component Browser]
    ./components/items/itemDrawer/ItemDrawer.tsx [Client Component Browser]
    ./components/items/itemDrawer/ItemDrawer.tsx [Server Component]
    ./app/dashboard/page.tsx [Server Component]

  Client Component SSR:
    ./components/ui/popover.tsx [Client Component SSR]
    ./components/collections/collectionPicker/CollectionPicker.tsx [Client Component SSR]
    ./components/items/itemDrawer/DrawerEditContent.tsx [Client Component SSR]
    ./components/items/itemDrawer/ItemDrawer.tsx [Client Component SSR]
    ./components/items/itemDrawer/ItemDrawer.tsx [Server Component]
    ./app/dashboard/page.tsx [Server Component]

https://nextjs.org/docs/messages/module-not-found @ http://localhost:3000/_next/static/chunks/node_modules_next_dist_0u_w_5s._.js:1945
[  644460ms] [ERROR] ./components/ui/popover.tsx:6:1
Module not found: Can't resolve '@/lib/utils'
  4 | import { Popover as PopoverPrimitive } from "radix-ui"
  5 |
> 6 | import { cn } from "@/lib/utils"
    | ^^^^^^^^^^^^^^^^^^^^^^^^^^^^^^^^
  7 |
  8 | function Popover({
  9 |   ...props

Import map: aliased to relative './lib/utils' inside of [project]/

Import traces:
  Client Component Browser:
    ./components/ui/popover.tsx [Client Component Browser]
    ./components/collections/collectionPicker/CollectionPicker.tsx [Client Component Browser]
    ./components/items/itemDrawer/DrawerEditContent.tsx [Client Component Browser]
    ./components/items/itemDrawer/ItemDrawer.tsx [Client Component Browser]
    ./components/items/itemDrawer/ItemDrawer.tsx [Server Component]
    ./app/dashboard/page.tsx [Server Component]

  Client Component SSR:
    ./components/ui/popover.tsx [Client Component SSR]
    ./components/collections/collectionPicker/CollectionPicker.tsx [Client Component SSR]
    ./components/items/itemDrawer/DrawerEditContent.tsx [Client Component SSR]
    ./components/items/itemDrawer/ItemDrawer.tsx [Client Component SSR]
    ./components/items/itemDrawer/ItemDrawer.tsx [Server Component]
    ./app/dashboard/page.tsx [Server Component]

https://nextjs.org/docs/messages/module-not-found @ http://localhost:3000/_next/static/chunks/node_modules_next_dist_0u_w_5s._.js:1945
[  644521ms] [ERROR] ./components/ui/popover.tsx:6:1
Module not found: Can't resolve '@/lib/utils'
  4 | import { Popover as PopoverPrimitive } from "radix-ui"
  5 |
> 6 | import { cn } from "@/lib/utils"
    | ^^^^^^^^^^^^^^^^^^^^^^^^^^^^^^^^
  7 |
  8 | function Popover({
  9 |   ...props

Import map: aliased to relative './lib/utils' inside of [project]/

Import traces:
  Client Component Browser:
    ./components/ui/popover.tsx [Client Component Browser]
    ./components/collections/collectionPicker/CollectionPicker.tsx [Client Component Browser]
    ./components/items/itemDrawer/DrawerEditContent.tsx [Client Component Browser]
    ./components/items/itemDrawer/ItemDrawer.tsx [Client Component Browser]
    ./components/items/itemDrawer/ItemDrawer.tsx [Server Component]
    ./app/dashboard/page.tsx [Server Component]

  Client Component SSR:
    ./components/ui/popover.tsx [Client Component SSR]
    ./components/collections/collectionPicker/CollectionPicker.tsx [Client Component SSR]
    ./components/items/itemDrawer/DrawerEditContent.tsx [Client Component SSR]
    ./components/items/itemDrawer/ItemDrawer.tsx [Client Component SSR]
    ./components/items/itemDrawer/ItemDrawer.tsx [Server Component]
    ./app/dashboard/page.tsx [Server Component]

https://nextjs.org/docs/messages/module-not-found @ http://localhost:3000/_next/static/chunks/node_modules_next_dist_0u_w_5s._.js:1945
[  644583ms] [ERROR] ./components/ui/popover.tsx:6:1
Module not found: Can't resolve '@/lib/utils'
  4 | import { Popover as PopoverPrimitive } from "radix-ui"
  5 |
> 6 | import { cn } from "@/lib/utils"
    | ^^^^^^^^^^^^^^^^^^^^^^^^^^^^^^^^
  7 |
  8 | function Popover({
  9 |   ...props

Import map: aliased to relative './lib/utils' inside of [project]/

Import traces:
  Client Component Browser:
    ./components/ui/popover.tsx [Client Component Browser]
    ./components/collections/collectionPicker/CollectionPicker.tsx [Client Component Browser]
    ./components/items/itemDrawer/DrawerEditContent.tsx [Client Component Browser]
    ./components/items/itemDrawer/ItemDrawer.tsx [Client Component Browser]
    ./components/items/itemDrawer/ItemDrawer.tsx [Server Component]
    ./app/dashboard/page.tsx [Server Component]

  Client Component SSR:
    ./components/ui/popover.tsx [Client Component SSR]
    ./components/collections/collectionPicker/CollectionPicker.tsx [Client Component SSR]
    ./components/items/itemDrawer/DrawerEditContent.tsx [Client Component SSR]
    ./components/items/itemDrawer/ItemDrawer.tsx [Client Component SSR]
    ./components/items/itemDrawer/ItemDrawer.tsx [Server Component]
    ./app/dashboard/page.tsx [Server Component]

https://nextjs.org/docs/messages/module-not-found @ http://localhost:3000/_next/static/chunks/node_modules_next_dist_0u_w_5s._.js:1945
[  644645ms] [ERROR] ./components/ui/popover.tsx:6:1
Module not found: Can't resolve '@/lib/utils'
  4 | import { Popover as PopoverPrimitive } from "radix-ui"
  5 |
> 6 | import { cn } from "@/lib/utils"
    | ^^^^^^^^^^^^^^^^^^^^^^^^^^^^^^^^
  7 |
  8 | function Popover({
  9 |   ...props

Import map: aliased to relative './lib/utils' inside of [project]/

Import traces:
  Client Component Browser:
    ./components/ui/popover.tsx [Client Component Browser]
    ./components/collections/collectionPicker/CollectionPicker.tsx [Client Component Browser]
    ./components/items/itemDrawer/DrawerEditContent.tsx [Client Component Browser]
    ./components/items/itemDrawer/ItemDrawer.tsx [Client Component Browser]
    ./components/items/itemDrawer/ItemDrawer.tsx [Server Component]
    ./app/dashboard/page.tsx [Server Component]

  Client Component SSR:
    ./components/ui/popover.tsx [Client Component SSR]
    ./components/collections/collectionPicker/CollectionPicker.tsx [Client Component SSR]
    ./components/items/itemDrawer/DrawerEditContent.tsx [Client Component SSR]
    ./components/items/itemDrawer/ItemDrawer.tsx [Client Component SSR]
    ./components/items/itemDrawer/ItemDrawer.tsx [Server Component]
    ./app/dashboard/page.tsx [Server Component]

https://nextjs.org/docs/messages/module-not-found @ http://localhost:3000/_next/static/chunks/node_modules_next_dist_0u_w_5s._.js:1945
[  644707ms] [ERROR] ./components/ui/popover.tsx:6:1
Module not found: Can't resolve '@/lib/utils'
  4 | import { Popover as PopoverPrimitive } from "radix-ui"
  5 |
> 6 | import { cn } from "@/lib/utils"
    | ^^^^^^^^^^^^^^^^^^^^^^^^^^^^^^^^
  7 |
  8 | function Popover({
  9 |   ...props

Import map: aliased to relative './lib/utils' inside of [project]/

Import traces:
  Client Component Browser:
    ./components/ui/popover.tsx [Client Component Browser]
    ./components/collections/collectionPicker/CollectionPicker.tsx [Client Component Browser]
    ./components/items/itemDrawer/DrawerEditContent.tsx [Client Component Browser]
    ./components/items/itemDrawer/ItemDrawer.tsx [Client Component Browser]
    ./components/items/itemDrawer/ItemDrawer.tsx [Server Component]
    ./app/dashboard/page.tsx [Server Component]

  Client Component SSR:
    ./components/ui/popover.tsx [Client Component SSR]
    ./components/collections/collectionPicker/CollectionPicker.tsx [Client Component SSR]
    ./components/items/itemDrawer/DrawerEditContent.tsx [Client Component SSR]
    ./components/items/itemDrawer/ItemDrawer.tsx [Client Component SSR]
    ./components/items/itemDrawer/ItemDrawer.tsx [Server Component]
    ./app/dashboard/page.tsx [Server Component]

https://nextjs.org/docs/messages/module-not-found @ http://localhost:3000/_next/static/chunks/node_modules_next_dist_0u_w_5s._.js:1945
[  644768ms] [ERROR] ./components/ui/popover.tsx:6:1
Module not found: Can't resolve '@/lib/utils'
  4 | import { Popover as PopoverPrimitive } from "radix-ui"
  5 |
> 6 | import { cn } from "@/lib/utils"
    | ^^^^^^^^^^^^^^^^^^^^^^^^^^^^^^^^
  7 |
  8 | function Popover({
  9 |   ...props

Import map: aliased to relative './lib/utils' inside of [project]/

Import traces:
  Client Component Browser:
    ./components/ui/popover.tsx [Client Component Browser]
    ./components/collections/collectionPicker/CollectionPicker.tsx [Client Component Browser]
    ./components/items/itemDrawer/DrawerEditContent.tsx [Client Component Browser]
    ./components/items/itemDrawer/ItemDrawer.tsx [Client Component Browser]
    ./components/items/itemDrawer/ItemDrawer.tsx [Server Component]
    ./app/dashboard/page.tsx [Server Component]

  Client Component SSR:
    ./components/ui/popover.tsx [Client Component SSR]
    ./components/collections/collectionPicker/CollectionPicker.tsx [Client Component SSR]
    ./components/items/itemDrawer/DrawerEditContent.tsx [Client Component SSR]
    ./components/items/itemDrawer/ItemDrawer.tsx [Client Component SSR]
    ./components/items/itemDrawer/ItemDrawer.tsx [Server Component]
    ./app/dashboard/page.tsx [Server Component]

https://nextjs.org/docs/messages/module-not-found @ http://localhost:3000/_next/static/chunks/node_modules_next_dist_0u_w_5s._.js:1945
[  644829ms] [ERROR] ./components/ui/popover.tsx:6:1
Module not found: Can't resolve '@/lib/utils'
  4 | import { Popover as PopoverPrimitive } from "radix-ui"
  5 |
> 6 | import { cn } from "@/lib/utils"
    | ^^^^^^^^^^^^^^^^^^^^^^^^^^^^^^^^
  7 |
  8 | function Popover({
  9 |   ...props

Import map: aliased to relative './lib/utils' inside of [project]/

Import traces:
  Client Component Browser:
    ./components/ui/popover.tsx [Client Component Browser]
    ./components/collections/collectionPicker/CollectionPicker.tsx [Client Component Browser]
    ./components/items/itemDrawer/DrawerEditContent.tsx [Client Component Browser]
    ./components/items/itemDrawer/ItemDrawer.tsx [Client Component Browser]
    ./components/items/itemDrawer/ItemDrawer.tsx [Server Component]
    ./app/dashboard/page.tsx [Server Component]

  Client Component SSR:
    ./components/ui/popover.tsx [Client Component SSR]
    ./components/collections/collectionPicker/CollectionPicker.tsx [Client Component SSR]
    ./components/items/itemDrawer/DrawerEditContent.tsx [Client Component SSR]
    ./components/items/itemDrawer/ItemDrawer.tsx [Client Component SSR]
    ./components/items/itemDrawer/ItemDrawer.tsx [Server Component]
    ./app/dashboard/page.tsx [Server Component]

https://nextjs.org/docs/messages/module-not-found @ http://localhost:3000/_next/static/chunks/node_modules_next_dist_0u_w_5s._.js:1945
[  644891ms] [ERROR] ./components/ui/popover.tsx:6:1
Module not found: Can't resolve '@/lib/utils'
  4 | import { Popover as PopoverPrimitive } from "radix-ui"
  5 |
> 6 | import { cn } from "@/lib/utils"
    | ^^^^^^^^^^^^^^^^^^^^^^^^^^^^^^^^
  7 |
  8 | function Popover({
  9 |   ...props

Import map: aliased to relative './lib/utils' inside of [project]/

Import traces:
  Client Component Browser:
    ./components/ui/popover.tsx [Client Component Browser]
    ./components/collections/collectionPicker/CollectionPicker.tsx [Client Component Browser]
    ./components/items/itemDrawer/DrawerEditContent.tsx [Client Component Browser]
    ./components/items/itemDrawer/ItemDrawer.tsx [Client Component Browser]
    ./components/items/itemDrawer/ItemDrawer.tsx [Server Component]
    ./app/dashboard/page.tsx [Server Component]

  Client Component SSR:
    ./components/ui/popover.tsx [Client Component SSR]
    ./components/collections/collectionPicker/CollectionPicker.tsx [Client Component SSR]
    ./components/items/itemDrawer/DrawerEditContent.tsx [Client Component SSR]
    ./components/items/itemDrawer/ItemDrawer.tsx [Client Component SSR]
    ./components/items/itemDrawer/ItemDrawer.tsx [Server Component]
    ./app/dashboard/page.tsx [Server Component]

https://nextjs.org/docs/messages/module-not-found @ http://localhost:3000/_next/static/chunks/node_modules_next_dist_0u_w_5s._.js:1945
[  644953ms] [ERROR] ./components/ui/popover.tsx:6:1
Module not found: Can't resolve '@/lib/utils'
  4 | import { Popover as PopoverPrimitive } from "radix-ui"
  5 |
> 6 | import { cn } from "@/lib/utils"
    | ^^^^^^^^^^^^^^^^^^^^^^^^^^^^^^^^
  7 |
  8 | function Popover({
  9 |   ...props

Import map: aliased to relative './lib/utils' inside of [project]/

Import traces:
  Client Component Browser:
    ./components/ui/popover.tsx [Client Component Browser]
    ./components/collections/collectionPicker/CollectionPicker.tsx [Client Component Browser]
    ./components/items/itemDrawer/DrawerEditContent.tsx [Client Component Browser]
    ./components/items/itemDrawer/ItemDrawer.tsx [Client Component Browser]
    ./components/items/itemDrawer/ItemDrawer.tsx [Server Component]
    ./app/dashboard/page.tsx [Server Component]

  Client Component SSR:
    ./components/ui/popover.tsx [Client Component SSR]
    ./components/collections/collectionPicker/CollectionPicker.tsx [Client Component SSR]
    ./components/items/itemDrawer/DrawerEditContent.tsx [Client Component SSR]
    ./components/items/itemDrawer/ItemDrawer.tsx [Client Component SSR]
    ./components/items/itemDrawer/ItemDrawer.tsx [Server Component]
    ./app/dashboard/page.tsx [Server Component]

https://nextjs.org/docs/messages/module-not-found @ http://localhost:3000/_next/static/chunks/node_modules_next_dist_0u_w_5s._.js:1945
[  645015ms] [ERROR] ./components/ui/popover.tsx:6:1
Module not found: Can't resolve '@/lib/utils'
  4 | import { Popover as PopoverPrimitive } from "radix-ui"
  5 |
> 6 | import { cn } from "@/lib/utils"
    | ^^^^^^^^^^^^^^^^^^^^^^^^^^^^^^^^
  7 |
  8 | function Popover({
  9 |   ...props

Import map: aliased to relative './lib/utils' inside of [project]/

Import traces:
  Client Component Browser:
    ./components/ui/popover.tsx [Client Component Browser]
    ./components/collections/collectionPicker/CollectionPicker.tsx [Client Component Browser]
    ./components/items/itemDrawer/DrawerEditContent.tsx [Client Component Browser]
    ./components/items/itemDrawer/ItemDrawer.tsx [Client Component Browser]
    ./components/items/itemDrawer/ItemDrawer.tsx [Server Component]
    ./app/dashboard/page.tsx [Server Component]

  Client Component SSR:
    ./components/ui/popover.tsx [Client Component SSR]
    ./components/collections/collectionPicker/CollectionPicker.tsx [Client Component SSR]
    ./components/items/itemDrawer/DrawerEditContent.tsx [Client Component SSR]
    ./components/items/itemDrawer/ItemDrawer.tsx [Client Component SSR]
    ./components/items/itemDrawer/ItemDrawer.tsx [Server Component]
    ./app/dashboard/page.tsx [Server Component]

https://nextjs.org/docs/messages/module-not-found @ http://localhost:3000/_next/static/chunks/node_modules_next_dist_0u_w_5s._.js:1945
[  645077ms] [ERROR] ./components/ui/popover.tsx:6:1
Module not found: Can't resolve '@/lib/utils'
  4 | import { Popover as PopoverPrimitive } from "radix-ui"
  5 |
> 6 | import { cn } from "@/lib/utils"
    | ^^^^^^^^^^^^^^^^^^^^^^^^^^^^^^^^
  7 |
  8 | function Popover({
  9 |   ...props

Import map: aliased to relative './lib/utils' inside of [project]/

Import traces:
  Client Component Browser:
    ./components/ui/popover.tsx [Client Component Browser]
    ./components/collections/collectionPicker/CollectionPicker.tsx [Client Component Browser]
    ./components/items/itemDrawer/DrawerEditContent.tsx [Client Component Browser]
    ./components/items/itemDrawer/ItemDrawer.tsx [Client Component Browser]
    ./components/items/itemDrawer/ItemDrawer.tsx [Server Component]
    ./app/dashboard/page.tsx [Server Component]

  Client Component SSR:
    ./components/ui/popover.tsx [Client Component SSR]
    ./components/collections/collectionPicker/CollectionPicker.tsx [Client Component SSR]
    ./components/items/itemDrawer/DrawerEditContent.tsx [Client Component SSR]
    ./components/items/itemDrawer/ItemDrawer.tsx [Client Component SSR]
    ./components/items/itemDrawer/ItemDrawer.tsx [Server Component]
    ./app/dashboard/page.tsx [Server Component]

https://nextjs.org/docs/messages/module-not-found @ http://localhost:3000/_next/static/chunks/node_modules_next_dist_0u_w_5s._.js:1945
[  645139ms] [ERROR] ./components/ui/popover.tsx:6:1
Module not found: Can't resolve '@/lib/utils'
  4 | import { Popover as PopoverPrimitive } from "radix-ui"
  5 |
> 6 | import { cn } from "@/lib/utils"
    | ^^^^^^^^^^^^^^^^^^^^^^^^^^^^^^^^
  7 |
  8 | function Popover({
  9 |   ...props

Import map: aliased to relative './lib/utils' inside of [project]/

Import traces:
  Client Component Browser:
    ./components/ui/popover.tsx [Client Component Browser]
    ./components/collections/collectionPicker/CollectionPicker.tsx [Client Component Browser]
    ./components/items/itemDrawer/DrawerEditContent.tsx [Client Component Browser]
    ./components/items/itemDrawer/ItemDrawer.tsx [Client Component Browser]
    ./components/items/itemDrawer/ItemDrawer.tsx [Server Component]
    ./app/dashboard/page.tsx [Server Component]

  Client Component SSR:
    ./components/ui/popover.tsx [Client Component SSR]
    ./components/collections/collectionPicker/CollectionPicker.tsx [Client Component SSR]
    ./components/items/itemDrawer/DrawerEditContent.tsx [Client Component SSR]
    ./components/items/itemDrawer/ItemDrawer.tsx [Client Component SSR]
    ./components/items/itemDrawer/ItemDrawer.tsx [Server Component]
    ./app/dashboard/page.tsx [Server Component]

https://nextjs.org/docs/messages/module-not-found @ http://localhost:3000/_next/static/chunks/node_modules_next_dist_0u_w_5s._.js:1945
[  645200ms] [ERROR] ./components/ui/popover.tsx:6:1
Module not found: Can't resolve '@/lib/utils'
  4 | import { Popover as PopoverPrimitive } from "radix-ui"
  5 |
> 6 | import { cn } from "@/lib/utils"
    | ^^^^^^^^^^^^^^^^^^^^^^^^^^^^^^^^
  7 |
  8 | function Popover({
  9 |   ...props

Import map: aliased to relative './lib/utils' inside of [project]/

Import traces:
  Client Component Browser:
    ./components/ui/popover.tsx [Client Component Browser]
    ./components/collections/collectionPicker/CollectionPicker.tsx [Client Component Browser]
    ./components/items/itemDrawer/DrawerEditContent.tsx [Client Component Browser]
    ./components/items/itemDrawer/ItemDrawer.tsx [Client Component Browser]
    ./components/items/itemDrawer/ItemDrawer.tsx [Server Component]
    ./app/dashboard/page.tsx [Server Component]

  Client Component SSR:
    ./components/ui/popover.tsx [Client Component SSR]
    ./components/collections/collectionPicker/CollectionPicker.tsx [Client Component SSR]
    ./components/items/itemDrawer/DrawerEditContent.tsx [Client Component SSR]
    ./components/items/itemDrawer/ItemDrawer.tsx [Client Component SSR]
    ./components/items/itemDrawer/ItemDrawer.tsx [Server Component]
    ./app/dashboard/page.tsx [Server Component]

https://nextjs.org/docs/messages/module-not-found @ http://localhost:3000/_next/static/chunks/node_modules_next_dist_0u_w_5s._.js:1945
[  645262ms] [ERROR] ./components/ui/popover.tsx:6:1
Module not found: Can't resolve '@/lib/utils'
  4 | import { Popover as PopoverPrimitive } from "radix-ui"
  5 |
> 6 | import { cn } from "@/lib/utils"
    | ^^^^^^^^^^^^^^^^^^^^^^^^^^^^^^^^
  7 |
  8 | function Popover({
  9 |   ...props

Import map: aliased to relative './lib/utils' inside of [project]/

Import traces:
  Client Component Browser:
    ./components/ui/popover.tsx [Client Component Browser]
    ./components/collections/collectionPicker/CollectionPicker.tsx [Client Component Browser]
    ./components/items/itemDrawer/DrawerEditContent.tsx [Client Component Browser]
    ./components/items/itemDrawer/ItemDrawer.tsx [Client Component Browser]
    ./components/items/itemDrawer/ItemDrawer.tsx [Server Component]
    ./app/dashboard/page.tsx [Server Component]

  Client Component SSR:
    ./components/ui/popover.tsx [Client Component SSR]
    ./components/collections/collectionPicker/CollectionPicker.tsx [Client Component SSR]
    ./components/items/itemDrawer/DrawerEditContent.tsx [Client Component SSR]
    ./components/items/itemDrawer/ItemDrawer.tsx [Client Component SSR]
    ./components/items/itemDrawer/ItemDrawer.tsx [Server Component]
    ./app/dashboard/page.tsx [Server Component]

https://nextjs.org/docs/messages/module-not-found @ http://localhost:3000/_next/static/chunks/node_modules_next_dist_0u_w_5s._.js:1945
[  645323ms] [ERROR] ./components/ui/popover.tsx:6:1
Module not found: Can't resolve '@/lib/utils'
  4 | import { Popover as PopoverPrimitive } from "radix-ui"
  5 |
> 6 | import { cn } from "@/lib/utils"
    | ^^^^^^^^^^^^^^^^^^^^^^^^^^^^^^^^
  7 |
  8 | function Popover({
  9 |   ...props

Import map: aliased to relative './lib/utils' inside of [project]/

Import traces:
  Client Component Browser:
    ./components/ui/popover.tsx [Client Component Browser]
    ./components/collections/collectionPicker/CollectionPicker.tsx [Client Component Browser]
    ./components/items/itemDrawer/DrawerEditContent.tsx [Client Component Browser]
    ./components/items/itemDrawer/ItemDrawer.tsx [Client Component Browser]
    ./components/items/itemDrawer/ItemDrawer.tsx [Server Component]
    ./app/dashboard/page.tsx [Server Component]

  Client Component SSR:
    ./components/ui/popover.tsx [Client Component SSR]
    ./components/collections/collectionPicker/CollectionPicker.tsx [Client Component SSR]
    ./components/items/itemDrawer/DrawerEditContent.tsx [Client Component SSR]
    ./components/items/itemDrawer/ItemDrawer.tsx [Client Component SSR]
    ./components/items/itemDrawer/ItemDrawer.tsx [Server Component]
    ./app/dashboard/page.tsx [Server Component]

https://nextjs.org/docs/messages/module-not-found @ http://localhost:3000/_next/static/chunks/node_modules_next_dist_0u_w_5s._.js:1945
[  645384ms] [ERROR] ./components/ui/popover.tsx:6:1
Module not found: Can't resolve '@/lib/utils'
  4 | import { Popover as PopoverPrimitive } from "radix-ui"
  5 |
> 6 | import { cn } from "@/lib/utils"
    | ^^^^^^^^^^^^^^^^^^^^^^^^^^^^^^^^
  7 |
  8 | function Popover({
  9 |   ...props

Import map: aliased to relative './lib/utils' inside of [project]/

Import traces:
  Client Component Browser:
    ./components/ui/popover.tsx [Client Component Browser]
    ./components/collections/collectionPicker/CollectionPicker.tsx [Client Component Browser]
    ./components/items/itemDrawer/DrawerEditContent.tsx [Client Component Browser]
    ./components/items/itemDrawer/ItemDrawer.tsx [Client Component Browser]
    ./components/items/itemDrawer/ItemDrawer.tsx [Server Component]
    ./app/dashboard/page.tsx [Server Component]

  Client Component SSR:
    ./components/ui/popover.tsx [Client Component SSR]
    ./components/collections/collectionPicker/CollectionPicker.tsx [Client Component SSR]
    ./components/items/itemDrawer/DrawerEditContent.tsx [Client Component SSR]
    ./components/items/itemDrawer/ItemDrawer.tsx [Client Component SSR]
    ./components/items/itemDrawer/ItemDrawer.tsx [Server Component]
    ./app/dashboard/page.tsx [Server Component]

https://nextjs.org/docs/messages/module-not-found @ http://localhost:3000/_next/static/chunks/node_modules_next_dist_0u_w_5s._.js:1945
[  645445ms] [ERROR] ./components/ui/popover.tsx:6:1
Module not found: Can't resolve '@/lib/utils'
  4 | import { Popover as PopoverPrimitive } from "radix-ui"
  5 |
> 6 | import { cn } from "@/lib/utils"
    | ^^^^^^^^^^^^^^^^^^^^^^^^^^^^^^^^
  7 |
  8 | function Popover({
  9 |   ...props

Import map: aliased to relative './lib/utils' inside of [project]/

Import traces:
  Client Component Browser:
    ./components/ui/popover.tsx [Client Component Browser]
    ./components/collections/collectionPicker/CollectionPicker.tsx [Client Component Browser]
    ./components/items/itemDrawer/DrawerEditContent.tsx [Client Component Browser]
    ./components/items/itemDrawer/ItemDrawer.tsx [Client Component Browser]
    ./components/items/itemDrawer/ItemDrawer.tsx [Server Component]
    ./app/dashboard/page.tsx [Server Component]

  Client Component SSR:
    ./components/ui/popover.tsx [Client Component SSR]
    ./components/collections/collectionPicker/CollectionPicker.tsx [Client Component SSR]
    ./components/items/itemDrawer/DrawerEditContent.tsx [Client Component SSR]
    ./components/items/itemDrawer/ItemDrawer.tsx [Client Component SSR]
    ./components/items/itemDrawer/ItemDrawer.tsx [Server Component]
    ./app/dashboard/page.tsx [Server Component]

https://nextjs.org/docs/messages/module-not-found @ http://localhost:3000/_next/static/chunks/node_modules_next_dist_0u_w_5s._.js:1945
[  645506ms] [ERROR] ./components/ui/popover.tsx:6:1
Module not found: Can't resolve '@/lib/utils'
  4 | import { Popover as PopoverPrimitive } from "radix-ui"
  5 |
> 6 | import { cn } from "@/lib/utils"
    | ^^^^^^^^^^^^^^^^^^^^^^^^^^^^^^^^
  7 |
  8 | function Popover({
  9 |   ...props

Import map: aliased to relative './lib/utils' inside of [project]/

Import traces:
  Client Component Browser:
    ./components/ui/popover.tsx [Client Component Browser]
    ./components/collections/collectionPicker/CollectionPicker.tsx [Client Component Browser]
    ./components/items/itemDrawer/DrawerEditContent.tsx [Client Component Browser]
    ./components/items/itemDrawer/ItemDrawer.tsx [Client Component Browser]
    ./components/items/itemDrawer/ItemDrawer.tsx [Server Component]
    ./app/dashboard/page.tsx [Server Component]

  Client Component SSR:
    ./components/ui/popover.tsx [Client Component SSR]
    ./components/collections/collectionPicker/CollectionPicker.tsx [Client Component SSR]
    ./components/items/itemDrawer/DrawerEditContent.tsx [Client Component SSR]
    ./components/items/itemDrawer/ItemDrawer.tsx [Client Component SSR]
    ./components/items/itemDrawer/ItemDrawer.tsx [Server Component]
    ./app/dashboard/page.tsx [Server Component]

https://nextjs.org/docs/messages/module-not-found @ http://localhost:3000/_next/static/chunks/node_modules_next_dist_0u_w_5s._.js:1945
[  645567ms] [ERROR] ./components/ui/popover.tsx:6:1
Module not found: Can't resolve '@/lib/utils'
  4 | import { Popover as PopoverPrimitive } from "radix-ui"
  5 |
> 6 | import { cn } from "@/lib/utils"
    | ^^^^^^^^^^^^^^^^^^^^^^^^^^^^^^^^
  7 |
  8 | function Popover({
  9 |   ...props

Import map: aliased to relative './lib/utils' inside of [project]/

Import traces:
  Client Component Browser:
    ./components/ui/popover.tsx [Client Component Browser]
    ./components/collections/collectionPicker/CollectionPicker.tsx [Client Component Browser]
    ./components/items/itemDrawer/DrawerEditContent.tsx [Client Component Browser]
    ./components/items/itemDrawer/ItemDrawer.tsx [Client Component Browser]
    ./components/items/itemDrawer/ItemDrawer.tsx [Server Component]
    ./app/dashboard/page.tsx [Server Component]

  Client Component SSR:
    ./components/ui/popover.tsx [Client Component SSR]
    ./components/collections/collectionPicker/CollectionPicker.tsx [Client Component SSR]
    ./components/items/itemDrawer/DrawerEditContent.tsx [Client Component SSR]
    ./components/items/itemDrawer/ItemDrawer.tsx [Client Component SSR]
    ./components/items/itemDrawer/ItemDrawer.tsx [Server Component]
    ./app/dashboard/page.tsx [Server Component]

https://nextjs.org/docs/messages/module-not-found @ http://localhost:3000/_next/static/chunks/node_modules_next_dist_0u_w_5s._.js:1945
[  645629ms] [ERROR] ./components/ui/popover.tsx:6:1
Module not found: Can't resolve '@/lib/utils'
  4 | import { Popover as PopoverPrimitive } from "radix-ui"
  5 |
> 6 | import { cn } from "@/lib/utils"
    | ^^^^^^^^^^^^^^^^^^^^^^^^^^^^^^^^
  7 |
  8 | function Popover({
  9 |   ...props

Import map: aliased to relative './lib/utils' inside of [project]/

Import traces:
  Client Component Browser:
    ./components/ui/popover.tsx [Client Component Browser]
    ./components/collections/collectionPicker/CollectionPicker.tsx [Client Component Browser]
    ./components/items/itemDrawer/DrawerEditContent.tsx [Client Component Browser]
    ./components/items/itemDrawer/ItemDrawer.tsx [Client Component Browser]
    ./components/items/itemDrawer/ItemDrawer.tsx [Server Component]
    ./app/dashboard/page.tsx [Server Component]

  Client Component SSR:
    ./components/ui/popover.tsx [Client Component SSR]
    ./components/collections/collectionPicker/CollectionPicker.tsx [Client Component SSR]
    ./components/items/itemDrawer/DrawerEditContent.tsx [Client Component SSR]
    ./components/items/itemDrawer/ItemDrawer.tsx [Client Component SSR]
    ./components/items/itemDrawer/ItemDrawer.tsx [Server Component]
    ./app/dashboard/page.tsx [Server Component]

https://nextjs.org/docs/messages/module-not-found @ http://localhost:3000/_next/static/chunks/node_modules_next_dist_0u_w_5s._.js:1945
[  645691ms] [ERROR] ./components/ui/popover.tsx:6:1
Module not found: Can't resolve '@/lib/utils'
  4 | import { Popover as PopoverPrimitive } from "radix-ui"
  5 |
> 6 | import { cn } from "@/lib/utils"
    | ^^^^^^^^^^^^^^^^^^^^^^^^^^^^^^^^
  7 |
  8 | function Popover({
  9 |   ...props

Import map: aliased to relative './lib/utils' inside of [project]/

Import traces:
  Client Component Browser:
    ./components/ui/popover.tsx [Client Component Browser]
    ./components/collections/collectionPicker/CollectionPicker.tsx [Client Component Browser]
    ./components/items/itemDrawer/DrawerEditContent.tsx [Client Component Browser]
    ./components/items/itemDrawer/ItemDrawer.tsx [Client Component Browser]
    ./components/items/itemDrawer/ItemDrawer.tsx [Server Component]
    ./app/dashboard/page.tsx [Server Component]

  Client Component SSR:
    ./components/ui/popover.tsx [Client Component SSR]
    ./components/collections/collectionPicker/CollectionPicker.tsx [Client Component SSR]
    ./components/items/itemDrawer/DrawerEditContent.tsx [Client Component SSR]
    ./components/items/itemDrawer/ItemDrawer.tsx [Client Component SSR]
    ./components/items/itemDrawer/ItemDrawer.tsx [Server Component]
    ./app/dashboard/page.tsx [Server Component]

https://nextjs.org/docs/messages/module-not-found @ http://localhost:3000/_next/static/chunks/node_modules_next_dist_0u_w_5s._.js:1945
[  645754ms] [ERROR] ./components/ui/popover.tsx:6:1
Module not found: Can't resolve '@/lib/utils'
  4 | import { Popover as PopoverPrimitive } from "radix-ui"
  5 |
> 6 | import { cn } from "@/lib/utils"
    | ^^^^^^^^^^^^^^^^^^^^^^^^^^^^^^^^
  7 |
  8 | function Popover({
  9 |   ...props

Import map: aliased to relative './lib/utils' inside of [project]/

Import traces:
  Client Component Browser:
    ./components/ui/popover.tsx [Client Component Browser]
    ./components/collections/collectionPicker/CollectionPicker.tsx [Client Component Browser]
    ./components/items/itemDrawer/DrawerEditContent.tsx [Client Component Browser]
    ./components/items/itemDrawer/ItemDrawer.tsx [Client Component Browser]
    ./components/items/itemDrawer/ItemDrawer.tsx [Server Component]
    ./app/dashboard/page.tsx [Server Component]

  Client Component SSR:
    ./components/ui/popover.tsx [Client Component SSR]
    ./components/collections/collectionPicker/CollectionPicker.tsx [Client Component SSR]
    ./components/items/itemDrawer/DrawerEditContent.tsx [Client Component SSR]
    ./components/items/itemDrawer/ItemDrawer.tsx [Client Component SSR]
    ./components/items/itemDrawer/ItemDrawer.tsx [Server Component]
    ./app/dashboard/page.tsx [Server Component]

https://nextjs.org/docs/messages/module-not-found @ http://localhost:3000/_next/static/chunks/node_modules_next_dist_0u_w_5s._.js:1945
[  645815ms] [ERROR] ./components/ui/popover.tsx:6:1
Module not found: Can't resolve '@/lib/utils'
  4 | import { Popover as PopoverPrimitive } from "radix-ui"
  5 |
> 6 | import { cn } from "@/lib/utils"
    | ^^^^^^^^^^^^^^^^^^^^^^^^^^^^^^^^
  7 |
  8 | function Popover({
  9 |   ...props

Import map: aliased to relative './lib/utils' inside of [project]/

Import traces:
  Client Component Browser:
    ./components/ui/popover.tsx [Client Component Browser]
    ./components/collections/collectionPicker/CollectionPicker.tsx [Client Component Browser]
    ./components/items/itemDrawer/DrawerEditContent.tsx [Client Component Browser]
    ./components/items/itemDrawer/ItemDrawer.tsx [Client Component Browser]
    ./components/items/itemDrawer/ItemDrawer.tsx [Server Component]
    ./app/dashboard/page.tsx [Server Component]

  Client Component SSR:
    ./components/ui/popover.tsx [Client Component SSR]
    ./components/collections/collectionPicker/CollectionPicker.tsx [Client Component SSR]
    ./components/items/itemDrawer/DrawerEditContent.tsx [Client Component SSR]
    ./components/items/itemDrawer/ItemDrawer.tsx [Client Component SSR]
    ./components/items/itemDrawer/ItemDrawer.tsx [Server Component]
    ./app/dashboard/page.tsx [Server Component]

https://nextjs.org/docs/messages/module-not-found @ http://localhost:3000/_next/static/chunks/node_modules_next_dist_0u_w_5s._.js:1945
[  645877ms] [ERROR] ./components/ui/popover.tsx:6:1
Module not found: Can't resolve '@/lib/utils'
  4 | import { Popover as PopoverPrimitive } from "radix-ui"
  5 |
> 6 | import { cn } from "@/lib/utils"
    | ^^^^^^^^^^^^^^^^^^^^^^^^^^^^^^^^
  7 |
  8 | function Popover({
  9 |   ...props

Import map: aliased to relative './lib/utils' inside of [project]/

Import traces:
  Client Component Browser:
    ./components/ui/popover.tsx [Client Component Browser]
    ./components/collections/collectionPicker/CollectionPicker.tsx [Client Component Browser]
    ./components/items/itemDrawer/DrawerEditContent.tsx [Client Component Browser]
    ./components/items/itemDrawer/ItemDrawer.tsx [Client Component Browser]
    ./components/items/itemDrawer/ItemDrawer.tsx [Server Component]
    ./app/dashboard/page.tsx [Server Component]

  Client Component SSR:
    ./components/ui/popover.tsx [Client Component SSR]
    ./components/collections/collectionPicker/CollectionPicker.tsx [Client Component SSR]
    ./components/items/itemDrawer/DrawerEditContent.tsx [Client Component SSR]
    ./components/items/itemDrawer/ItemDrawer.tsx [Client Component SSR]
    ./components/items/itemDrawer/ItemDrawer.tsx [Server Component]
    ./app/dashboard/page.tsx [Server Component]

https://nextjs.org/docs/messages/module-not-found @ http://localhost:3000/_next/static/chunks/node_modules_next_dist_0u_w_5s._.js:1945
[  645939ms] [ERROR] ./components/ui/popover.tsx:6:1
Module not found: Can't resolve '@/lib/utils'
  4 | import { Popover as PopoverPrimitive } from "radix-ui"
  5 |
> 6 | import { cn } from "@/lib/utils"
    | ^^^^^^^^^^^^^^^^^^^^^^^^^^^^^^^^
  7 |
  8 | function Popover({
  9 |   ...props

Import map: aliased to relative './lib/utils' inside of [project]/

Import traces:
  Client Component Browser:
    ./components/ui/popover.tsx [Client Component Browser]
    ./components/collections/collectionPicker/CollectionPicker.tsx [Client Component Browser]
    ./components/items/itemDrawer/DrawerEditContent.tsx [Client Component Browser]
    ./components/items/itemDrawer/ItemDrawer.tsx [Client Component Browser]
    ./components/items/itemDrawer/ItemDrawer.tsx [Server Component]
    ./app/dashboard/page.tsx [Server Component]

  Client Component SSR:
    ./components/ui/popover.tsx [Client Component SSR]
    ./components/collections/collectionPicker/CollectionPicker.tsx [Client Component SSR]
    ./components/items/itemDrawer/DrawerEditContent.tsx [Client Component SSR]
    ./components/items/itemDrawer/ItemDrawer.tsx [Client Component SSR]
    ./components/items/itemDrawer/ItemDrawer.tsx [Server Component]
    ./app/dashboard/page.tsx [Server Component]

https://nextjs.org/docs/messages/module-not-found @ http://localhost:3000/_next/static/chunks/node_modules_next_dist_0u_w_5s._.js:1945
[  646001ms] [ERROR] ./components/ui/popover.tsx:6:1
Module not found: Can't resolve '@/lib/utils'
  4 | import { Popover as PopoverPrimitive } from "radix-ui"
  5 |
> 6 | import { cn } from "@/lib/utils"
    | ^^^^^^^^^^^^^^^^^^^^^^^^^^^^^^^^
  7 |
  8 | function Popover({
  9 |   ...props

Import map: aliased to relative './lib/utils' inside of [project]/

Import traces:
  Client Component Browser:
    ./components/ui/popover.tsx [Client Component Browser]
    ./components/collections/collectionPicker/CollectionPicker.tsx [Client Component Browser]
    ./components/items/itemDrawer/DrawerEditContent.tsx [Client Component Browser]
    ./components/items/itemDrawer/ItemDrawer.tsx [Client Component Browser]
    ./components/items/itemDrawer/ItemDrawer.tsx [Server Component]
    ./app/dashboard/page.tsx [Server Component]

  Client Component SSR:
    ./components/ui/popover.tsx [Client Component SSR]
    ./components/collections/collectionPicker/CollectionPicker.tsx [Client Component SSR]
    ./components/items/itemDrawer/DrawerEditContent.tsx [Client Component SSR]
    ./components/items/itemDrawer/ItemDrawer.tsx [Client Component SSR]
    ./components/items/itemDrawer/ItemDrawer.tsx [Server Component]
    ./app/dashboard/page.tsx [Server Component]

https://nextjs.org/docs/messages/module-not-found @ http://localhost:3000/_next/static/chunks/node_modules_next_dist_0u_w_5s._.js:1945
[  646063ms] [ERROR] ./components/ui/popover.tsx:6:1
Module not found: Can't resolve '@/lib/utils'
  4 | import { Popover as PopoverPrimitive } from "radix-ui"
  5 |
> 6 | import { cn } from "@/lib/utils"
    | ^^^^^^^^^^^^^^^^^^^^^^^^^^^^^^^^
  7 |
  8 | function Popover({
  9 |   ...props

Import map: aliased to relative './lib/utils' inside of [project]/

Import traces:
  Client Component Browser:
    ./components/ui/popover.tsx [Client Component Browser]
    ./components/collections/collectionPicker/CollectionPicker.tsx [Client Component Browser]
    ./components/items/itemDrawer/DrawerEditContent.tsx [Client Component Browser]
    ./components/items/itemDrawer/ItemDrawer.tsx [Client Component Browser]
    ./components/items/itemDrawer/ItemDrawer.tsx [Server Component]
    ./app/dashboard/page.tsx [Server Component]

  Client Component SSR:
    ./components/ui/popover.tsx [Client Component SSR]
    ./components/collections/collectionPicker/CollectionPicker.tsx [Client Component SSR]
    ./components/items/itemDrawer/DrawerEditContent.tsx [Client Component SSR]
    ./components/items/itemDrawer/ItemDrawer.tsx [Client Component SSR]
    ./components/items/itemDrawer/ItemDrawer.tsx [Server Component]
    ./app/dashboard/page.tsx [Server Component]

https://nextjs.org/docs/messages/module-not-found @ http://localhost:3000/_next/static/chunks/node_modules_next_dist_0u_w_5s._.js:1945
[  646125ms] [ERROR] ./components/ui/popover.tsx:6:1
Module not found: Can't resolve '@/lib/utils'
  4 | import { Popover as PopoverPrimitive } from "radix-ui"
  5 |
> 6 | import { cn } from "@/lib/utils"
    | ^^^^^^^^^^^^^^^^^^^^^^^^^^^^^^^^
  7 |
  8 | function Popover({
  9 |   ...props

Import map: aliased to relative './lib/utils' inside of [project]/

Import traces:
  Client Component Browser:
    ./components/ui/popover.tsx [Client Component Browser]
    ./components/collections/collectionPicker/CollectionPicker.tsx [Client Component Browser]
    ./components/items/itemDrawer/DrawerEditContent.tsx [Client Component Browser]
    ./components/items/itemDrawer/ItemDrawer.tsx [Client Component Browser]
    ./components/items/itemDrawer/ItemDrawer.tsx [Server Component]
    ./app/dashboard/page.tsx [Server Component]

  Client Component SSR:
    ./components/ui/popover.tsx [Client Component SSR]
    ./components/collections/collectionPicker/CollectionPicker.tsx [Client Component SSR]
    ./components/items/itemDrawer/DrawerEditContent.tsx [Client Component SSR]
    ./components/items/itemDrawer/ItemDrawer.tsx [Client Component SSR]
    ./components/items/itemDrawer/ItemDrawer.tsx [Server Component]
    ./app/dashboard/page.tsx [Server Component]

https://nextjs.org/docs/messages/module-not-found @ http://localhost:3000/_next/static/chunks/node_modules_next_dist_0u_w_5s._.js:1945
[  646186ms] [ERROR] ./components/ui/popover.tsx:6:1
Module not found: Can't resolve '@/lib/utils'
  4 | import { Popover as PopoverPrimitive } from "radix-ui"
  5 |
> 6 | import { cn } from "@/lib/utils"
    | ^^^^^^^^^^^^^^^^^^^^^^^^^^^^^^^^
  7 |
  8 | function Popover({
  9 |   ...props

Import map: aliased to relative './lib/utils' inside of [project]/

Import traces:
  Client Component Browser:
    ./components/ui/popover.tsx [Client Component Browser]
    ./components/collections/collectionPicker/CollectionPicker.tsx [Client Component Browser]
    ./components/items/itemDrawer/DrawerEditContent.tsx [Client Component Browser]
    ./components/items/itemDrawer/ItemDrawer.tsx [Client Component Browser]
    ./components/items/itemDrawer/ItemDrawer.tsx [Server Component]
    ./app/dashboard/page.tsx [Server Component]

  Client Component SSR:
    ./components/ui/popover.tsx [Client Component SSR]
    ./components/collections/collectionPicker/CollectionPicker.tsx [Client Component SSR]
    ./components/items/itemDrawer/DrawerEditContent.tsx [Client Component SSR]
    ./components/items/itemDrawer/ItemDrawer.tsx [Client Component SSR]
    ./components/items/itemDrawer/ItemDrawer.tsx [Server Component]
    ./app/dashboard/page.tsx [Server Component]

https://nextjs.org/docs/messages/module-not-found @ http://localhost:3000/_next/static/chunks/node_modules_next_dist_0u_w_5s._.js:1945
[  646248ms] [ERROR] ./components/ui/popover.tsx:6:1
Module not found: Can't resolve '@/lib/utils'
  4 | import { Popover as PopoverPrimitive } from "radix-ui"
  5 |
> 6 | import { cn } from "@/lib/utils"
    | ^^^^^^^^^^^^^^^^^^^^^^^^^^^^^^^^
  7 |
  8 | function Popover({
  9 |   ...props

Import map: aliased to relative './lib/utils' inside of [project]/

Import traces:
  Client Component Browser:
    ./components/ui/popover.tsx [Client Component Browser]
    ./components/collections/collectionPicker/CollectionPicker.tsx [Client Component Browser]
    ./components/items/itemDrawer/DrawerEditContent.tsx [Client Component Browser]
    ./components/items/itemDrawer/ItemDrawer.tsx [Client Component Browser]
    ./components/items/itemDrawer/ItemDrawer.tsx [Server Component]
    ./app/dashboard/page.tsx [Server Component]

  Client Component SSR:
    ./components/ui/popover.tsx [Client Component SSR]
    ./components/collections/collectionPicker/CollectionPicker.tsx [Client Component SSR]
    ./components/items/itemDrawer/DrawerEditContent.tsx [Client Component SSR]
    ./components/items/itemDrawer/ItemDrawer.tsx [Client Component SSR]
    ./components/items/itemDrawer/ItemDrawer.tsx [Server Component]
    ./app/dashboard/page.tsx [Server Component]

https://nextjs.org/docs/messages/module-not-found @ http://localhost:3000/_next/static/chunks/node_modules_next_dist_0u_w_5s._.js:1945
[  646310ms] [ERROR] ./components/ui/popover.tsx:6:1
Module not found: Can't resolve '@/lib/utils'
  4 | import { Popover as PopoverPrimitive } from "radix-ui"
  5 |
> 6 | import { cn } from "@/lib/utils"
    | ^^^^^^^^^^^^^^^^^^^^^^^^^^^^^^^^
  7 |
  8 | function Popover({
  9 |   ...props

Import map: aliased to relative './lib/utils' inside of [project]/

Import traces:
  Client Component Browser:
    ./components/ui/popover.tsx [Client Component Browser]
    ./components/collections/collectionPicker/CollectionPicker.tsx [Client Component Browser]
    ./components/items/itemDrawer/DrawerEditContent.tsx [Client Component Browser]
    ./components/items/itemDrawer/ItemDrawer.tsx [Client Component Browser]
    ./components/items/itemDrawer/ItemDrawer.tsx [Server Component]
    ./app/dashboard/page.tsx [Server Component]

  Client Component SSR:
    ./components/ui/popover.tsx [Client Component SSR]
    ./components/collections/collectionPicker/CollectionPicker.tsx [Client Component SSR]
    ./components/items/itemDrawer/DrawerEditContent.tsx [Client Component SSR]
    ./components/items/itemDrawer/ItemDrawer.tsx [Client Component SSR]
    ./components/items/itemDrawer/ItemDrawer.tsx [Server Component]
    ./app/dashboard/page.tsx [Server Component]

https://nextjs.org/docs/messages/module-not-found @ http://localhost:3000/_next/static/chunks/node_modules_next_dist_0u_w_5s._.js:1945
[  646372ms] [ERROR] ./components/ui/popover.tsx:6:1
Module not found: Can't resolve '@/lib/utils'
  4 | import { Popover as PopoverPrimitive } from "radix-ui"
  5 |
> 6 | import { cn } from "@/lib/utils"
    | ^^^^^^^^^^^^^^^^^^^^^^^^^^^^^^^^
  7 |
  8 | function Popover({
  9 |   ...props

Import map: aliased to relative './lib/utils' inside of [project]/

Import traces:
  Client Component Browser:
    ./components/ui/popover.tsx [Client Component Browser]
    ./components/collections/collectionPicker/CollectionPicker.tsx [Client Component Browser]
    ./components/items/itemDrawer/DrawerEditContent.tsx [Client Component Browser]
    ./components/items/itemDrawer/ItemDrawer.tsx [Client Component Browser]
    ./components/items/itemDrawer/ItemDrawer.tsx [Server Component]
    ./app/dashboard/page.tsx [Server Component]

  Client Component SSR:
    ./components/ui/popover.tsx [Client Component SSR]
    ./components/collections/collectionPicker/CollectionPicker.tsx [Client Component SSR]
    ./components/items/itemDrawer/DrawerEditContent.tsx [Client Component SSR]
    ./components/items/itemDrawer/ItemDrawer.tsx [Client Component SSR]
    ./components/items/itemDrawer/ItemDrawer.tsx [Server Component]
    ./app/dashboard/page.tsx [Server Component]

https://nextjs.org/docs/messages/module-not-found @ http://localhost:3000/_next/static/chunks/node_modules_next_dist_0u_w_5s._.js:1945
[  646434ms] [ERROR] ./components/ui/popover.tsx:6:1
Module not found: Can't resolve '@/lib/utils'
  4 | import { Popover as PopoverPrimitive } from "radix-ui"
  5 |
> 6 | import { cn } from "@/lib/utils"
    | ^^^^^^^^^^^^^^^^^^^^^^^^^^^^^^^^
  7 |
  8 | function Popover({
  9 |   ...props

Import map: aliased to relative './lib/utils' inside of [project]/

Import traces:
  Client Component Browser:
    ./components/ui/popover.tsx [Client Component Browser]
    ./components/collections/collectionPicker/CollectionPicker.tsx [Client Component Browser]
    ./components/items/itemDrawer/DrawerEditContent.tsx [Client Component Browser]
    ./components/items/itemDrawer/ItemDrawer.tsx [Client Component Browser]
    ./components/items/itemDrawer/ItemDrawer.tsx [Server Component]
    ./app/dashboard/page.tsx [Server Component]

  Client Component SSR:
    ./components/ui/popover.tsx [Client Component SSR]
    ./components/collections/collectionPicker/CollectionPicker.tsx [Client Component SSR]
    ./components/items/itemDrawer/DrawerEditContent.tsx [Client Component SSR]
    ./components/items/itemDrawer/ItemDrawer.tsx [Client Component SSR]
    ./components/items/itemDrawer/ItemDrawer.tsx [Server Component]
    ./app/dashboard/page.tsx [Server Component]

https://nextjs.org/docs/messages/module-not-found @ http://localhost:3000/_next/static/chunks/node_modules_next_dist_0u_w_5s._.js:1945
[  646497ms] [ERROR] ./components/ui/popover.tsx:6:1
Module not found: Can't resolve '@/lib/utils'
  4 | import { Popover as PopoverPrimitive } from "radix-ui"
  5 |
> 6 | import { cn } from "@/lib/utils"
    | ^^^^^^^^^^^^^^^^^^^^^^^^^^^^^^^^
  7 |
  8 | function Popover({
  9 |   ...props

Import map: aliased to relative './lib/utils' inside of [project]/

Import traces:
  Client Component Browser:
    ./components/ui/popover.tsx [Client Component Browser]
    ./components/collections/collectionPicker/CollectionPicker.tsx [Client Component Browser]
    ./components/items/itemDrawer/DrawerEditContent.tsx [Client Component Browser]
    ./components/items/itemDrawer/ItemDrawer.tsx [Client Component Browser]
    ./components/items/itemDrawer/ItemDrawer.tsx [Server Component]
    ./app/dashboard/page.tsx [Server Component]

  Client Component SSR:
    ./components/ui/popover.tsx [Client Component SSR]
    ./components/collections/collectionPicker/CollectionPicker.tsx [Client Component SSR]
    ./components/items/itemDrawer/DrawerEditContent.tsx [Client Component SSR]
    ./components/items/itemDrawer/ItemDrawer.tsx [Client Component SSR]
    ./components/items/itemDrawer/ItemDrawer.tsx [Server Component]
    ./app/dashboard/page.tsx [Server Component]

https://nextjs.org/docs/messages/module-not-found @ http://localhost:3000/_next/static/chunks/node_modules_next_dist_0u_w_5s._.js:1945
[  646558ms] [ERROR] ./components/ui/popover.tsx:6:1
Module not found: Can't resolve '@/lib/utils'
  4 | import { Popover as PopoverPrimitive } from "radix-ui"
  5 |
> 6 | import { cn } from "@/lib/utils"
    | ^^^^^^^^^^^^^^^^^^^^^^^^^^^^^^^^
  7 |
  8 | function Popover({
  9 |   ...props

Import map: aliased to relative './lib/utils' inside of [project]/

Import traces:
  Client Component Browser:
    ./components/ui/popover.tsx [Client Component Browser]
    ./components/collections/collectionPicker/CollectionPicker.tsx [Client Component Browser]
    ./components/items/itemDrawer/DrawerEditContent.tsx [Client Component Browser]
    ./components/items/itemDrawer/ItemDrawer.tsx [Client Component Browser]
    ./components/items/itemDrawer/ItemDrawer.tsx [Server Component]
    ./app/dashboard/page.tsx [Server Component]

  Client Component SSR:
    ./components/ui/popover.tsx [Client Component SSR]
    ./components/collections/collectionPicker/CollectionPicker.tsx [Client Component SSR]
    ./components/items/itemDrawer/DrawerEditContent.tsx [Client Component SSR]
    ./components/items/itemDrawer/ItemDrawer.tsx [Client Component SSR]
    ./components/items/itemDrawer/ItemDrawer.tsx [Server Component]
    ./app/dashboard/page.tsx [Server Component]

https://nextjs.org/docs/messages/module-not-found @ http://localhost:3000/_next/static/chunks/node_modules_next_dist_0u_w_5s._.js:1945
[  646622ms] [ERROR] ./components/ui/popover.tsx:6:1
Module not found: Can't resolve '@/lib/utils'
  4 | import { Popover as PopoverPrimitive } from "radix-ui"
  5 |
> 6 | import { cn } from "@/lib/utils"
    | ^^^^^^^^^^^^^^^^^^^^^^^^^^^^^^^^
  7 |
  8 | function Popover({
  9 |   ...props

Import map: aliased to relative './lib/utils' inside of [project]/

Import traces:
  Client Component Browser:
    ./components/ui/popover.tsx [Client Component Browser]
    ./components/collections/collectionPicker/CollectionPicker.tsx [Client Component Browser]
    ./components/items/itemDrawer/DrawerEditContent.tsx [Client Component Browser]
    ./components/items/itemDrawer/ItemDrawer.tsx [Client Component Browser]
    ./components/items/itemDrawer/ItemDrawer.tsx [Server Component]
    ./app/dashboard/page.tsx [Server Component]

  Client Component SSR:
    ./components/ui/popover.tsx [Client Component SSR]
    ./components/collections/collectionPicker/CollectionPicker.tsx [Client Component SSR]
    ./components/items/itemDrawer/DrawerEditContent.tsx [Client Component SSR]
    ./components/items/itemDrawer/ItemDrawer.tsx [Client Component SSR]
    ./components/items/itemDrawer/ItemDrawer.tsx [Server Component]
    ./app/dashboard/page.tsx [Server Component]

https://nextjs.org/docs/messages/module-not-found @ http://localhost:3000/_next/static/chunks/node_modules_next_dist_0u_w_5s._.js:1945
[  646683ms] [ERROR] ./components/ui/popover.tsx:6:1
Module not found: Can't resolve '@/lib/utils'
  4 | import { Popover as PopoverPrimitive } from "radix-ui"
  5 |
> 6 | import { cn } from "@/lib/utils"
    | ^^^^^^^^^^^^^^^^^^^^^^^^^^^^^^^^
  7 |
  8 | function Popover({
  9 |   ...props

Import map: aliased to relative './lib/utils' inside of [project]/

Import traces:
  Client Component Browser:
    ./components/ui/popover.tsx [Client Component Browser]
    ./components/collections/collectionPicker/CollectionPicker.tsx [Client Component Browser]
    ./components/items/itemDrawer/DrawerEditContent.tsx [Client Component Browser]
    ./components/items/itemDrawer/ItemDrawer.tsx [Client Component Browser]
    ./components/items/itemDrawer/ItemDrawer.tsx [Server Component]
    ./app/dashboard/page.tsx [Server Component]

  Client Component SSR:
    ./components/ui/popover.tsx [Client Component SSR]
    ./components/collections/collectionPicker/CollectionPicker.tsx [Client Component SSR]
    ./components/items/itemDrawer/DrawerEditContent.tsx [Client Component SSR]
    ./components/items/itemDrawer/ItemDrawer.tsx [Client Component SSR]
    ./components/items/itemDrawer/ItemDrawer.tsx [Server Component]
    ./app/dashboard/page.tsx [Server Component]

https://nextjs.org/docs/messages/module-not-found @ http://localhost:3000/_next/static/chunks/node_modules_next_dist_0u_w_5s._.js:1945
[  646746ms] [ERROR] ./components/ui/popover.tsx:6:1
Module not found: Can't resolve '@/lib/utils'
  4 | import { Popover as PopoverPrimitive } from "radix-ui"
  5 |
> 6 | import { cn } from "@/lib/utils"
    | ^^^^^^^^^^^^^^^^^^^^^^^^^^^^^^^^
  7 |
  8 | function Popover({
  9 |   ...props

Import map: aliased to relative './lib/utils' inside of [project]/

Import traces:
  Client Component Browser:
    ./components/ui/popover.tsx [Client Component Browser]
    ./components/collections/collectionPicker/CollectionPicker.tsx [Client Component Browser]
    ./components/items/itemDrawer/DrawerEditContent.tsx [Client Component Browser]
    ./components/items/itemDrawer/ItemDrawer.tsx [Client Component Browser]
    ./components/items/itemDrawer/ItemDrawer.tsx [Server Component]
    ./app/dashboard/page.tsx [Server Component]

  Client Component SSR:
    ./components/ui/popover.tsx [Client Component SSR]
    ./components/collections/collectionPicker/CollectionPicker.tsx [Client Component SSR]
    ./components/items/itemDrawer/DrawerEditContent.tsx [Client Component SSR]
    ./components/items/itemDrawer/ItemDrawer.tsx [Client Component SSR]
    ./components/items/itemDrawer/ItemDrawer.tsx [Server Component]
    ./app/dashboard/page.tsx [Server Component]

https://nextjs.org/docs/messages/module-not-found @ http://localhost:3000/_next/static/chunks/node_modules_next_dist_0u_w_5s._.js:1945
[  646807ms] [ERROR] ./components/ui/popover.tsx:6:1
Module not found: Can't resolve '@/lib/utils'
  4 | import { Popover as PopoverPrimitive } from "radix-ui"
  5 |
> 6 | import { cn } from "@/lib/utils"
    | ^^^^^^^^^^^^^^^^^^^^^^^^^^^^^^^^
  7 |
  8 | function Popover({
  9 |   ...props

Import map: aliased to relative './lib/utils' inside of [project]/

Import traces:
  Client Component Browser:
    ./components/ui/popover.tsx [Client Component Browser]
    ./components/collections/collectionPicker/CollectionPicker.tsx [Client Component Browser]
    ./components/items/itemDrawer/DrawerEditContent.tsx [Client Component Browser]
    ./components/items/itemDrawer/ItemDrawer.tsx [Client Component Browser]
    ./components/items/itemDrawer/ItemDrawer.tsx [Server Component]
    ./app/dashboard/page.tsx [Server Component]

  Client Component SSR:
    ./components/ui/popover.tsx [Client Component SSR]
    ./components/collections/collectionPicker/CollectionPicker.tsx [Client Component SSR]
    ./components/items/itemDrawer/DrawerEditContent.tsx [Client Component SSR]
    ./components/items/itemDrawer/ItemDrawer.tsx [Client Component SSR]
    ./components/items/itemDrawer/ItemDrawer.tsx [Server Component]
    ./app/dashboard/page.tsx [Server Component]

https://nextjs.org/docs/messages/module-not-found @ http://localhost:3000/_next/static/chunks/node_modules_next_dist_0u_w_5s._.js:1945
[  646869ms] [ERROR] ./components/ui/popover.tsx:6:1
Module not found: Can't resolve '@/lib/utils'
  4 | import { Popover as PopoverPrimitive } from "radix-ui"
  5 |
> 6 | import { cn } from "@/lib/utils"
    | ^^^^^^^^^^^^^^^^^^^^^^^^^^^^^^^^
  7 |
  8 | function Popover({
  9 |   ...props

Import map: aliased to relative './lib/utils' inside of [project]/

Import traces:
  Client Component Browser:
    ./components/ui/popover.tsx [Client Component Browser]
    ./components/collections/collectionPicker/CollectionPicker.tsx [Client Component Browser]
    ./components/items/itemDrawer/DrawerEditContent.tsx [Client Component Browser]
    ./components/items/itemDrawer/ItemDrawer.tsx [Client Component Browser]
    ./components/items/itemDrawer/ItemDrawer.tsx [Server Component]
    ./app/dashboard/page.tsx [Server Component]

  Client Component SSR:
    ./components/ui/popover.tsx [Client Component SSR]
    ./components/collections/collectionPicker/CollectionPicker.tsx [Client Component SSR]
    ./components/items/itemDrawer/DrawerEditContent.tsx [Client Component SSR]
    ./components/items/itemDrawer/ItemDrawer.tsx [Client Component SSR]
    ./components/items/itemDrawer/ItemDrawer.tsx [Server Component]
    ./app/dashboard/page.tsx [Server Component]

https://nextjs.org/docs/messages/module-not-found @ http://localhost:3000/_next/static/chunks/node_modules_next_dist_0u_w_5s._.js:1945
[  646932ms] [ERROR] ./components/ui/popover.tsx:6:1
Module not found: Can't resolve '@/lib/utils'
  4 | import { Popover as PopoverPrimitive } from "radix-ui"
  5 |
> 6 | import { cn } from "@/lib/utils"
    | ^^^^^^^^^^^^^^^^^^^^^^^^^^^^^^^^
  7 |
  8 | function Popover({
  9 |   ...props

Import map: aliased to relative './lib/utils' inside of [project]/

Import traces:
  Client Component Browser:
    ./components/ui/popover.tsx [Client Component Browser]
    ./components/collections/collectionPicker/CollectionPicker.tsx [Client Component Browser]
    ./components/items/itemDrawer/DrawerEditContent.tsx [Client Component Browser]
    ./components/items/itemDrawer/ItemDrawer.tsx [Client Component Browser]
    ./components/items/itemDrawer/ItemDrawer.tsx [Server Component]
    ./app/dashboard/page.tsx [Server Component]

  Client Component SSR:
    ./components/ui/popover.tsx [Client Component SSR]
    ./components/collections/collectionPicker/CollectionPicker.tsx [Client Component SSR]
    ./components/items/itemDrawer/DrawerEditContent.tsx [Client Component SSR]
    ./components/items/itemDrawer/ItemDrawer.tsx [Client Component SSR]
    ./components/items/itemDrawer/ItemDrawer.tsx [Server Component]
    ./app/dashboard/page.tsx [Server Component]

https://nextjs.org/docs/messages/module-not-found @ http://localhost:3000/_next/static/chunks/node_modules_next_dist_0u_w_5s._.js:1945
[  646995ms] [ERROR] ./components/ui/popover.tsx:6:1
Module not found: Can't resolve '@/lib/utils'
  4 | import { Popover as PopoverPrimitive } from "radix-ui"
  5 |
> 6 | import { cn } from "@/lib/utils"
    | ^^^^^^^^^^^^^^^^^^^^^^^^^^^^^^^^
  7 |
  8 | function Popover({
  9 |   ...props

Import map: aliased to relative './lib/utils' inside of [project]/

Import traces:
  Client Component Browser:
    ./components/ui/popover.tsx [Client Component Browser]
    ./components/collections/collectionPicker/CollectionPicker.tsx [Client Component Browser]
    ./components/items/itemDrawer/DrawerEditContent.tsx [Client Component Browser]
    ./components/items/itemDrawer/ItemDrawer.tsx [Client Component Browser]
    ./components/items/itemDrawer/ItemDrawer.tsx [Server Component]
    ./app/dashboard/page.tsx [Server Component]

  Client Component SSR:
    ./components/ui/popover.tsx [Client Component SSR]
    ./components/collections/collectionPicker/CollectionPicker.tsx [Client Component SSR]
    ./components/items/itemDrawer/DrawerEditContent.tsx [Client Component SSR]
    ./components/items/itemDrawer/ItemDrawer.tsx [Client Component SSR]
    ./components/items/itemDrawer/ItemDrawer.tsx [Server Component]
    ./app/dashboard/page.tsx [Server Component]

https://nextjs.org/docs/messages/module-not-found @ http://localhost:3000/_next/static/chunks/node_modules_next_dist_0u_w_5s._.js:1945
[  647057ms] [ERROR] ./components/ui/popover.tsx:6:1
Module not found: Can't resolve '@/lib/utils'
  4 | import { Popover as PopoverPrimitive } from "radix-ui"
  5 |
> 6 | import { cn } from "@/lib/utils"
    | ^^^^^^^^^^^^^^^^^^^^^^^^^^^^^^^^
  7 |
  8 | function Popover({
  9 |   ...props

Import map: aliased to relative './lib/utils' inside of [project]/

Import traces:
  Client Component Browser:
    ./components/ui/popover.tsx [Client Component Browser]
    ./components/collections/collectionPicker/CollectionPicker.tsx [Client Component Browser]
    ./components/items/itemDrawer/DrawerEditContent.tsx [Client Component Browser]
    ./components/items/itemDrawer/ItemDrawer.tsx [Client Component Browser]
    ./components/items/itemDrawer/ItemDrawer.tsx [Server Component]
    ./app/dashboard/page.tsx [Server Component]

  Client Component SSR:
    ./components/ui/popover.tsx [Client Component SSR]
    ./components/collections/collectionPicker/CollectionPicker.tsx [Client Component SSR]
    ./components/items/itemDrawer/DrawerEditContent.tsx [Client Component SSR]
    ./components/items/itemDrawer/ItemDrawer.tsx [Client Component SSR]
    ./components/items/itemDrawer/ItemDrawer.tsx [Server Component]
    ./app/dashboard/page.tsx [Server Component]

https://nextjs.org/docs/messages/module-not-found @ http://localhost:3000/_next/static/chunks/node_modules_next_dist_0u_w_5s._.js:1945
[  647120ms] [ERROR] ./components/ui/popover.tsx:6:1
Module not found: Can't resolve '@/lib/utils'
  4 | import { Popover as PopoverPrimitive } from "radix-ui"
  5 |
> 6 | import { cn } from "@/lib/utils"
    | ^^^^^^^^^^^^^^^^^^^^^^^^^^^^^^^^
  7 |
  8 | function Popover({
  9 |   ...props

Import map: aliased to relative './lib/utils' inside of [project]/

Import traces:
  Client Component Browser:
    ./components/ui/popover.tsx [Client Component Browser]
    ./components/collections/collectionPicker/CollectionPicker.tsx [Client Component Browser]
    ./components/items/itemDrawer/DrawerEditContent.tsx [Client Component Browser]
    ./components/items/itemDrawer/ItemDrawer.tsx [Client Component Browser]
    ./components/items/itemDrawer/ItemDrawer.tsx [Server Component]
    ./app/dashboard/page.tsx [Server Component]

  Client Component SSR:
    ./components/ui/popover.tsx [Client Component SSR]
    ./components/collections/collectionPicker/CollectionPicker.tsx [Client Component SSR]
    ./components/items/itemDrawer/DrawerEditContent.tsx [Client Component SSR]
    ./components/items/itemDrawer/ItemDrawer.tsx [Client Component SSR]
    ./components/items/itemDrawer/ItemDrawer.tsx [Server Component]
    ./app/dashboard/page.tsx [Server Component]

https://nextjs.org/docs/messages/module-not-found @ http://localhost:3000/_next/static/chunks/node_modules_next_dist_0u_w_5s._.js:1945
[  647183ms] [ERROR] ./components/ui/popover.tsx:6:1
Module not found: Can't resolve '@/lib/utils'
  4 | import { Popover as PopoverPrimitive } from "radix-ui"
  5 |
> 6 | import { cn } from "@/lib/utils"
    | ^^^^^^^^^^^^^^^^^^^^^^^^^^^^^^^^
  7 |
  8 | function Popover({
  9 |   ...props

Import map: aliased to relative './lib/utils' inside of [project]/

Import traces:
  Client Component Browser:
    ./components/ui/popover.tsx [Client Component Browser]
    ./components/collections/collectionPicker/CollectionPicker.tsx [Client Component Browser]
    ./components/items/itemDrawer/DrawerEditContent.tsx [Client Component Browser]
    ./components/items/itemDrawer/ItemDrawer.tsx [Client Component Browser]
    ./components/items/itemDrawer/ItemDrawer.tsx [Server Component]
    ./app/dashboard/page.tsx [Server Component]

  Client Component SSR:
    ./components/ui/popover.tsx [Client Component SSR]
    ./components/collections/collectionPicker/CollectionPicker.tsx [Client Component SSR]
    ./components/items/itemDrawer/DrawerEditContent.tsx [Client Component SSR]
    ./components/items/itemDrawer/ItemDrawer.tsx [Client Component SSR]
    ./components/items/itemDrawer/ItemDrawer.tsx [Server Component]
    ./app/dashboard/page.tsx [Server Component]

https://nextjs.org/docs/messages/module-not-found @ http://localhost:3000/_next/static/chunks/node_modules_next_dist_0u_w_5s._.js:1945
[  647245ms] [ERROR] ./components/ui/popover.tsx:6:1
Module not found: Can't resolve '@/lib/utils'
  4 | import { Popover as PopoverPrimitive } from "radix-ui"
  5 |
> 6 | import { cn } from "@/lib/utils"
    | ^^^^^^^^^^^^^^^^^^^^^^^^^^^^^^^^
  7 |
  8 | function Popover({
  9 |   ...props

Import map: aliased to relative './lib/utils' inside of [project]/

Import traces:
  Client Component Browser:
    ./components/ui/popover.tsx [Client Component Browser]
    ./components/collections/collectionPicker/CollectionPicker.tsx [Client Component Browser]
    ./components/items/itemDrawer/DrawerEditContent.tsx [Client Component Browser]
    ./components/items/itemDrawer/ItemDrawer.tsx [Client Component Browser]
    ./components/items/itemDrawer/ItemDrawer.tsx [Server Component]
    ./app/dashboard/page.tsx [Server Component]

  Client Component SSR:
    ./components/ui/popover.tsx [Client Component SSR]
    ./components/collections/collectionPicker/CollectionPicker.tsx [Client Component SSR]
    ./components/items/itemDrawer/DrawerEditContent.tsx [Client Component SSR]
    ./components/items/itemDrawer/ItemDrawer.tsx [Client Component SSR]
    ./components/items/itemDrawer/ItemDrawer.tsx [Server Component]
    ./app/dashboard/page.tsx [Server Component]

https://nextjs.org/docs/messages/module-not-found @ http://localhost:3000/_next/static/chunks/node_modules_next_dist_0u_w_5s._.js:1945
[  647306ms] [ERROR] ./components/ui/popover.tsx:6:1
Module not found: Can't resolve '@/lib/utils'
  4 | import { Popover as PopoverPrimitive } from "radix-ui"
  5 |
> 6 | import { cn } from "@/lib/utils"
    | ^^^^^^^^^^^^^^^^^^^^^^^^^^^^^^^^
  7 |
  8 | function Popover({
  9 |   ...props

Import map: aliased to relative './lib/utils' inside of [project]/

Import traces:
  Client Component Browser:
    ./components/ui/popover.tsx [Client Component Browser]
    ./components/collections/collectionPicker/CollectionPicker.tsx [Client Component Browser]
    ./components/items/itemDrawer/DrawerEditContent.tsx [Client Component Browser]
    ./components/items/itemDrawer/ItemDrawer.tsx [Client Component Browser]
    ./components/items/itemDrawer/ItemDrawer.tsx [Server Component]
    ./app/dashboard/page.tsx [Server Component]

  Client Component SSR:
    ./components/ui/popover.tsx [Client Component SSR]
    ./components/collections/collectionPicker/CollectionPicker.tsx [Client Component SSR]
    ./components/items/itemDrawer/DrawerEditContent.tsx [Client Component SSR]
    ./components/items/itemDrawer/ItemDrawer.tsx [Client Component SSR]
    ./components/items/itemDrawer/ItemDrawer.tsx [Server Component]
    ./app/dashboard/page.tsx [Server Component]

https://nextjs.org/docs/messages/module-not-found @ http://localhost:3000/_next/static/chunks/node_modules_next_dist_0u_w_5s._.js:1945
[  647368ms] [ERROR] ./components/ui/popover.tsx:6:1
Module not found: Can't resolve '@/lib/utils'
  4 | import { Popover as PopoverPrimitive } from "radix-ui"
  5 |
> 6 | import { cn } from "@/lib/utils"
    | ^^^^^^^^^^^^^^^^^^^^^^^^^^^^^^^^
  7 |
  8 | function Popover({
  9 |   ...props

Import map: aliased to relative './lib/utils' inside of [project]/

Import traces:
  Client Component Browser:
    ./components/ui/popover.tsx [Client Component Browser]
    ./components/collections/collectionPicker/CollectionPicker.tsx [Client Component Browser]
    ./components/items/itemDrawer/DrawerEditContent.tsx [Client Component Browser]
    ./components/items/itemDrawer/ItemDrawer.tsx [Client Component Browser]
    ./components/items/itemDrawer/ItemDrawer.tsx [Server Component]
    ./app/dashboard/page.tsx [Server Component]

  Client Component SSR:
    ./components/ui/popover.tsx [Client Component SSR]
    ./components/collections/collectionPicker/CollectionPicker.tsx [Client Component SSR]
    ./components/items/itemDrawer/DrawerEditContent.tsx [Client Component SSR]
    ./components/items/itemDrawer/ItemDrawer.tsx [Client Component SSR]
    ./components/items/itemDrawer/ItemDrawer.tsx [Server Component]
    ./app/dashboard/page.tsx [Server Component]

https://nextjs.org/docs/messages/module-not-found @ http://localhost:3000/_next/static/chunks/node_modules_next_dist_0u_w_5s._.js:1945
[  647430ms] [ERROR] ./components/ui/popover.tsx:6:1
Module not found: Can't resolve '@/lib/utils'
  4 | import { Popover as PopoverPrimitive } from "radix-ui"
  5 |
> 6 | import { cn } from "@/lib/utils"
    | ^^^^^^^^^^^^^^^^^^^^^^^^^^^^^^^^
  7 |
  8 | function Popover({
  9 |   ...props

Import map: aliased to relative './lib/utils' inside of [project]/

Import traces:
  Client Component Browser:
    ./components/ui/popover.tsx [Client Component Browser]
    ./components/collections/collectionPicker/CollectionPicker.tsx [Client Component Browser]
    ./components/items/itemDrawer/DrawerEditContent.tsx [Client Component Browser]
    ./components/items/itemDrawer/ItemDrawer.tsx [Client Component Browser]
    ./components/items/itemDrawer/ItemDrawer.tsx [Server Component]
    ./app/dashboard/page.tsx [Server Component]

  Client Component SSR:
    ./components/ui/popover.tsx [Client Component SSR]
    ./components/collections/collectionPicker/CollectionPicker.tsx [Client Component SSR]
    ./components/items/itemDrawer/DrawerEditContent.tsx [Client Component SSR]
    ./components/items/itemDrawer/ItemDrawer.tsx [Client Component SSR]
    ./components/items/itemDrawer/ItemDrawer.tsx [Server Component]
    ./app/dashboard/page.tsx [Server Component]

https://nextjs.org/docs/messages/module-not-found @ http://localhost:3000/_next/static/chunks/node_modules_next_dist_0u_w_5s._.js:1945
[  647492ms] [ERROR] ./components/ui/popover.tsx:6:1
Module not found: Can't resolve '@/lib/utils'
  4 | import { Popover as PopoverPrimitive } from "radix-ui"
  5 |
> 6 | import { cn } from "@/lib/utils"
    | ^^^^^^^^^^^^^^^^^^^^^^^^^^^^^^^^
  7 |
  8 | function Popover({
  9 |   ...props

Import map: aliased to relative './lib/utils' inside of [project]/

Import traces:
  Client Component Browser:
    ./components/ui/popover.tsx [Client Component Browser]
    ./components/collections/collectionPicker/CollectionPicker.tsx [Client Component Browser]
    ./components/items/itemDrawer/DrawerEditContent.tsx [Client Component Browser]
    ./components/items/itemDrawer/ItemDrawer.tsx [Client Component Browser]
    ./components/items/itemDrawer/ItemDrawer.tsx [Server Component]
    ./app/dashboard/page.tsx [Server Component]

  Client Component SSR:
    ./components/ui/popover.tsx [Client Component SSR]
    ./components/collections/collectionPicker/CollectionPicker.tsx [Client Component SSR]
    ./components/items/itemDrawer/DrawerEditContent.tsx [Client Component SSR]
    ./components/items/itemDrawer/ItemDrawer.tsx [Client Component SSR]
    ./components/items/itemDrawer/ItemDrawer.tsx [Server Component]
    ./app/dashboard/page.tsx [Server Component]

https://nextjs.org/docs/messages/module-not-found @ http://localhost:3000/_next/static/chunks/node_modules_next_dist_0u_w_5s._.js:1945
[  647553ms] [ERROR] ./components/ui/popover.tsx:6:1
Module not found: Can't resolve '@/lib/utils'
  4 | import { Popover as PopoverPrimitive } from "radix-ui"
  5 |
> 6 | import { cn } from "@/lib/utils"
    | ^^^^^^^^^^^^^^^^^^^^^^^^^^^^^^^^
  7 |
  8 | function Popover({
  9 |   ...props

Import map: aliased to relative './lib/utils' inside of [project]/

Import traces:
  Client Component Browser:
    ./components/ui/popover.tsx [Client Component Browser]
    ./components/collections/collectionPicker/CollectionPicker.tsx [Client Component Browser]
    ./components/items/itemDrawer/DrawerEditContent.tsx [Client Component Browser]
    ./components/items/itemDrawer/ItemDrawer.tsx [Client Component Browser]
    ./components/items/itemDrawer/ItemDrawer.tsx [Server Component]
    ./app/dashboard/page.tsx [Server Component]

  Client Component SSR:
    ./components/ui/popover.tsx [Client Component SSR]
    ./components/collections/collectionPicker/CollectionPicker.tsx [Client Component SSR]
    ./components/items/itemDrawer/DrawerEditContent.tsx [Client Component SSR]
    ./components/items/itemDrawer/ItemDrawer.tsx [Client Component SSR]
    ./components/items/itemDrawer/ItemDrawer.tsx [Server Component]
    ./app/dashboard/page.tsx [Server Component]

https://nextjs.org/docs/messages/module-not-found @ http://localhost:3000/_next/static/chunks/node_modules_next_dist_0u_w_5s._.js:1945
[  647616ms] [ERROR] ./components/ui/popover.tsx:6:1
Module not found: Can't resolve '@/lib/utils'
  4 | import { Popover as PopoverPrimitive } from "radix-ui"
  5 |
> 6 | import { cn } from "@/lib/utils"
    | ^^^^^^^^^^^^^^^^^^^^^^^^^^^^^^^^
  7 |
  8 | function Popover({
  9 |   ...props

Import map: aliased to relative './lib/utils' inside of [project]/

Import traces:
  Client Component Browser:
    ./components/ui/popover.tsx [Client Component Browser]
    ./components/collections/collectionPicker/CollectionPicker.tsx [Client Component Browser]
    ./components/items/itemDrawer/DrawerEditContent.tsx [Client Component Browser]
    ./components/items/itemDrawer/ItemDrawer.tsx [Client Component Browser]
    ./components/items/itemDrawer/ItemDrawer.tsx [Server Component]
    ./app/dashboard/page.tsx [Server Component]

  Client Component SSR:
    ./components/ui/popover.tsx [Client Component SSR]
    ./components/collections/collectionPicker/CollectionPicker.tsx [Client Component SSR]
    ./components/items/itemDrawer/DrawerEditContent.tsx [Client Component SSR]
    ./components/items/itemDrawer/ItemDrawer.tsx [Client Component SSR]
    ./components/items/itemDrawer/ItemDrawer.tsx [Server Component]
    ./app/dashboard/page.tsx [Server Component]

https://nextjs.org/docs/messages/module-not-found @ http://localhost:3000/_next/static/chunks/node_modules_next_dist_0u_w_5s._.js:1945
[  647679ms] [ERROR] ./components/ui/popover.tsx:6:1
Module not found: Can't resolve '@/lib/utils'
  4 | import { Popover as PopoverPrimitive } from "radix-ui"
  5 |
> 6 | import { cn } from "@/lib/utils"
    | ^^^^^^^^^^^^^^^^^^^^^^^^^^^^^^^^
  7 |
  8 | function Popover({
  9 |   ...props

Import map: aliased to relative './lib/utils' inside of [project]/

Import traces:
  Client Component Browser:
    ./components/ui/popover.tsx [Client Component Browser]
    ./components/collections/collectionPicker/CollectionPicker.tsx [Client Component Browser]
    ./components/items/itemDrawer/DrawerEditContent.tsx [Client Component Browser]
    ./components/items/itemDrawer/ItemDrawer.tsx [Client Component Browser]
    ./components/items/itemDrawer/ItemDrawer.tsx [Server Component]
    ./app/dashboard/page.tsx [Server Component]

  Client Component SSR:
    ./components/ui/popover.tsx [Client Component SSR]
    ./components/collections/collectionPicker/CollectionPicker.tsx [Client Component SSR]
    ./components/items/itemDrawer/DrawerEditContent.tsx [Client Component SSR]
    ./components/items/itemDrawer/ItemDrawer.tsx [Client Component SSR]
    ./components/items/itemDrawer/ItemDrawer.tsx [Server Component]
    ./app/dashboard/page.tsx [Server Component]

https://nextjs.org/docs/messages/module-not-found @ http://localhost:3000/_next/static/chunks/node_modules_next_dist_0u_w_5s._.js:1945
[  647741ms] [ERROR] ./components/ui/popover.tsx:6:1
Module not found: Can't resolve '@/lib/utils'
  4 | import { Popover as PopoverPrimitive } from "radix-ui"
  5 |
> 6 | import { cn } from "@/lib/utils"
    | ^^^^^^^^^^^^^^^^^^^^^^^^^^^^^^^^
  7 |
  8 | function Popover({
  9 |   ...props

Import map: aliased to relative './lib/utils' inside of [project]/

Import traces:
  Client Component Browser:
    ./components/ui/popover.tsx [Client Component Browser]
    ./components/collections/collectionPicker/CollectionPicker.tsx [Client Component Browser]
    ./components/items/itemDrawer/DrawerEditContent.tsx [Client Component Browser]
    ./components/items/itemDrawer/ItemDrawer.tsx [Client Component Browser]
    ./components/items/itemDrawer/ItemDrawer.tsx [Server Component]
    ./app/dashboard/page.tsx [Server Component]

  Client Component SSR:
    ./components/ui/popover.tsx [Client Component SSR]
    ./components/collections/collectionPicker/CollectionPicker.tsx [Client Component SSR]
    ./components/items/itemDrawer/DrawerEditContent.tsx [Client Component SSR]
    ./components/items/itemDrawer/ItemDrawer.tsx [Client Component SSR]
    ./components/items/itemDrawer/ItemDrawer.tsx [Server Component]
    ./app/dashboard/page.tsx [Server Component]

https://nextjs.org/docs/messages/module-not-found @ http://localhost:3000/_next/static/chunks/node_modules_next_dist_0u_w_5s._.js:1945
[  647803ms] [ERROR] ./components/ui/popover.tsx:6:1
Module not found: Can't resolve '@/lib/utils'
  4 | import { Popover as PopoverPrimitive } from "radix-ui"
  5 |
> 6 | import { cn } from "@/lib/utils"
    | ^^^^^^^^^^^^^^^^^^^^^^^^^^^^^^^^
  7 |
  8 | function Popover({
  9 |   ...props

Import map: aliased to relative './lib/utils' inside of [project]/

Import traces:
  Client Component Browser:
    ./components/ui/popover.tsx [Client Component Browser]
    ./components/collections/collectionPicker/CollectionPicker.tsx [Client Component Browser]
    ./components/items/itemDrawer/DrawerEditContent.tsx [Client Component Browser]
    ./components/items/itemDrawer/ItemDrawer.tsx [Client Component Browser]
    ./components/items/itemDrawer/ItemDrawer.tsx [Server Component]
    ./app/dashboard/page.tsx [Server Component]

  Client Component SSR:
    ./components/ui/popover.tsx [Client Component SSR]
    ./components/collections/collectionPicker/CollectionPicker.tsx [Client Component SSR]
    ./components/items/itemDrawer/DrawerEditContent.tsx [Client Component SSR]
    ./components/items/itemDrawer/ItemDrawer.tsx [Client Component SSR]
    ./components/items/itemDrawer/ItemDrawer.tsx [Server Component]
    ./app/dashboard/page.tsx [Server Component]

https://nextjs.org/docs/messages/module-not-found @ http://localhost:3000/_next/static/chunks/node_modules_next_dist_0u_w_5s._.js:1945
[  647867ms] [ERROR] ./components/ui/popover.tsx:6:1
Module not found: Can't resolve '@/lib/utils'
  4 | import { Popover as PopoverPrimitive } from "radix-ui"
  5 |
> 6 | import { cn } from "@/lib/utils"
    | ^^^^^^^^^^^^^^^^^^^^^^^^^^^^^^^^
  7 |
  8 | function Popover({
  9 |   ...props

Import map: aliased to relative './lib/utils' inside of [project]/

Import traces:
  Client Component Browser:
    ./components/ui/popover.tsx [Client Component Browser]
    ./components/collections/collectionPicker/CollectionPicker.tsx [Client Component Browser]
    ./components/items/itemDrawer/DrawerEditContent.tsx [Client Component Browser]
    ./components/items/itemDrawer/ItemDrawer.tsx [Client Component Browser]
    ./components/items/itemDrawer/ItemDrawer.tsx [Server Component]
    ./app/dashboard/page.tsx [Server Component]

  Client Component SSR:
    ./components/ui/popover.tsx [Client Component SSR]
    ./components/collections/collectionPicker/CollectionPicker.tsx [Client Component SSR]
    ./components/items/itemDrawer/DrawerEditContent.tsx [Client Component SSR]
    ./components/items/itemDrawer/ItemDrawer.tsx [Client Component SSR]
    ./components/items/itemDrawer/ItemDrawer.tsx [Server Component]
    ./app/dashboard/page.tsx [Server Component]

https://nextjs.org/docs/messages/module-not-found @ http://localhost:3000/_next/static/chunks/node_modules_next_dist_0u_w_5s._.js:1945
[  647927ms] [ERROR] ./components/ui/popover.tsx:6:1
Module not found: Can't resolve '@/lib/utils'
  4 | import { Popover as PopoverPrimitive } from "radix-ui"
  5 |
> 6 | import { cn } from "@/lib/utils"
    | ^^^^^^^^^^^^^^^^^^^^^^^^^^^^^^^^
  7 |
  8 | function Popover({
  9 |   ...props

Import map: aliased to relative './lib/utils' inside of [project]/

Import traces:
  Client Component Browser:
    ./components/ui/popover.tsx [Client Component Browser]
    ./components/collections/collectionPicker/CollectionPicker.tsx [Client Component Browser]
    ./components/items/itemDrawer/DrawerEditContent.tsx [Client Component Browser]
    ./components/items/itemDrawer/ItemDrawer.tsx [Client Component Browser]
    ./components/items/itemDrawer/ItemDrawer.tsx [Server Component]
    ./app/dashboard/page.tsx [Server Component]

  Client Component SSR:
    ./components/ui/popover.tsx [Client Component SSR]
    ./components/collections/collectionPicker/CollectionPicker.tsx [Client Component SSR]
    ./components/items/itemDrawer/DrawerEditContent.tsx [Client Component SSR]
    ./components/items/itemDrawer/ItemDrawer.tsx [Client Component SSR]
    ./components/items/itemDrawer/ItemDrawer.tsx [Server Component]
    ./app/dashboard/page.tsx [Server Component]

https://nextjs.org/docs/messages/module-not-found @ http://localhost:3000/_next/static/chunks/node_modules_next_dist_0u_w_5s._.js:1945
[  647990ms] [ERROR] ./components/ui/popover.tsx:6:1
Module not found: Can't resolve '@/lib/utils'
  4 | import { Popover as PopoverPrimitive } from "radix-ui"
  5 |
> 6 | import { cn } from "@/lib/utils"
    | ^^^^^^^^^^^^^^^^^^^^^^^^^^^^^^^^
  7 |
  8 | function Popover({
  9 |   ...props

Import map: aliased to relative './lib/utils' inside of [project]/

Import traces:
  Client Component Browser:
    ./components/ui/popover.tsx [Client Component Browser]
    ./components/collections/collectionPicker/CollectionPicker.tsx [Client Component Browser]
    ./components/items/itemDrawer/DrawerEditContent.tsx [Client Component Browser]
    ./components/items/itemDrawer/ItemDrawer.tsx [Client Component Browser]
    ./components/items/itemDrawer/ItemDrawer.tsx [Server Component]
    ./app/dashboard/page.tsx [Server Component]

  Client Component SSR:
    ./components/ui/popover.tsx [Client Component SSR]
    ./components/collections/collectionPicker/CollectionPicker.tsx [Client Component SSR]
    ./components/items/itemDrawer/DrawerEditContent.tsx [Client Component SSR]
    ./components/items/itemDrawer/ItemDrawer.tsx [Client Component SSR]
    ./components/items/itemDrawer/ItemDrawer.tsx [Server Component]
    ./app/dashboard/page.tsx [Server Component]

https://nextjs.org/docs/messages/module-not-found @ http://localhost:3000/_next/static/chunks/node_modules_next_dist_0u_w_5s._.js:1945
[  648051ms] [ERROR] ./components/ui/popover.tsx:6:1
Module not found: Can't resolve '@/lib/utils'
  4 | import { Popover as PopoverPrimitive } from "radix-ui"
  5 |
> 6 | import { cn } from "@/lib/utils"
    | ^^^^^^^^^^^^^^^^^^^^^^^^^^^^^^^^
  7 |
  8 | function Popover({
  9 |   ...props

Import map: aliased to relative './lib/utils' inside of [project]/

Import traces:
  Client Component Browser:
    ./components/ui/popover.tsx [Client Component Browser]
    ./components/collections/collectionPicker/CollectionPicker.tsx [Client Component Browser]
    ./components/items/itemDrawer/DrawerEditContent.tsx [Client Component Browser]
    ./components/items/itemDrawer/ItemDrawer.tsx [Client Component Browser]
    ./components/items/itemDrawer/ItemDrawer.tsx [Server Component]
    ./app/dashboard/page.tsx [Server Component]

  Client Component SSR:
    ./components/ui/popover.tsx [Client Component SSR]
    ./components/collections/collectionPicker/CollectionPicker.tsx [Client Component SSR]
    ./components/items/itemDrawer/DrawerEditContent.tsx [Client Component SSR]
    ./components/items/itemDrawer/ItemDrawer.tsx [Client Component SSR]
    ./components/items/itemDrawer/ItemDrawer.tsx [Server Component]
    ./app/dashboard/page.tsx [Server Component]

https://nextjs.org/docs/messages/module-not-found @ http://localhost:3000/_next/static/chunks/node_modules_next_dist_0u_w_5s._.js:1945
[  648113ms] [ERROR] ./components/ui/popover.tsx:6:1
Module not found: Can't resolve '@/lib/utils'
  4 | import { Popover as PopoverPrimitive } from "radix-ui"
  5 |
> 6 | import { cn } from "@/lib/utils"
    | ^^^^^^^^^^^^^^^^^^^^^^^^^^^^^^^^
  7 |
  8 | function Popover({
  9 |   ...props

Import map: aliased to relative './lib/utils' inside of [project]/

Import traces:
  Client Component Browser:
    ./components/ui/popover.tsx [Client Component Browser]
    ./components/collections/collectionPicker/CollectionPicker.tsx [Client Component Browser]
    ./components/items/itemDrawer/DrawerEditContent.tsx [Client Component Browser]
    ./components/items/itemDrawer/ItemDrawer.tsx [Client Component Browser]
    ./components/items/itemDrawer/ItemDrawer.tsx [Server Component]
    ./app/dashboard/page.tsx [Server Component]

  Client Component SSR:
    ./components/ui/popover.tsx [Client Component SSR]
    ./components/collections/collectionPicker/CollectionPicker.tsx [Client Component SSR]
    ./components/items/itemDrawer/DrawerEditContent.tsx [Client Component SSR]
    ./components/items/itemDrawer/ItemDrawer.tsx [Client Component SSR]
    ./components/items/itemDrawer/ItemDrawer.tsx [Server Component]
    ./app/dashboard/page.tsx [Server Component]

https://nextjs.org/docs/messages/module-not-found @ http://localhost:3000/_next/static/chunks/node_modules_next_dist_0u_w_5s._.js:1945
[  648174ms] [ERROR] ./components/ui/popover.tsx:6:1
Module not found: Can't resolve '@/lib/utils'
  4 | import { Popover as PopoverPrimitive } from "radix-ui"
  5 |
> 6 | import { cn } from "@/lib/utils"
    | ^^^^^^^^^^^^^^^^^^^^^^^^^^^^^^^^
  7 |
  8 | function Popover({
  9 |   ...props

Import map: aliased to relative './lib/utils' inside of [project]/

Import traces:
  Client Component Browser:
    ./components/ui/popover.tsx [Client Component Browser]
    ./components/collections/collectionPicker/CollectionPicker.tsx [Client Component Browser]
    ./components/items/itemDrawer/DrawerEditContent.tsx [Client Component Browser]
    ./components/items/itemDrawer/ItemDrawer.tsx [Client Component Browser]
    ./components/items/itemDrawer/ItemDrawer.tsx [Server Component]
    ./app/dashboard/page.tsx [Server Component]

  Client Component SSR:
    ./components/ui/popover.tsx [Client Component SSR]
    ./components/collections/collectionPicker/CollectionPicker.tsx [Client Component SSR]
    ./components/items/itemDrawer/DrawerEditContent.tsx [Client Component SSR]
    ./components/items/itemDrawer/ItemDrawer.tsx [Client Component SSR]
    ./components/items/itemDrawer/ItemDrawer.tsx [Server Component]
    ./app/dashboard/page.tsx [Server Component]

https://nextjs.org/docs/messages/module-not-found @ http://localhost:3000/_next/static/chunks/node_modules_next_dist_0u_w_5s._.js:1945
[  648236ms] [ERROR] ./components/ui/popover.tsx:6:1
Module not found: Can't resolve '@/lib/utils'
  4 | import { Popover as PopoverPrimitive } from "radix-ui"
  5 |
> 6 | import { cn } from "@/lib/utils"
    | ^^^^^^^^^^^^^^^^^^^^^^^^^^^^^^^^
  7 |
  8 | function Popover({
  9 |   ...props

Import map: aliased to relative './lib/utils' inside of [project]/

Import traces:
  Client Component Browser:
    ./components/ui/popover.tsx [Client Component Browser]
    ./components/collections/collectionPicker/CollectionPicker.tsx [Client Component Browser]
    ./components/items/itemDrawer/DrawerEditContent.tsx [Client Component Browser]
    ./components/items/itemDrawer/ItemDrawer.tsx [Client Component Browser]
    ./components/items/itemDrawer/ItemDrawer.tsx [Server Component]
    ./app/dashboard/page.tsx [Server Component]

  Client Component SSR:
    ./components/ui/popover.tsx [Client Component SSR]
    ./components/collections/collectionPicker/CollectionPicker.tsx [Client Component SSR]
    ./components/items/itemDrawer/DrawerEditContent.tsx [Client Component SSR]
    ./components/items/itemDrawer/ItemDrawer.tsx [Client Component SSR]
    ./components/items/itemDrawer/ItemDrawer.tsx [Server Component]
    ./app/dashboard/page.tsx [Server Component]

https://nextjs.org/docs/messages/module-not-found @ http://localhost:3000/_next/static/chunks/node_modules_next_dist_0u_w_5s._.js:1945
[  648299ms] [ERROR] ./components/ui/popover.tsx:6:1
Module not found: Can't resolve '@/lib/utils'
  4 | import { Popover as PopoverPrimitive } from "radix-ui"
  5 |
> 6 | import { cn } from "@/lib/utils"
    | ^^^^^^^^^^^^^^^^^^^^^^^^^^^^^^^^
  7 |
  8 | function Popover({
  9 |   ...props

Import map: aliased to relative './lib/utils' inside of [project]/

Import traces:
  Client Component Browser:
    ./components/ui/popover.tsx [Client Component Browser]
    ./components/collections/collectionPicker/CollectionPicker.tsx [Client Component Browser]
    ./components/items/itemDrawer/DrawerEditContent.tsx [Client Component Browser]
    ./components/items/itemDrawer/ItemDrawer.tsx [Client Component Browser]
    ./components/items/itemDrawer/ItemDrawer.tsx [Server Component]
    ./app/dashboard/page.tsx [Server Component]

  Client Component SSR:
    ./components/ui/popover.tsx [Client Component SSR]
    ./components/collections/collectionPicker/CollectionPicker.tsx [Client Component SSR]
    ./components/items/itemDrawer/DrawerEditContent.tsx [Client Component SSR]
    ./components/items/itemDrawer/ItemDrawer.tsx [Client Component SSR]
    ./components/items/itemDrawer/ItemDrawer.tsx [Server Component]
    ./app/dashboard/page.tsx [Server Component]

https://nextjs.org/docs/messages/module-not-found @ http://localhost:3000/_next/static/chunks/node_modules_next_dist_0u_w_5s._.js:1945
[  648361ms] [ERROR] ./components/ui/popover.tsx:6:1
Module not found: Can't resolve '@/lib/utils'
  4 | import { Popover as PopoverPrimitive } from "radix-ui"
  5 |
> 6 | import { cn } from "@/lib/utils"
    | ^^^^^^^^^^^^^^^^^^^^^^^^^^^^^^^^
  7 |
  8 | function Popover({
  9 |   ...props

Import map: aliased to relative './lib/utils' inside of [project]/

Import traces:
  Client Component Browser:
    ./components/ui/popover.tsx [Client Component Browser]
    ./components/collections/collectionPicker/CollectionPicker.tsx [Client Component Browser]
    ./components/items/itemDrawer/DrawerEditContent.tsx [Client Component Browser]
    ./components/items/itemDrawer/ItemDrawer.tsx [Client Component Browser]
    ./components/items/itemDrawer/ItemDrawer.tsx [Server Component]
    ./app/dashboard/page.tsx [Server Component]

  Client Component SSR:
    ./components/ui/popover.tsx [Client Component SSR]
    ./components/collections/collectionPicker/CollectionPicker.tsx [Client Component SSR]
    ./components/items/itemDrawer/DrawerEditContent.tsx [Client Component SSR]
    ./components/items/itemDrawer/ItemDrawer.tsx [Client Component SSR]
    ./components/items/itemDrawer/ItemDrawer.tsx [Server Component]
    ./app/dashboard/page.tsx [Server Component]

https://nextjs.org/docs/messages/module-not-found @ http://localhost:3000/_next/static/chunks/node_modules_next_dist_0u_w_5s._.js:1945
[  648421ms] [ERROR] ./components/ui/popover.tsx:6:1
Module not found: Can't resolve '@/lib/utils'
  4 | import { Popover as PopoverPrimitive } from "radix-ui"
  5 |
> 6 | import { cn } from "@/lib/utils"
    | ^^^^^^^^^^^^^^^^^^^^^^^^^^^^^^^^
  7 |
  8 | function Popover({
  9 |   ...props

Import map: aliased to relative './lib/utils' inside of [project]/

Import traces:
  Client Component Browser:
    ./components/ui/popover.tsx [Client Component Browser]
    ./components/collections/collectionPicker/CollectionPicker.tsx [Client Component Browser]
    ./components/items/itemDrawer/DrawerEditContent.tsx [Client Component Browser]
    ./components/items/itemDrawer/ItemDrawer.tsx [Client Component Browser]
    ./components/items/itemDrawer/ItemDrawer.tsx [Server Component]
    ./app/dashboard/page.tsx [Server Component]

  Client Component SSR:
    ./components/ui/popover.tsx [Client Component SSR]
    ./components/collections/collectionPicker/CollectionPicker.tsx [Client Component SSR]
    ./components/items/itemDrawer/DrawerEditContent.tsx [Client Component SSR]
    ./components/items/itemDrawer/ItemDrawer.tsx [Client Component SSR]
    ./components/items/itemDrawer/ItemDrawer.tsx [Server Component]
    ./app/dashboard/page.tsx [Server Component]

https://nextjs.org/docs/messages/module-not-found @ http://localhost:3000/_next/static/chunks/node_modules_next_dist_0u_w_5s._.js:1945
[  648483ms] [ERROR] ./components/ui/popover.tsx:6:1
Module not found: Can't resolve '@/lib/utils'
  4 | import { Popover as PopoverPrimitive } from "radix-ui"
  5 |
> 6 | import { cn } from "@/lib/utils"
    | ^^^^^^^^^^^^^^^^^^^^^^^^^^^^^^^^
  7 |
  8 | function Popover({
  9 |   ...props

Import map: aliased to relative './lib/utils' inside of [project]/

Import traces:
  Client Component Browser:
    ./components/ui/popover.tsx [Client Component Browser]
    ./components/collections/collectionPicker/CollectionPicker.tsx [Client Component Browser]
    ./components/items/itemDrawer/DrawerEditContent.tsx [Client Component Browser]
    ./components/items/itemDrawer/ItemDrawer.tsx [Client Component Browser]
    ./components/items/itemDrawer/ItemDrawer.tsx [Server Component]
    ./app/dashboard/page.tsx [Server Component]

  Client Component SSR:
    ./components/ui/popover.tsx [Client Component SSR]
    ./components/collections/collectionPicker/CollectionPicker.tsx [Client Component SSR]
    ./components/items/itemDrawer/DrawerEditContent.tsx [Client Component SSR]
    ./components/items/itemDrawer/ItemDrawer.tsx [Client Component SSR]
    ./components/items/itemDrawer/ItemDrawer.tsx [Server Component]
    ./app/dashboard/page.tsx [Server Component]

https://nextjs.org/docs/messages/module-not-found @ http://localhost:3000/_next/static/chunks/node_modules_next_dist_0u_w_5s._.js:1945
[  648545ms] [ERROR] ./components/ui/popover.tsx:6:1
Module not found: Can't resolve '@/lib/utils'
  4 | import { Popover as PopoverPrimitive } from "radix-ui"
  5 |
> 6 | import { cn } from "@/lib/utils"
    | ^^^^^^^^^^^^^^^^^^^^^^^^^^^^^^^^
  7 |
  8 | function Popover({
  9 |   ...props

Import map: aliased to relative './lib/utils' inside of [project]/

Import traces:
  Client Component Browser:
    ./components/ui/popover.tsx [Client Component Browser]
    ./components/collections/collectionPicker/CollectionPicker.tsx [Client Component Browser]
    ./components/items/itemDrawer/DrawerEditContent.tsx [Client Component Browser]
    ./components/items/itemDrawer/ItemDrawer.tsx [Client Component Browser]
    ./components/items/itemDrawer/ItemDrawer.tsx [Server Component]
    ./app/dashboard/page.tsx [Server Component]

  Client Component SSR:
    ./components/ui/popover.tsx [Client Component SSR]
    ./components/collections/collectionPicker/CollectionPicker.tsx [Client Component SSR]
    ./components/items/itemDrawer/DrawerEditContent.tsx [Client Component SSR]
    ./components/items/itemDrawer/ItemDrawer.tsx [Client Component SSR]
    ./components/items/itemDrawer/ItemDrawer.tsx [Server Component]
    ./app/dashboard/page.tsx [Server Component]

https://nextjs.org/docs/messages/module-not-found @ http://localhost:3000/_next/static/chunks/node_modules_next_dist_0u_w_5s._.js:1945
[  648606ms] [ERROR] ./components/ui/popover.tsx:6:1
Module not found: Can't resolve '@/lib/utils'
  4 | import { Popover as PopoverPrimitive } from "radix-ui"
  5 |
> 6 | import { cn } from "@/lib/utils"
    | ^^^^^^^^^^^^^^^^^^^^^^^^^^^^^^^^
  7 |
  8 | function Popover({
  9 |   ...props

Import map: aliased to relative './lib/utils' inside of [project]/

Import traces:
  Client Component Browser:
    ./components/ui/popover.tsx [Client Component Browser]
    ./components/collections/collectionPicker/CollectionPicker.tsx [Client Component Browser]
    ./components/items/itemDrawer/DrawerEditContent.tsx [Client Component Browser]
    ./components/items/itemDrawer/ItemDrawer.tsx [Client Component Browser]
    ./components/items/itemDrawer/ItemDrawer.tsx [Server Component]
    ./app/dashboard/page.tsx [Server Component]

  Client Component SSR:
    ./components/ui/popover.tsx [Client Component SSR]
    ./components/collections/collectionPicker/CollectionPicker.tsx [Client Component SSR]
    ./components/items/itemDrawer/DrawerEditContent.tsx [Client Component SSR]
    ./components/items/itemDrawer/ItemDrawer.tsx [Client Component SSR]
    ./components/items/itemDrawer/ItemDrawer.tsx [Server Component]
    ./app/dashboard/page.tsx [Server Component]

https://nextjs.org/docs/messages/module-not-found @ http://localhost:3000/_next/static/chunks/node_modules_next_dist_0u_w_5s._.js:1945
[  648667ms] [ERROR] ./components/ui/popover.tsx:6:1
Module not found: Can't resolve '@/lib/utils'
  4 | import { Popover as PopoverPrimitive } from "radix-ui"
  5 |
> 6 | import { cn } from "@/lib/utils"
    | ^^^^^^^^^^^^^^^^^^^^^^^^^^^^^^^^
  7 |
  8 | function Popover({
  9 |   ...props

Import map: aliased to relative './lib/utils' inside of [project]/

Import traces:
  Client Component Browser:
    ./components/ui/popover.tsx [Client Component Browser]
    ./components/collections/collectionPicker/CollectionPicker.tsx [Client Component Browser]
    ./components/items/itemDrawer/DrawerEditContent.tsx [Client Component Browser]
    ./components/items/itemDrawer/ItemDrawer.tsx [Client Component Browser]
    ./components/items/itemDrawer/ItemDrawer.tsx [Server Component]
    ./app/dashboard/page.tsx [Server Component]

  Client Component SSR:
    ./components/ui/popover.tsx [Client Component SSR]
    ./components/collections/collectionPicker/CollectionPicker.tsx [Client Component SSR]
    ./components/items/itemDrawer/DrawerEditContent.tsx [Client Component SSR]
    ./components/items/itemDrawer/ItemDrawer.tsx [Client Component SSR]
    ./components/items/itemDrawer/ItemDrawer.tsx [Server Component]
    ./app/dashboard/page.tsx [Server Component]

https://nextjs.org/docs/messages/module-not-found @ http://localhost:3000/_next/static/chunks/node_modules_next_dist_0u_w_5s._.js:1945
[  648728ms] [ERROR] ./components/ui/popover.tsx:6:1
Module not found: Can't resolve '@/lib/utils'
  4 | import { Popover as PopoverPrimitive } from "radix-ui"
  5 |
> 6 | import { cn } from "@/lib/utils"
    | ^^^^^^^^^^^^^^^^^^^^^^^^^^^^^^^^
  7 |
  8 | function Popover({
  9 |   ...props

Import map: aliased to relative './lib/utils' inside of [project]/

Import traces:
  Client Component Browser:
    ./components/ui/popover.tsx [Client Component Browser]
    ./components/collections/collectionPicker/CollectionPicker.tsx [Client Component Browser]
    ./components/items/itemDrawer/DrawerEditContent.tsx [Client Component Browser]
    ./components/items/itemDrawer/ItemDrawer.tsx [Client Component Browser]
    ./components/items/itemDrawer/ItemDrawer.tsx [Server Component]
    ./app/dashboard/page.tsx [Server Component]

  Client Component SSR:
    ./components/ui/popover.tsx [Client Component SSR]
    ./components/collections/collectionPicker/CollectionPicker.tsx [Client Component SSR]
    ./components/items/itemDrawer/DrawerEditContent.tsx [Client Component SSR]
    ./components/items/itemDrawer/ItemDrawer.tsx [Client Component SSR]
    ./components/items/itemDrawer/ItemDrawer.tsx [Server Component]
    ./app/dashboard/page.tsx [Server Component]

https://nextjs.org/docs/messages/module-not-found @ http://localhost:3000/_next/static/chunks/node_modules_next_dist_0u_w_5s._.js:1945
[  648790ms] [ERROR] ./components/ui/popover.tsx:6:1
Module not found: Can't resolve '@/lib/utils'
  4 | import { Popover as PopoverPrimitive } from "radix-ui"
  5 |
> 6 | import { cn } from "@/lib/utils"
    | ^^^^^^^^^^^^^^^^^^^^^^^^^^^^^^^^
  7 |
  8 | function Popover({
  9 |   ...props

Import map: aliased to relative './lib/utils' inside of [project]/

Import traces:
  Client Component Browser:
    ./components/ui/popover.tsx [Client Component Browser]
    ./components/collections/collectionPicker/CollectionPicker.tsx [Client Component Browser]
    ./components/items/itemDrawer/DrawerEditContent.tsx [Client Component Browser]
    ./components/items/itemDrawer/ItemDrawer.tsx [Client Component Browser]
    ./components/items/itemDrawer/ItemDrawer.tsx [Server Component]
    ./app/dashboard/page.tsx [Server Component]

  Client Component SSR:
    ./components/ui/popover.tsx [Client Component SSR]
    ./components/collections/collectionPicker/CollectionPicker.tsx [Client Component SSR]
    ./components/items/itemDrawer/DrawerEditContent.tsx [Client Component SSR]
    ./components/items/itemDrawer/ItemDrawer.tsx [Client Component SSR]
    ./components/items/itemDrawer/ItemDrawer.tsx [Server Component]
    ./app/dashboard/page.tsx [Server Component]

https://nextjs.org/docs/messages/module-not-found @ http://localhost:3000/_next/static/chunks/node_modules_next_dist_0u_w_5s._.js:1945
[  648850ms] [ERROR] ./components/ui/popover.tsx:6:1
Module not found: Can't resolve '@/lib/utils'
  4 | import { Popover as PopoverPrimitive } from "radix-ui"
  5 |
> 6 | import { cn } from "@/lib/utils"
    | ^^^^^^^^^^^^^^^^^^^^^^^^^^^^^^^^
  7 |
  8 | function Popover({
  9 |   ...props

Import map: aliased to relative './lib/utils' inside of [project]/

Import traces:
  Client Component Browser:
    ./components/ui/popover.tsx [Client Component Browser]
    ./components/collections/collectionPicker/CollectionPicker.tsx [Client Component Browser]
    ./components/items/itemDrawer/DrawerEditContent.tsx [Client Component Browser]
    ./components/items/itemDrawer/ItemDrawer.tsx [Client Component Browser]
    ./components/items/itemDrawer/ItemDrawer.tsx [Server Component]
    ./app/dashboard/page.tsx [Server Component]

  Client Component SSR:
    ./components/ui/popover.tsx [Client Component SSR]
    ./components/collections/collectionPicker/CollectionPicker.tsx [Client Component SSR]
    ./components/items/itemDrawer/DrawerEditContent.tsx [Client Component SSR]
    ./components/items/itemDrawer/ItemDrawer.tsx [Client Component SSR]
    ./components/items/itemDrawer/ItemDrawer.tsx [Server Component]
    ./app/dashboard/page.tsx [Server Component]

https://nextjs.org/docs/messages/module-not-found @ http://localhost:3000/_next/static/chunks/node_modules_next_dist_0u_w_5s._.js:1945
[  648913ms] [ERROR] ./components/ui/popover.tsx:6:1
Module not found: Can't resolve '@/lib/utils'
  4 | import { Popover as PopoverPrimitive } from "radix-ui"
  5 |
> 6 | import { cn } from "@/lib/utils"
    | ^^^^^^^^^^^^^^^^^^^^^^^^^^^^^^^^
  7 |
  8 | function Popover({
  9 |   ...props

Import map: aliased to relative './lib/utils' inside of [project]/

Import traces:
  Client Component Browser:
    ./components/ui/popover.tsx [Client Component Browser]
    ./components/collections/collectionPicker/CollectionPicker.tsx [Client Component Browser]
    ./components/items/itemDrawer/DrawerEditContent.tsx [Client Component Browser]
    ./components/items/itemDrawer/ItemDrawer.tsx [Client Component Browser]
    ./components/items/itemDrawer/ItemDrawer.tsx [Server Component]
    ./app/dashboard/page.tsx [Server Component]

  Client Component SSR:
    ./components/ui/popover.tsx [Client Component SSR]
    ./components/collections/collectionPicker/CollectionPicker.tsx [Client Component SSR]
    ./components/items/itemDrawer/DrawerEditContent.tsx [Client Component SSR]
    ./components/items/itemDrawer/ItemDrawer.tsx [Client Component SSR]
    ./components/items/itemDrawer/ItemDrawer.tsx [Server Component]
    ./app/dashboard/page.tsx [Server Component]

https://nextjs.org/docs/messages/module-not-found @ http://localhost:3000/_next/static/chunks/node_modules_next_dist_0u_w_5s._.js:1945
[  648974ms] [ERROR] ./components/ui/popover.tsx:6:1
Module not found: Can't resolve '@/lib/utils'
  4 | import { Popover as PopoverPrimitive } from "radix-ui"
  5 |
> 6 | import { cn } from "@/lib/utils"
    | ^^^^^^^^^^^^^^^^^^^^^^^^^^^^^^^^
  7 |
  8 | function Popover({
  9 |   ...props

Import map: aliased to relative './lib/utils' inside of [project]/

Import traces:
  Client Component Browser:
    ./components/ui/popover.tsx [Client Component Browser]
    ./components/collections/collectionPicker/CollectionPicker.tsx [Client Component Browser]
    ./components/items/itemDrawer/DrawerEditContent.tsx [Client Component Browser]
    ./components/items/itemDrawer/ItemDrawer.tsx [Client Component Browser]
    ./components/items/itemDrawer/ItemDrawer.tsx [Server Component]
    ./app/dashboard/page.tsx [Server Component]

  Client Component SSR:
    ./components/ui/popover.tsx [Client Component SSR]
    ./components/collections/collectionPicker/CollectionPicker.tsx [Client Component SSR]
    ./components/items/itemDrawer/DrawerEditContent.tsx [Client Component SSR]
    ./components/items/itemDrawer/ItemDrawer.tsx [Client Component SSR]
    ./components/items/itemDrawer/ItemDrawer.tsx [Server Component]
    ./app/dashboard/page.tsx [Server Component]

https://nextjs.org/docs/messages/module-not-found @ http://localhost:3000/_next/static/chunks/node_modules_next_dist_0u_w_5s._.js:1945
[  649035ms] [ERROR] ./components/ui/popover.tsx:6:1
Module not found: Can't resolve '@/lib/utils'
  4 | import { Popover as PopoverPrimitive } from "radix-ui"
  5 |
> 6 | import { cn } from "@/lib/utils"
    | ^^^^^^^^^^^^^^^^^^^^^^^^^^^^^^^^
  7 |
  8 | function Popover({
  9 |   ...props

Import map: aliased to relative './lib/utils' inside of [project]/

Import traces:
  Client Component Browser:
    ./components/ui/popover.tsx [Client Component Browser]
    ./components/collections/collectionPicker/CollectionPicker.tsx [Client Component Browser]
    ./components/items/itemDrawer/DrawerEditContent.tsx [Client Component Browser]
    ./components/items/itemDrawer/ItemDrawer.tsx [Client Component Browser]
    ./components/items/itemDrawer/ItemDrawer.tsx [Server Component]
    ./app/dashboard/page.tsx [Server Component]

  Client Component SSR:
    ./components/ui/popover.tsx [Client Component SSR]
    ./components/collections/collectionPicker/CollectionPicker.tsx [Client Component SSR]
    ./components/items/itemDrawer/DrawerEditContent.tsx [Client Component SSR]
    ./components/items/itemDrawer/ItemDrawer.tsx [Client Component SSR]
    ./components/items/itemDrawer/ItemDrawer.tsx [Server Component]
    ./app/dashboard/page.tsx [Server Component]

https://nextjs.org/docs/messages/module-not-found @ http://localhost:3000/_next/static/chunks/node_modules_next_dist_0u_w_5s._.js:1945
[  649097ms] [ERROR] ./components/ui/popover.tsx:6:1
Module not found: Can't resolve '@/lib/utils'
  4 | import { Popover as PopoverPrimitive } from "radix-ui"
  5 |
> 6 | import { cn } from "@/lib/utils"
    | ^^^^^^^^^^^^^^^^^^^^^^^^^^^^^^^^
  7 |
  8 | function Popover({
  9 |   ...props

Import map: aliased to relative './lib/utils' inside of [project]/

Import traces:
  Client Component Browser:
    ./components/ui/popover.tsx [Client Component Browser]
    ./components/collections/collectionPicker/CollectionPicker.tsx [Client Component Browser]
    ./components/items/itemDrawer/DrawerEditContent.tsx [Client Component Browser]
    ./components/items/itemDrawer/ItemDrawer.tsx [Client Component Browser]
    ./components/items/itemDrawer/ItemDrawer.tsx [Server Component]
    ./app/dashboard/page.tsx [Server Component]

  Client Component SSR:
    ./components/ui/popover.tsx [Client Component SSR]
    ./components/collections/collectionPicker/CollectionPicker.tsx [Client Component SSR]
    ./components/items/itemDrawer/DrawerEditContent.tsx [Client Component SSR]
    ./components/items/itemDrawer/ItemDrawer.tsx [Client Component SSR]
    ./components/items/itemDrawer/ItemDrawer.tsx [Server Component]
    ./app/dashboard/page.tsx [Server Component]

https://nextjs.org/docs/messages/module-not-found @ http://localhost:3000/_next/static/chunks/node_modules_next_dist_0u_w_5s._.js:1945
[  649159ms] [ERROR] ./components/ui/popover.tsx:6:1
Module not found: Can't resolve '@/lib/utils'
  4 | import { Popover as PopoverPrimitive } from "radix-ui"
  5 |
> 6 | import { cn } from "@/lib/utils"
    | ^^^^^^^^^^^^^^^^^^^^^^^^^^^^^^^^
  7 |
  8 | function Popover({
  9 |   ...props

Import map: aliased to relative './lib/utils' inside of [project]/

Import traces:
  Client Component Browser:
    ./components/ui/popover.tsx [Client Component Browser]
    ./components/collections/collectionPicker/CollectionPicker.tsx [Client Component Browser]
    ./components/items/itemDrawer/DrawerEditContent.tsx [Client Component Browser]
    ./components/items/itemDrawer/ItemDrawer.tsx [Client Component Browser]
    ./components/items/itemDrawer/ItemDrawer.tsx [Server Component]
    ./app/dashboard/page.tsx [Server Component]

  Client Component SSR:
    ./components/ui/popover.tsx [Client Component SSR]
    ./components/collections/collectionPicker/CollectionPicker.tsx [Client Component SSR]
    ./components/items/itemDrawer/DrawerEditContent.tsx [Client Component SSR]
    ./components/items/itemDrawer/ItemDrawer.tsx [Client Component SSR]
    ./components/items/itemDrawer/ItemDrawer.tsx [Server Component]
    ./app/dashboard/page.tsx [Server Component]

https://nextjs.org/docs/messages/module-not-found @ http://localhost:3000/_next/static/chunks/node_modules_next_dist_0u_w_5s._.js:1945
[  649222ms] [ERROR] ./components/ui/popover.tsx:6:1
Module not found: Can't resolve '@/lib/utils'
  4 | import { Popover as PopoverPrimitive } from "radix-ui"
  5 |
> 6 | import { cn } from "@/lib/utils"
    | ^^^^^^^^^^^^^^^^^^^^^^^^^^^^^^^^
  7 |
  8 | function Popover({
  9 |   ...props

Import map: aliased to relative './lib/utils' inside of [project]/

Import traces:
  Client Component Browser:
    ./components/ui/popover.tsx [Client Component Browser]
    ./components/collections/collectionPicker/CollectionPicker.tsx [Client Component Browser]
    ./components/items/itemDrawer/DrawerEditContent.tsx [Client Component Browser]
    ./components/items/itemDrawer/ItemDrawer.tsx [Client Component Browser]
    ./components/items/itemDrawer/ItemDrawer.tsx [Server Component]
    ./app/dashboard/page.tsx [Server Component]

  Client Component SSR:
    ./components/ui/popover.tsx [Client Component SSR]
    ./components/collections/collectionPicker/CollectionPicker.tsx [Client Component SSR]
    ./components/items/itemDrawer/DrawerEditContent.tsx [Client Component SSR]
    ./components/items/itemDrawer/ItemDrawer.tsx [Client Component SSR]
    ./components/items/itemDrawer/ItemDrawer.tsx [Server Component]
    ./app/dashboard/page.tsx [Server Component]

https://nextjs.org/docs/messages/module-not-found @ http://localhost:3000/_next/static/chunks/node_modules_next_dist_0u_w_5s._.js:1945
[  649284ms] [ERROR] ./components/ui/popover.tsx:6:1
Module not found: Can't resolve '@/lib/utils'
  4 | import { Popover as PopoverPrimitive } from "radix-ui"
  5 |
> 6 | import { cn } from "@/lib/utils"
    | ^^^^^^^^^^^^^^^^^^^^^^^^^^^^^^^^
  7 |
  8 | function Popover({
  9 |   ...props

Import map: aliased to relative './lib/utils' inside of [project]/

Import traces:
  Client Component Browser:
    ./components/ui/popover.tsx [Client Component Browser]
    ./components/collections/collectionPicker/CollectionPicker.tsx [Client Component Browser]
    ./components/items/itemDrawer/DrawerEditContent.tsx [Client Component Browser]
    ./components/items/itemDrawer/ItemDrawer.tsx [Client Component Browser]
    ./components/items/itemDrawer/ItemDrawer.tsx [Server Component]
    ./app/dashboard/page.tsx [Server Component]

  Client Component SSR:
    ./components/ui/popover.tsx [Client Component SSR]
    ./components/collections/collectionPicker/CollectionPicker.tsx [Client Component SSR]
    ./components/items/itemDrawer/DrawerEditContent.tsx [Client Component SSR]
    ./components/items/itemDrawer/ItemDrawer.tsx [Client Component SSR]
    ./components/items/itemDrawer/ItemDrawer.tsx [Server Component]
    ./app/dashboard/page.tsx [Server Component]

https://nextjs.org/docs/messages/module-not-found @ http://localhost:3000/_next/static/chunks/node_modules_next_dist_0u_w_5s._.js:1945
[  649346ms] [ERROR] ./components/ui/popover.tsx:6:1
Module not found: Can't resolve '@/lib/utils'
  4 | import { Popover as PopoverPrimitive } from "radix-ui"
  5 |
> 6 | import { cn } from "@/lib/utils"
    | ^^^^^^^^^^^^^^^^^^^^^^^^^^^^^^^^
  7 |
  8 | function Popover({
  9 |   ...props

Import map: aliased to relative './lib/utils' inside of [project]/

Import traces:
  Client Component Browser:
    ./components/ui/popover.tsx [Client Component Browser]
    ./components/collections/collectionPicker/CollectionPicker.tsx [Client Component Browser]
    ./components/items/itemDrawer/DrawerEditContent.tsx [Client Component Browser]
    ./components/items/itemDrawer/ItemDrawer.tsx [Client Component Browser]
    ./components/items/itemDrawer/ItemDrawer.tsx [Server Component]
    ./app/dashboard/page.tsx [Server Component]

  Client Component SSR:
    ./components/ui/popover.tsx [Client Component SSR]
    ./components/collections/collectionPicker/CollectionPicker.tsx [Client Component SSR]
    ./components/items/itemDrawer/DrawerEditContent.tsx [Client Component SSR]
    ./components/items/itemDrawer/ItemDrawer.tsx [Client Component SSR]
    ./components/items/itemDrawer/ItemDrawer.tsx [Server Component]
    ./app/dashboard/page.tsx [Server Component]

https://nextjs.org/docs/messages/module-not-found @ http://localhost:3000/_next/static/chunks/node_modules_next_dist_0u_w_5s._.js:1945
[  649408ms] [ERROR] ./components/ui/popover.tsx:6:1
Module not found: Can't resolve '@/lib/utils'
  4 | import { Popover as PopoverPrimitive } from "radix-ui"
  5 |
> 6 | import { cn } from "@/lib/utils"
    | ^^^^^^^^^^^^^^^^^^^^^^^^^^^^^^^^
  7 |
  8 | function Popover({
  9 |   ...props

Import map: aliased to relative './lib/utils' inside of [project]/

Import traces:
  Client Component Browser:
    ./components/ui/popover.tsx [Client Component Browser]
    ./components/collections/collectionPicker/CollectionPicker.tsx [Client Component Browser]
    ./components/items/itemDrawer/DrawerEditContent.tsx [Client Component Browser]
    ./components/items/itemDrawer/ItemDrawer.tsx [Client Component Browser]
    ./components/items/itemDrawer/ItemDrawer.tsx [Server Component]
    ./app/dashboard/page.tsx [Server Component]

  Client Component SSR:
    ./components/ui/popover.tsx [Client Component SSR]
    ./components/collections/collectionPicker/CollectionPicker.tsx [Client Component SSR]
    ./components/items/itemDrawer/DrawerEditContent.tsx [Client Component SSR]
    ./components/items/itemDrawer/ItemDrawer.tsx [Client Component SSR]
    ./components/items/itemDrawer/ItemDrawer.tsx [Server Component]
    ./app/dashboard/page.tsx [Server Component]

https://nextjs.org/docs/messages/module-not-found @ http://localhost:3000/_next/static/chunks/node_modules_next_dist_0u_w_5s._.js:1945
[  649470ms] [ERROR] ./components/ui/popover.tsx:6:1
Module not found: Can't resolve '@/lib/utils'
  4 | import { Popover as PopoverPrimitive } from "radix-ui"
  5 |
> 6 | import { cn } from "@/lib/utils"
    | ^^^^^^^^^^^^^^^^^^^^^^^^^^^^^^^^
  7 |
  8 | function Popover({
  9 |   ...props

Import map: aliased to relative './lib/utils' inside of [project]/

Import traces:
  Client Component Browser:
    ./components/ui/popover.tsx [Client Component Browser]
    ./components/collections/collectionPicker/CollectionPicker.tsx [Client Component Browser]
    ./components/items/itemDrawer/DrawerEditContent.tsx [Client Component Browser]
    ./components/items/itemDrawer/ItemDrawer.tsx [Client Component Browser]
    ./components/items/itemDrawer/ItemDrawer.tsx [Server Component]
    ./app/dashboard/page.tsx [Server Component]

  Client Component SSR:
    ./components/ui/popover.tsx [Client Component SSR]
    ./components/collections/collectionPicker/CollectionPicker.tsx [Client Component SSR]
    ./components/items/itemDrawer/DrawerEditContent.tsx [Client Component SSR]
    ./components/items/itemDrawer/ItemDrawer.tsx [Client Component SSR]
    ./components/items/itemDrawer/ItemDrawer.tsx [Server Component]
    ./app/dashboard/page.tsx [Server Component]

https://nextjs.org/docs/messages/module-not-found @ http://localhost:3000/_next/static/chunks/node_modules_next_dist_0u_w_5s._.js:1945
[  649531ms] [ERROR] ./components/ui/popover.tsx:6:1
Module not found: Can't resolve '@/lib/utils'
  4 | import { Popover as PopoverPrimitive } from "radix-ui"
  5 |
> 6 | import { cn } from "@/lib/utils"
    | ^^^^^^^^^^^^^^^^^^^^^^^^^^^^^^^^
  7 |
  8 | function Popover({
  9 |   ...props

Import map: aliased to relative './lib/utils' inside of [project]/

Import traces:
  Client Component Browser:
    ./components/ui/popover.tsx [Client Component Browser]
    ./components/collections/collectionPicker/CollectionPicker.tsx [Client Component Browser]
    ./components/items/itemDrawer/DrawerEditContent.tsx [Client Component Browser]
    ./components/items/itemDrawer/ItemDrawer.tsx [Client Component Browser]
    ./components/items/itemDrawer/ItemDrawer.tsx [Server Component]
    ./app/dashboard/page.tsx [Server Component]

  Client Component SSR:
    ./components/ui/popover.tsx [Client Component SSR]
    ./components/collections/collectionPicker/CollectionPicker.tsx [Client Component SSR]
    ./components/items/itemDrawer/DrawerEditContent.tsx [Client Component SSR]
    ./components/items/itemDrawer/ItemDrawer.tsx [Client Component SSR]
    ./components/items/itemDrawer/ItemDrawer.tsx [Server Component]
    ./app/dashboard/page.tsx [Server Component]

https://nextjs.org/docs/messages/module-not-found @ http://localhost:3000/_next/static/chunks/node_modules_next_dist_0u_w_5s._.js:1945
[  649594ms] [ERROR] ./components/ui/popover.tsx:6:1
Module not found: Can't resolve '@/lib/utils'
  4 | import { Popover as PopoverPrimitive } from "radix-ui"
  5 |
> 6 | import { cn } from "@/lib/utils"
    | ^^^^^^^^^^^^^^^^^^^^^^^^^^^^^^^^
  7 |
  8 | function Popover({
  9 |   ...props

Import map: aliased to relative './lib/utils' inside of [project]/

Import traces:
  Client Component Browser:
    ./components/ui/popover.tsx [Client Component Browser]
    ./components/collections/collectionPicker/CollectionPicker.tsx [Client Component Browser]
    ./components/items/itemDrawer/DrawerEditContent.tsx [Client Component Browser]
    ./components/items/itemDrawer/ItemDrawer.tsx [Client Component Browser]
    ./components/items/itemDrawer/ItemDrawer.tsx [Server Component]
    ./app/dashboard/page.tsx [Server Component]

  Client Component SSR:
    ./components/ui/popover.tsx [Client Component SSR]
    ./components/collections/collectionPicker/CollectionPicker.tsx [Client Component SSR]
    ./components/items/itemDrawer/DrawerEditContent.tsx [Client Component SSR]
    ./components/items/itemDrawer/ItemDrawer.tsx [Client Component SSR]
    ./components/items/itemDrawer/ItemDrawer.tsx [Server Component]
    ./app/dashboard/page.tsx [Server Component]

https://nextjs.org/docs/messages/module-not-found @ http://localhost:3000/_next/static/chunks/node_modules_next_dist_0u_w_5s._.js:1945
[  649656ms] [ERROR] ./components/ui/popover.tsx:6:1
Module not found: Can't resolve '@/lib/utils'
  4 | import { Popover as PopoverPrimitive } from "radix-ui"
  5 |
> 6 | import { cn } from "@/lib/utils"
    | ^^^^^^^^^^^^^^^^^^^^^^^^^^^^^^^^
  7 |
  8 | function Popover({
  9 |   ...props

Import map: aliased to relative './lib/utils' inside of [project]/

Import traces:
  Client Component Browser:
    ./components/ui/popover.tsx [Client Component Browser]
    ./components/collections/collectionPicker/CollectionPicker.tsx [Client Component Browser]
    ./components/items/itemDrawer/DrawerEditContent.tsx [Client Component Browser]
    ./components/items/itemDrawer/ItemDrawer.tsx [Client Component Browser]
    ./components/items/itemDrawer/ItemDrawer.tsx [Server Component]
    ./app/dashboard/page.tsx [Server Component]

  Client Component SSR:
    ./components/ui/popover.tsx [Client Component SSR]
    ./components/collections/collectionPicker/CollectionPicker.tsx [Client Component SSR]
    ./components/items/itemDrawer/DrawerEditContent.tsx [Client Component SSR]
    ./components/items/itemDrawer/ItemDrawer.tsx [Client Component SSR]
    ./components/items/itemDrawer/ItemDrawer.tsx [Server Component]
    ./app/dashboard/page.tsx [Server Component]

https://nextjs.org/docs/messages/module-not-found @ http://localhost:3000/_next/static/chunks/node_modules_next_dist_0u_w_5s._.js:1945
[  649718ms] [ERROR] ./components/ui/popover.tsx:6:1
Module not found: Can't resolve '@/lib/utils'
  4 | import { Popover as PopoverPrimitive } from "radix-ui"
  5 |
> 6 | import { cn } from "@/lib/utils"
    | ^^^^^^^^^^^^^^^^^^^^^^^^^^^^^^^^
  7 |
  8 | function Popover({
  9 |   ...props

Import map: aliased to relative './lib/utils' inside of [project]/

Import traces:
  Client Component Browser:
    ./components/ui/popover.tsx [Client Component Browser]
    ./components/collections/collectionPicker/CollectionPicker.tsx [Client Component Browser]
    ./components/items/itemDrawer/DrawerEditContent.tsx [Client Component Browser]
    ./components/items/itemDrawer/ItemDrawer.tsx [Client Component Browser]
    ./components/items/itemDrawer/ItemDrawer.tsx [Server Component]
    ./app/dashboard/page.tsx [Server Component]

  Client Component SSR:
    ./components/ui/popover.tsx [Client Component SSR]
    ./components/collections/collectionPicker/CollectionPicker.tsx [Client Component SSR]
    ./components/items/itemDrawer/DrawerEditContent.tsx [Client Component SSR]
    ./components/items/itemDrawer/ItemDrawer.tsx [Client Component SSR]
    ./components/items/itemDrawer/ItemDrawer.tsx [Server Component]
    ./app/dashboard/page.tsx [Server Component]

https://nextjs.org/docs/messages/module-not-found @ http://localhost:3000/_next/static/chunks/node_modules_next_dist_0u_w_5s._.js:1945
[  649779ms] [ERROR] ./components/ui/popover.tsx:6:1
Module not found: Can't resolve '@/lib/utils'
  4 | import { Popover as PopoverPrimitive } from "radix-ui"
  5 |
> 6 | import { cn } from "@/lib/utils"
    | ^^^^^^^^^^^^^^^^^^^^^^^^^^^^^^^^
  7 |
  8 | function Popover({
  9 |   ...props

Import map: aliased to relative './lib/utils' inside of [project]/

Import traces:
  Client Component Browser:
    ./components/ui/popover.tsx [Client Component Browser]
    ./components/collections/collectionPicker/CollectionPicker.tsx [Client Component Browser]
    ./components/items/itemDrawer/DrawerEditContent.tsx [Client Component Browser]
    ./components/items/itemDrawer/ItemDrawer.tsx [Client Component Browser]
    ./components/items/itemDrawer/ItemDrawer.tsx [Server Component]
    ./app/dashboard/page.tsx [Server Component]

  Client Component SSR:
    ./components/ui/popover.tsx [Client Component SSR]
    ./components/collections/collectionPicker/CollectionPicker.tsx [Client Component SSR]
    ./components/items/itemDrawer/DrawerEditContent.tsx [Client Component SSR]
    ./components/items/itemDrawer/ItemDrawer.tsx [Client Component SSR]
    ./components/items/itemDrawer/ItemDrawer.tsx [Server Component]
    ./app/dashboard/page.tsx [Server Component]

https://nextjs.org/docs/messages/module-not-found @ http://localhost:3000/_next/static/chunks/node_modules_next_dist_0u_w_5s._.js:1945
[  649841ms] [ERROR] ./components/ui/popover.tsx:6:1
Module not found: Can't resolve '@/lib/utils'
  4 | import { Popover as PopoverPrimitive } from "radix-ui"
  5 |
> 6 | import { cn } from "@/lib/utils"
    | ^^^^^^^^^^^^^^^^^^^^^^^^^^^^^^^^
  7 |
  8 | function Popover({
  9 |   ...props

Import map: aliased to relative './lib/utils' inside of [project]/

Import traces:
  Client Component Browser:
    ./components/ui/popover.tsx [Client Component Browser]
    ./components/collections/collectionPicker/CollectionPicker.tsx [Client Component Browser]
    ./components/items/itemDrawer/DrawerEditContent.tsx [Client Component Browser]
    ./components/items/itemDrawer/ItemDrawer.tsx [Client Component Browser]
    ./components/items/itemDrawer/ItemDrawer.tsx [Server Component]
    ./app/dashboard/page.tsx [Server Component]

  Client Component SSR:
    ./components/ui/popover.tsx [Client Component SSR]
    ./components/collections/collectionPicker/CollectionPicker.tsx [Client Component SSR]
    ./components/items/itemDrawer/DrawerEditContent.tsx [Client Component SSR]
    ./components/items/itemDrawer/ItemDrawer.tsx [Client Component SSR]
    ./components/items/itemDrawer/ItemDrawer.tsx [Server Component]
    ./app/dashboard/page.tsx [Server Component]

https://nextjs.org/docs/messages/module-not-found @ http://localhost:3000/_next/static/chunks/node_modules_next_dist_0u_w_5s._.js:1945
[  649902ms] [ERROR] ./components/ui/popover.tsx:6:1
Module not found: Can't resolve '@/lib/utils'
  4 | import { Popover as PopoverPrimitive } from "radix-ui"
  5 |
> 6 | import { cn } from "@/lib/utils"
    | ^^^^^^^^^^^^^^^^^^^^^^^^^^^^^^^^
  7 |
  8 | function Popover({
  9 |   ...props

Import map: aliased to relative './lib/utils' inside of [project]/

Import traces:
  Client Component Browser:
    ./components/ui/popover.tsx [Client Component Browser]
    ./components/collections/collectionPicker/CollectionPicker.tsx [Client Component Browser]
    ./components/items/itemDrawer/DrawerEditContent.tsx [Client Component Browser]
    ./components/items/itemDrawer/ItemDrawer.tsx [Client Component Browser]
    ./components/items/itemDrawer/ItemDrawer.tsx [Server Component]
    ./app/dashboard/page.tsx [Server Component]

  Client Component SSR:
    ./components/ui/popover.tsx [Client Component SSR]
    ./components/collections/collectionPicker/CollectionPicker.tsx [Client Component SSR]
    ./components/items/itemDrawer/DrawerEditContent.tsx [Client Component SSR]
    ./components/items/itemDrawer/ItemDrawer.tsx [Client Component SSR]
    ./components/items/itemDrawer/ItemDrawer.tsx [Server Component]
    ./app/dashboard/page.tsx [Server Component]

https://nextjs.org/docs/messages/module-not-found @ http://localhost:3000/_next/static/chunks/node_modules_next_dist_0u_w_5s._.js:1945
[  649964ms] [ERROR] ./components/ui/popover.tsx:6:1
Module not found: Can't resolve '@/lib/utils'
  4 | import { Popover as PopoverPrimitive } from "radix-ui"
  5 |
> 6 | import { cn } from "@/lib/utils"
    | ^^^^^^^^^^^^^^^^^^^^^^^^^^^^^^^^
  7 |
  8 | function Popover({
  9 |   ...props

Import map: aliased to relative './lib/utils' inside of [project]/

Import traces:
  Client Component Browser:
    ./components/ui/popover.tsx [Client Component Browser]
    ./components/collections/collectionPicker/CollectionPicker.tsx [Client Component Browser]
    ./components/items/itemDrawer/DrawerEditContent.tsx [Client Component Browser]
    ./components/items/itemDrawer/ItemDrawer.tsx [Client Component Browser]
    ./components/items/itemDrawer/ItemDrawer.tsx [Server Component]
    ./app/dashboard/page.tsx [Server Component]

  Client Component SSR:
    ./components/ui/popover.tsx [Client Component SSR]
    ./components/collections/collectionPicker/CollectionPicker.tsx [Client Component SSR]
    ./components/items/itemDrawer/DrawerEditContent.tsx [Client Component SSR]
    ./components/items/itemDrawer/ItemDrawer.tsx [Client Component SSR]
    ./components/items/itemDrawer/ItemDrawer.tsx [Server Component]
    ./app/dashboard/page.tsx [Server Component]

https://nextjs.org/docs/messages/module-not-found @ http://localhost:3000/_next/static/chunks/node_modules_next_dist_0u_w_5s._.js:1945
[  650025ms] [ERROR] ./components/ui/popover.tsx:6:1
Module not found: Can't resolve '@/lib/utils'
  4 | import { Popover as PopoverPrimitive } from "radix-ui"
  5 |
> 6 | import { cn } from "@/lib/utils"
    | ^^^^^^^^^^^^^^^^^^^^^^^^^^^^^^^^
  7 |
  8 | function Popover({
  9 |   ...props

Import map: aliased to relative './lib/utils' inside of [project]/

Import traces:
  Client Component Browser:
    ./components/ui/popover.tsx [Client Component Browser]
    ./components/collections/collectionPicker/CollectionPicker.tsx [Client Component Browser]
    ./components/items/itemDrawer/DrawerEditContent.tsx [Client Component Browser]
    ./components/items/itemDrawer/ItemDrawer.tsx [Client Component Browser]
    ./components/items/itemDrawer/ItemDrawer.tsx [Server Component]
    ./app/dashboard/page.tsx [Server Component]

  Client Component SSR:
    ./components/ui/popover.tsx [Client Component SSR]
    ./components/collections/collectionPicker/CollectionPicker.tsx [Client Component SSR]
    ./components/items/itemDrawer/DrawerEditContent.tsx [Client Component SSR]
    ./components/items/itemDrawer/ItemDrawer.tsx [Client Component SSR]
    ./components/items/itemDrawer/ItemDrawer.tsx [Server Component]
    ./app/dashboard/page.tsx [Server Component]

https://nextjs.org/docs/messages/module-not-found @ http://localhost:3000/_next/static/chunks/node_modules_next_dist_0u_w_5s._.js:1945
[  650087ms] [ERROR] ./components/ui/popover.tsx:6:1
Module not found: Can't resolve '@/lib/utils'
  4 | import { Popover as PopoverPrimitive } from "radix-ui"
  5 |
> 6 | import { cn } from "@/lib/utils"
    | ^^^^^^^^^^^^^^^^^^^^^^^^^^^^^^^^
  7 |
  8 | function Popover({
  9 |   ...props

Import map: aliased to relative './lib/utils' inside of [project]/

Import traces:
  Client Component Browser:
    ./components/ui/popover.tsx [Client Component Browser]
    ./components/collections/collectionPicker/CollectionPicker.tsx [Client Component Browser]
    ./components/items/itemDrawer/DrawerEditContent.tsx [Client Component Browser]
    ./components/items/itemDrawer/ItemDrawer.tsx [Client Component Browser]
    ./components/items/itemDrawer/ItemDrawer.tsx [Server Component]
    ./app/dashboard/page.tsx [Server Component]

  Client Component SSR:
    ./components/ui/popover.tsx [Client Component SSR]
    ./components/collections/collectionPicker/CollectionPicker.tsx [Client Component SSR]
    ./components/items/itemDrawer/DrawerEditContent.tsx [Client Component SSR]
    ./components/items/itemDrawer/ItemDrawer.tsx [Client Component SSR]
    ./components/items/itemDrawer/ItemDrawer.tsx [Server Component]
    ./app/dashboard/page.tsx [Server Component]

https://nextjs.org/docs/messages/module-not-found @ http://localhost:3000/_next/static/chunks/node_modules_next_dist_0u_w_5s._.js:1945
[  650148ms] [ERROR] ./components/ui/popover.tsx:6:1
Module not found: Can't resolve '@/lib/utils'
  4 | import { Popover as PopoverPrimitive } from "radix-ui"
  5 |
> 6 | import { cn } from "@/lib/utils"
    | ^^^^^^^^^^^^^^^^^^^^^^^^^^^^^^^^
  7 |
  8 | function Popover({
  9 |   ...props

Import map: aliased to relative './lib/utils' inside of [project]/

Import traces:
  Client Component Browser:
    ./components/ui/popover.tsx [Client Component Browser]
    ./components/collections/collectionPicker/CollectionPicker.tsx [Client Component Browser]
    ./components/items/itemDrawer/DrawerEditContent.tsx [Client Component Browser]
    ./components/items/itemDrawer/ItemDrawer.tsx [Client Component Browser]
    ./components/items/itemDrawer/ItemDrawer.tsx [Server Component]
    ./app/dashboard/page.tsx [Server Component]

  Client Component SSR:
    ./components/ui/popover.tsx [Client Component SSR]
    ./components/collections/collectionPicker/CollectionPicker.tsx [Client Component SSR]
    ./components/items/itemDrawer/DrawerEditContent.tsx [Client Component SSR]
    ./components/items/itemDrawer/ItemDrawer.tsx [Client Component SSR]
    ./components/items/itemDrawer/ItemDrawer.tsx [Server Component]
    ./app/dashboard/page.tsx [Server Component]

https://nextjs.org/docs/messages/module-not-found @ http://localhost:3000/_next/static/chunks/node_modules_next_dist_0u_w_5s._.js:1945
[  650210ms] [ERROR] ./components/ui/popover.tsx:6:1
Module not found: Can't resolve '@/lib/utils'
  4 | import { Popover as PopoverPrimitive } from "radix-ui"
  5 |
> 6 | import { cn } from "@/lib/utils"
    | ^^^^^^^^^^^^^^^^^^^^^^^^^^^^^^^^
  7 |
  8 | function Popover({
  9 |   ...props

Import map: aliased to relative './lib/utils' inside of [project]/

Import traces:
  Client Component Browser:
    ./components/ui/popover.tsx [Client Component Browser]
    ./components/collections/collectionPicker/CollectionPicker.tsx [Client Component Browser]
    ./components/items/itemDrawer/DrawerEditContent.tsx [Client Component Browser]
    ./components/items/itemDrawer/ItemDrawer.tsx [Client Component Browser]
    ./components/items/itemDrawer/ItemDrawer.tsx [Server Component]
    ./app/dashboard/page.tsx [Server Component]

  Client Component SSR:
    ./components/ui/popover.tsx [Client Component SSR]
    ./components/collections/collectionPicker/CollectionPicker.tsx [Client Component SSR]
    ./components/items/itemDrawer/DrawerEditContent.tsx [Client Component SSR]
    ./components/items/itemDrawer/ItemDrawer.tsx [Client Component SSR]
    ./components/items/itemDrawer/ItemDrawer.tsx [Server Component]
    ./app/dashboard/page.tsx [Server Component]

https://nextjs.org/docs/messages/module-not-found @ http://localhost:3000/_next/static/chunks/node_modules_next_dist_0u_w_5s._.js:1945
[  650272ms] [ERROR] ./components/ui/popover.tsx:6:1
Module not found: Can't resolve '@/lib/utils'
  4 | import { Popover as PopoverPrimitive } from "radix-ui"
  5 |
> 6 | import { cn } from "@/lib/utils"
    | ^^^^^^^^^^^^^^^^^^^^^^^^^^^^^^^^
  7 |
  8 | function Popover({
  9 |   ...props

Import map: aliased to relative './lib/utils' inside of [project]/

Import traces:
  Client Component Browser:
    ./components/ui/popover.tsx [Client Component Browser]
    ./components/collections/collectionPicker/CollectionPicker.tsx [Client Component Browser]
    ./components/items/itemDrawer/DrawerEditContent.tsx [Client Component Browser]
    ./components/items/itemDrawer/ItemDrawer.tsx [Client Component Browser]
    ./components/items/itemDrawer/ItemDrawer.tsx [Server Component]
    ./app/dashboard/page.tsx [Server Component]

  Client Component SSR:
    ./components/ui/popover.tsx [Client Component SSR]
    ./components/collections/collectionPicker/CollectionPicker.tsx [Client Component SSR]
    ./components/items/itemDrawer/DrawerEditContent.tsx [Client Component SSR]
    ./components/items/itemDrawer/ItemDrawer.tsx [Client Component SSR]
    ./components/items/itemDrawer/ItemDrawer.tsx [Server Component]
    ./app/dashboard/page.tsx [Server Component]

https://nextjs.org/docs/messages/module-not-found @ http://localhost:3000/_next/static/chunks/node_modules_next_dist_0u_w_5s._.js:1945
[  650334ms] [ERROR] ./components/ui/popover.tsx:6:1
Module not found: Can't resolve '@/lib/utils'
  4 | import { Popover as PopoverPrimitive } from "radix-ui"
  5 |
> 6 | import { cn } from "@/lib/utils"
    | ^^^^^^^^^^^^^^^^^^^^^^^^^^^^^^^^
  7 |
  8 | function Popover({
  9 |   ...props

Import map: aliased to relative './lib/utils' inside of [project]/

Import traces:
  Client Component Browser:
    ./components/ui/popover.tsx [Client Component Browser]
    ./components/collections/collectionPicker/CollectionPicker.tsx [Client Component Browser]
    ./components/items/itemDrawer/DrawerEditContent.tsx [Client Component Browser]
    ./components/items/itemDrawer/ItemDrawer.tsx [Client Component Browser]
    ./components/items/itemDrawer/ItemDrawer.tsx [Server Component]
    ./app/dashboard/page.tsx [Server Component]

  Client Component SSR:
    ./components/ui/popover.tsx [Client Component SSR]
    ./components/collections/collectionPicker/CollectionPicker.tsx [Client Component SSR]
    ./components/items/itemDrawer/DrawerEditContent.tsx [Client Component SSR]
    ./components/items/itemDrawer/ItemDrawer.tsx [Client Component SSR]
    ./components/items/itemDrawer/ItemDrawer.tsx [Server Component]
    ./app/dashboard/page.tsx [Server Component]

https://nextjs.org/docs/messages/module-not-found @ http://localhost:3000/_next/static/chunks/node_modules_next_dist_0u_w_5s._.js:1945
[  650396ms] [ERROR] ./components/ui/popover.tsx:6:1
Module not found: Can't resolve '@/lib/utils'
  4 | import { Popover as PopoverPrimitive } from "radix-ui"
  5 |
> 6 | import { cn } from "@/lib/utils"
    | ^^^^^^^^^^^^^^^^^^^^^^^^^^^^^^^^
  7 |
  8 | function Popover({
  9 |   ...props

Import map: aliased to relative './lib/utils' inside of [project]/

Import traces:
  Client Component Browser:
    ./components/ui/popover.tsx [Client Component Browser]
    ./components/collections/collectionPicker/CollectionPicker.tsx [Client Component Browser]
    ./components/items/itemDrawer/DrawerEditContent.tsx [Client Component Browser]
    ./components/items/itemDrawer/ItemDrawer.tsx [Client Component Browser]
    ./components/items/itemDrawer/ItemDrawer.tsx [Server Component]
    ./app/dashboard/page.tsx [Server Component]

  Client Component SSR:
    ./components/ui/popover.tsx [Client Component SSR]
    ./components/collections/collectionPicker/CollectionPicker.tsx [Client Component SSR]
    ./components/items/itemDrawer/DrawerEditContent.tsx [Client Component SSR]
    ./components/items/itemDrawer/ItemDrawer.tsx [Client Component SSR]
    ./components/items/itemDrawer/ItemDrawer.tsx [Server Component]
    ./app/dashboard/page.tsx [Server Component]

https://nextjs.org/docs/messages/module-not-found @ http://localhost:3000/_next/static/chunks/node_modules_next_dist_0u_w_5s._.js:1945
[  650457ms] [ERROR] ./components/ui/popover.tsx:6:1
Module not found: Can't resolve '@/lib/utils'
  4 | import { Popover as PopoverPrimitive } from "radix-ui"
  5 |
> 6 | import { cn } from "@/lib/utils"
    | ^^^^^^^^^^^^^^^^^^^^^^^^^^^^^^^^
  7 |
  8 | function Popover({
  9 |   ...props

Import map: aliased to relative './lib/utils' inside of [project]/

Import traces:
  Client Component Browser:
    ./components/ui/popover.tsx [Client Component Browser]
    ./components/collections/collectionPicker/CollectionPicker.tsx [Client Component Browser]
    ./components/items/itemDrawer/DrawerEditContent.tsx [Client Component Browser]
    ./components/items/itemDrawer/ItemDrawer.tsx [Client Component Browser]
    ./components/items/itemDrawer/ItemDrawer.tsx [Server Component]
    ./app/dashboard/page.tsx [Server Component]

  Client Component SSR:
    ./components/ui/popover.tsx [Client Component SSR]
    ./components/collections/collectionPicker/CollectionPicker.tsx [Client Component SSR]
    ./components/items/itemDrawer/DrawerEditContent.tsx [Client Component SSR]
    ./components/items/itemDrawer/ItemDrawer.tsx [Client Component SSR]
    ./components/items/itemDrawer/ItemDrawer.tsx [Server Component]
    ./app/dashboard/page.tsx [Server Component]

https://nextjs.org/docs/messages/module-not-found @ http://localhost:3000/_next/static/chunks/node_modules_next_dist_0u_w_5s._.js:1945
[  650518ms] [ERROR] ./components/ui/popover.tsx:6:1
Module not found: Can't resolve '@/lib/utils'
  4 | import { Popover as PopoverPrimitive } from "radix-ui"
  5 |
> 6 | import { cn } from "@/lib/utils"
    | ^^^^^^^^^^^^^^^^^^^^^^^^^^^^^^^^
  7 |
  8 | function Popover({
  9 |   ...props

Import map: aliased to relative './lib/utils' inside of [project]/

Import traces:
  Client Component Browser:
    ./components/ui/popover.tsx [Client Component Browser]
    ./components/collections/collectionPicker/CollectionPicker.tsx [Client Component Browser]
    ./components/items/itemDrawer/DrawerEditContent.tsx [Client Component Browser]
    ./components/items/itemDrawer/ItemDrawer.tsx [Client Component Browser]
    ./components/items/itemDrawer/ItemDrawer.tsx [Server Component]
    ./app/dashboard/page.tsx [Server Component]

  Client Component SSR:
    ./components/ui/popover.tsx [Client Component SSR]
    ./components/collections/collectionPicker/CollectionPicker.tsx [Client Component SSR]
    ./components/items/itemDrawer/DrawerEditContent.tsx [Client Component SSR]
    ./components/items/itemDrawer/ItemDrawer.tsx [Client Component SSR]
    ./components/items/itemDrawer/ItemDrawer.tsx [Server Component]
    ./app/dashboard/page.tsx [Server Component]

https://nextjs.org/docs/messages/module-not-found @ http://localhost:3000/_next/static/chunks/node_modules_next_dist_0u_w_5s._.js:1945
[  650580ms] [ERROR] ./components/ui/popover.tsx:6:1
Module not found: Can't resolve '@/lib/utils'
  4 | import { Popover as PopoverPrimitive } from "radix-ui"
  5 |
> 6 | import { cn } from "@/lib/utils"
    | ^^^^^^^^^^^^^^^^^^^^^^^^^^^^^^^^
  7 |
  8 | function Popover({
  9 |   ...props

Import map: aliased to relative './lib/utils' inside of [project]/

Import traces:
  Client Component Browser:
    ./components/ui/popover.tsx [Client Component Browser]
    ./components/collections/collectionPicker/CollectionPicker.tsx [Client Component Browser]
    ./components/items/itemDrawer/DrawerEditContent.tsx [Client Component Browser]
    ./components/items/itemDrawer/ItemDrawer.tsx [Client Component Browser]
    ./components/items/itemDrawer/ItemDrawer.tsx [Server Component]
    ./app/dashboard/page.tsx [Server Component]

  Client Component SSR:
    ./components/ui/popover.tsx [Client Component SSR]
    ./components/collections/collectionPicker/CollectionPicker.tsx [Client Component SSR]
    ./components/items/itemDrawer/DrawerEditContent.tsx [Client Component SSR]
    ./components/items/itemDrawer/ItemDrawer.tsx [Client Component SSR]
    ./components/items/itemDrawer/ItemDrawer.tsx [Server Component]
    ./app/dashboard/page.tsx [Server Component]

https://nextjs.org/docs/messages/module-not-found @ http://localhost:3000/_next/static/chunks/node_modules_next_dist_0u_w_5s._.js:1945
[  650641ms] [ERROR] ./components/ui/popover.tsx:6:1
Module not found: Can't resolve '@/lib/utils'
  4 | import { Popover as PopoverPrimitive } from "radix-ui"
  5 |
> 6 | import { cn } from "@/lib/utils"
    | ^^^^^^^^^^^^^^^^^^^^^^^^^^^^^^^^
  7 |
  8 | function Popover({
  9 |   ...props

Import map: aliased to relative './lib/utils' inside of [project]/

Import traces:
  Client Component Browser:
    ./components/ui/popover.tsx [Client Component Browser]
    ./components/collections/collectionPicker/CollectionPicker.tsx [Client Component Browser]
    ./components/items/itemDrawer/DrawerEditContent.tsx [Client Component Browser]
    ./components/items/itemDrawer/ItemDrawer.tsx [Client Component Browser]
    ./components/items/itemDrawer/ItemDrawer.tsx [Server Component]
    ./app/dashboard/page.tsx [Server Component]

  Client Component SSR:
    ./components/ui/popover.tsx [Client Component SSR]
    ./components/collections/collectionPicker/CollectionPicker.tsx [Client Component SSR]
    ./components/items/itemDrawer/DrawerEditContent.tsx [Client Component SSR]
    ./components/items/itemDrawer/ItemDrawer.tsx [Client Component SSR]
    ./components/items/itemDrawer/ItemDrawer.tsx [Server Component]
    ./app/dashboard/page.tsx [Server Component]

https://nextjs.org/docs/messages/module-not-found @ http://localhost:3000/_next/static/chunks/node_modules_next_dist_0u_w_5s._.js:1945
[  650702ms] [ERROR] ./components/ui/popover.tsx:6:1
Module not found: Can't resolve '@/lib/utils'
  4 | import { Popover as PopoverPrimitive } from "radix-ui"
  5 |
> 6 | import { cn } from "@/lib/utils"
    | ^^^^^^^^^^^^^^^^^^^^^^^^^^^^^^^^
  7 |
  8 | function Popover({
  9 |   ...props

Import map: aliased to relative './lib/utils' inside of [project]/

Import traces:
  Client Component Browser:
    ./components/ui/popover.tsx [Client Component Browser]
    ./components/collections/collectionPicker/CollectionPicker.tsx [Client Component Browser]
    ./components/items/itemDrawer/DrawerEditContent.tsx [Client Component Browser]
    ./components/items/itemDrawer/ItemDrawer.tsx [Client Component Browser]
    ./components/items/itemDrawer/ItemDrawer.tsx [Server Component]
    ./app/dashboard/page.tsx [Server Component]

  Client Component SSR:
    ./components/ui/popover.tsx [Client Component SSR]
    ./components/collections/collectionPicker/CollectionPicker.tsx [Client Component SSR]
    ./components/items/itemDrawer/DrawerEditContent.tsx [Client Component SSR]
    ./components/items/itemDrawer/ItemDrawer.tsx [Client Component SSR]
    ./components/items/itemDrawer/ItemDrawer.tsx [Server Component]
    ./app/dashboard/page.tsx [Server Component]

https://nextjs.org/docs/messages/module-not-found @ http://localhost:3000/_next/static/chunks/node_modules_next_dist_0u_w_5s._.js:1945
[  650765ms] [ERROR] ./components/ui/popover.tsx:6:1
Module not found: Can't resolve '@/lib/utils'
  4 | import { Popover as PopoverPrimitive } from "radix-ui"
  5 |
> 6 | import { cn } from "@/lib/utils"
    | ^^^^^^^^^^^^^^^^^^^^^^^^^^^^^^^^
  7 |
  8 | function Popover({
  9 |   ...props

Import map: aliased to relative './lib/utils' inside of [project]/

Import traces:
  Client Component Browser:
    ./components/ui/popover.tsx [Client Component Browser]
    ./components/collections/collectionPicker/CollectionPicker.tsx [Client Component Browser]
    ./components/items/itemDrawer/DrawerEditContent.tsx [Client Component Browser]
    ./components/items/itemDrawer/ItemDrawer.tsx [Client Component Browser]
    ./components/items/itemDrawer/ItemDrawer.tsx [Server Component]
    ./app/dashboard/page.tsx [Server Component]

  Client Component SSR:
    ./components/ui/popover.tsx [Client Component SSR]
    ./components/collections/collectionPicker/CollectionPicker.tsx [Client Component SSR]
    ./components/items/itemDrawer/DrawerEditContent.tsx [Client Component SSR]
    ./components/items/itemDrawer/ItemDrawer.tsx [Client Component SSR]
    ./components/items/itemDrawer/ItemDrawer.tsx [Server Component]
    ./app/dashboard/page.tsx [Server Component]

https://nextjs.org/docs/messages/module-not-found @ http://localhost:3000/_next/static/chunks/node_modules_next_dist_0u_w_5s._.js:1945
[  650828ms] [ERROR] ./components/ui/popover.tsx:6:1
Module not found: Can't resolve '@/lib/utils'
  4 | import { Popover as PopoverPrimitive } from "radix-ui"
  5 |
> 6 | import { cn } from "@/lib/utils"
    | ^^^^^^^^^^^^^^^^^^^^^^^^^^^^^^^^
  7 |
  8 | function Popover({
  9 |   ...props

Import map: aliased to relative './lib/utils' inside of [project]/

Import traces:
  Client Component Browser:
    ./components/ui/popover.tsx [Client Component Browser]
    ./components/collections/collectionPicker/CollectionPicker.tsx [Client Component Browser]
    ./components/items/itemDrawer/DrawerEditContent.tsx [Client Component Browser]
    ./components/items/itemDrawer/ItemDrawer.tsx [Client Component Browser]
    ./components/items/itemDrawer/ItemDrawer.tsx [Server Component]
    ./app/dashboard/page.tsx [Server Component]

  Client Component SSR:
    ./components/ui/popover.tsx [Client Component SSR]
    ./components/collections/collectionPicker/CollectionPicker.tsx [Client Component SSR]
    ./components/items/itemDrawer/DrawerEditContent.tsx [Client Component SSR]
    ./components/items/itemDrawer/ItemDrawer.tsx [Client Component SSR]
    ./components/items/itemDrawer/ItemDrawer.tsx [Server Component]
    ./app/dashboard/page.tsx [Server Component]

https://nextjs.org/docs/messages/module-not-found @ http://localhost:3000/_next/static/chunks/node_modules_next_dist_0u_w_5s._.js:1945
[  650890ms] [ERROR] ./components/ui/popover.tsx:6:1
Module not found: Can't resolve '@/lib/utils'
  4 | import { Popover as PopoverPrimitive } from "radix-ui"
  5 |
> 6 | import { cn } from "@/lib/utils"
    | ^^^^^^^^^^^^^^^^^^^^^^^^^^^^^^^^
  7 |
  8 | function Popover({
  9 |   ...props

Import map: aliased to relative './lib/utils' inside of [project]/

Import traces:
  Client Component Browser:
    ./components/ui/popover.tsx [Client Component Browser]
    ./components/collections/collectionPicker/CollectionPicker.tsx [Client Component Browser]
    ./components/items/itemDrawer/DrawerEditContent.tsx [Client Component Browser]
    ./components/items/itemDrawer/ItemDrawer.tsx [Client Component Browser]
    ./components/items/itemDrawer/ItemDrawer.tsx [Server Component]
    ./app/dashboard/page.tsx [Server Component]

  Client Component SSR:
    ./components/ui/popover.tsx [Client Component SSR]
    ./components/collections/collectionPicker/CollectionPicker.tsx [Client Component SSR]
    ./components/items/itemDrawer/DrawerEditContent.tsx [Client Component SSR]
    ./components/items/itemDrawer/ItemDrawer.tsx [Client Component SSR]
    ./components/items/itemDrawer/ItemDrawer.tsx [Server Component]
    ./app/dashboard/page.tsx [Server Component]

https://nextjs.org/docs/messages/module-not-found @ http://localhost:3000/_next/static/chunks/node_modules_next_dist_0u_w_5s._.js:1945
[  650950ms] [ERROR] ./components/ui/popover.tsx:6:1
Module not found: Can't resolve '@/lib/utils'
  4 | import { Popover as PopoverPrimitive } from "radix-ui"
  5 |
> 6 | import { cn } from "@/lib/utils"
    | ^^^^^^^^^^^^^^^^^^^^^^^^^^^^^^^^
  7 |
  8 | function Popover({
  9 |   ...props

Import map: aliased to relative './lib/utils' inside of [project]/

Import traces:
  Client Component Browser:
    ./components/ui/popover.tsx [Client Component Browser]
    ./components/collections/collectionPicker/CollectionPicker.tsx [Client Component Browser]
    ./components/items/itemDrawer/DrawerEditContent.tsx [Client Component Browser]
    ./components/items/itemDrawer/ItemDrawer.tsx [Client Component Browser]
    ./components/items/itemDrawer/ItemDrawer.tsx [Server Component]
    ./app/dashboard/page.tsx [Server Component]

  Client Component SSR:
    ./components/ui/popover.tsx [Client Component SSR]
    ./components/collections/collectionPicker/CollectionPicker.tsx [Client Component SSR]
    ./components/items/itemDrawer/DrawerEditContent.tsx [Client Component SSR]
    ./components/items/itemDrawer/ItemDrawer.tsx [Client Component SSR]
    ./components/items/itemDrawer/ItemDrawer.tsx [Server Component]
    ./app/dashboard/page.tsx [Server Component]

https://nextjs.org/docs/messages/module-not-found @ http://localhost:3000/_next/static/chunks/node_modules_next_dist_0u_w_5s._.js:1945
[  651012ms] [ERROR] ./components/ui/popover.tsx:6:1
Module not found: Can't resolve '@/lib/utils'
  4 | import { Popover as PopoverPrimitive } from "radix-ui"
  5 |
> 6 | import { cn } from "@/lib/utils"
    | ^^^^^^^^^^^^^^^^^^^^^^^^^^^^^^^^
  7 |
  8 | function Popover({
  9 |   ...props

Import map: aliased to relative './lib/utils' inside of [project]/

Import traces:
  Client Component Browser:
    ./components/ui/popover.tsx [Client Component Browser]
    ./components/collections/collectionPicker/CollectionPicker.tsx [Client Component Browser]
    ./components/items/itemDrawer/DrawerEditContent.tsx [Client Component Browser]
    ./components/items/itemDrawer/ItemDrawer.tsx [Client Component Browser]
    ./components/items/itemDrawer/ItemDrawer.tsx [Server Component]
    ./app/dashboard/page.tsx [Server Component]

  Client Component SSR:
    ./components/ui/popover.tsx [Client Component SSR]
    ./components/collections/collectionPicker/CollectionPicker.tsx [Client Component SSR]
    ./components/items/itemDrawer/DrawerEditContent.tsx [Client Component SSR]
    ./components/items/itemDrawer/ItemDrawer.tsx [Client Component SSR]
    ./components/items/itemDrawer/ItemDrawer.tsx [Server Component]
    ./app/dashboard/page.tsx [Server Component]

https://nextjs.org/docs/messages/module-not-found @ http://localhost:3000/_next/static/chunks/node_modules_next_dist_0u_w_5s._.js:1945
[  651074ms] [ERROR] ./components/ui/popover.tsx:6:1
Module not found: Can't resolve '@/lib/utils'
  4 | import { Popover as PopoverPrimitive } from "radix-ui"
  5 |
> 6 | import { cn } from "@/lib/utils"
    | ^^^^^^^^^^^^^^^^^^^^^^^^^^^^^^^^
  7 |
  8 | function Popover({
  9 |   ...props

Import map: aliased to relative './lib/utils' inside of [project]/

Import traces:
  Client Component Browser:
    ./components/ui/popover.tsx [Client Component Browser]
    ./components/collections/collectionPicker/CollectionPicker.tsx [Client Component Browser]
    ./components/items/itemDrawer/DrawerEditContent.tsx [Client Component Browser]
    ./components/items/itemDrawer/ItemDrawer.tsx [Client Component Browser]
    ./components/items/itemDrawer/ItemDrawer.tsx [Server Component]
    ./app/dashboard/page.tsx [Server Component]

  Client Component SSR:
    ./components/ui/popover.tsx [Client Component SSR]
    ./components/collections/collectionPicker/CollectionPicker.tsx [Client Component SSR]
    ./components/items/itemDrawer/DrawerEditContent.tsx [Client Component SSR]
    ./components/items/itemDrawer/ItemDrawer.tsx [Client Component SSR]
    ./components/items/itemDrawer/ItemDrawer.tsx [Server Component]
    ./app/dashboard/page.tsx [Server Component]

https://nextjs.org/docs/messages/module-not-found @ http://localhost:3000/_next/static/chunks/node_modules_next_dist_0u_w_5s._.js:1945
[  651135ms] [ERROR] ./components/ui/popover.tsx:6:1
Module not found: Can't resolve '@/lib/utils'
  4 | import { Popover as PopoverPrimitive } from "radix-ui"
  5 |
> 6 | import { cn } from "@/lib/utils"
    | ^^^^^^^^^^^^^^^^^^^^^^^^^^^^^^^^
  7 |
  8 | function Popover({
  9 |   ...props

Import map: aliased to relative './lib/utils' inside of [project]/

Import traces:
  Client Component Browser:
    ./components/ui/popover.tsx [Client Component Browser]
    ./components/collections/collectionPicker/CollectionPicker.tsx [Client Component Browser]
    ./components/items/itemDrawer/DrawerEditContent.tsx [Client Component Browser]
    ./components/items/itemDrawer/ItemDrawer.tsx [Client Component Browser]
    ./components/items/itemDrawer/ItemDrawer.tsx [Server Component]
    ./app/dashboard/page.tsx [Server Component]

  Client Component SSR:
    ./components/ui/popover.tsx [Client Component SSR]
    ./components/collections/collectionPicker/CollectionPicker.tsx [Client Component SSR]
    ./components/items/itemDrawer/DrawerEditContent.tsx [Client Component SSR]
    ./components/items/itemDrawer/ItemDrawer.tsx [Client Component SSR]
    ./components/items/itemDrawer/ItemDrawer.tsx [Server Component]
    ./app/dashboard/page.tsx [Server Component]

https://nextjs.org/docs/messages/module-not-found @ http://localhost:3000/_next/static/chunks/node_modules_next_dist_0u_w_5s._.js:1945
[  651196ms] [ERROR] ./components/ui/popover.tsx:6:1
Module not found: Can't resolve '@/lib/utils'
  4 | import { Popover as PopoverPrimitive } from "radix-ui"
  5 |
> 6 | import { cn } from "@/lib/utils"
    | ^^^^^^^^^^^^^^^^^^^^^^^^^^^^^^^^
  7 |
  8 | function Popover({
  9 |   ...props

Import map: aliased to relative './lib/utils' inside of [project]/

Import traces:
  Client Component Browser:
    ./components/ui/popover.tsx [Client Component Browser]
    ./components/collections/collectionPicker/CollectionPicker.tsx [Client Component Browser]
    ./components/items/itemDrawer/DrawerEditContent.tsx [Client Component Browser]
    ./components/items/itemDrawer/ItemDrawer.tsx [Client Component Browser]
    ./components/items/itemDrawer/ItemDrawer.tsx [Server Component]
    ./app/dashboard/page.tsx [Server Component]

  Client Component SSR:
    ./components/ui/popover.tsx [Client Component SSR]
    ./components/collections/collectionPicker/CollectionPicker.tsx [Client Component SSR]
    ./components/items/itemDrawer/DrawerEditContent.tsx [Client Component SSR]
    ./components/items/itemDrawer/ItemDrawer.tsx [Client Component SSR]
    ./components/items/itemDrawer/ItemDrawer.tsx [Server Component]
    ./app/dashboard/page.tsx [Server Component]

https://nextjs.org/docs/messages/module-not-found @ http://localhost:3000/_next/static/chunks/node_modules_next_dist_0u_w_5s._.js:1945
[  651258ms] [ERROR] ./components/ui/popover.tsx:6:1
Module not found: Can't resolve '@/lib/utils'
  4 | import { Popover as PopoverPrimitive } from "radix-ui"
  5 |
> 6 | import { cn } from "@/lib/utils"
    | ^^^^^^^^^^^^^^^^^^^^^^^^^^^^^^^^
  7 |
  8 | function Popover({
  9 |   ...props

Import map: aliased to relative './lib/utils' inside of [project]/

Import traces:
  Client Component Browser:
    ./components/ui/popover.tsx [Client Component Browser]
    ./components/collections/collectionPicker/CollectionPicker.tsx [Client Component Browser]
    ./components/items/itemDrawer/DrawerEditContent.tsx [Client Component Browser]
    ./components/items/itemDrawer/ItemDrawer.tsx [Client Component Browser]
    ./components/items/itemDrawer/ItemDrawer.tsx [Server Component]
    ./app/dashboard/page.tsx [Server Component]

  Client Component SSR:
    ./components/ui/popover.tsx [Client Component SSR]
    ./components/collections/collectionPicker/CollectionPicker.tsx [Client Component SSR]
    ./components/items/itemDrawer/DrawerEditContent.tsx [Client Component SSR]
    ./components/items/itemDrawer/ItemDrawer.tsx [Client Component SSR]
    ./components/items/itemDrawer/ItemDrawer.tsx [Server Component]
    ./app/dashboard/page.tsx [Server Component]

https://nextjs.org/docs/messages/module-not-found @ http://localhost:3000/_next/static/chunks/node_modules_next_dist_0u_w_5s._.js:1945
[  651320ms] [ERROR] ./components/ui/popover.tsx:6:1
Module not found: Can't resolve '@/lib/utils'
  4 | import { Popover as PopoverPrimitive } from "radix-ui"
  5 |
> 6 | import { cn } from "@/lib/utils"
    | ^^^^^^^^^^^^^^^^^^^^^^^^^^^^^^^^
  7 |
  8 | function Popover({
  9 |   ...props

Import map: aliased to relative './lib/utils' inside of [project]/

Import traces:
  Client Component Browser:
    ./components/ui/popover.tsx [Client Component Browser]
    ./components/collections/collectionPicker/CollectionPicker.tsx [Client Component Browser]
    ./components/items/itemDrawer/DrawerEditContent.tsx [Client Component Browser]
    ./components/items/itemDrawer/ItemDrawer.tsx [Client Component Browser]
    ./components/items/itemDrawer/ItemDrawer.tsx [Server Component]
    ./app/dashboard/page.tsx [Server Component]

  Client Component SSR:
    ./components/ui/popover.tsx [Client Component SSR]
    ./components/collections/collectionPicker/CollectionPicker.tsx [Client Component SSR]
    ./components/items/itemDrawer/DrawerEditContent.tsx [Client Component SSR]
    ./components/items/itemDrawer/ItemDrawer.tsx [Client Component SSR]
    ./components/items/itemDrawer/ItemDrawer.tsx [Server Component]
    ./app/dashboard/page.tsx [Server Component]

https://nextjs.org/docs/messages/module-not-found @ http://localhost:3000/_next/static/chunks/node_modules_next_dist_0u_w_5s._.js:1945
[  651382ms] [ERROR] ./components/ui/popover.tsx:6:1
Module not found: Can't resolve '@/lib/utils'
  4 | import { Popover as PopoverPrimitive } from "radix-ui"
  5 |
> 6 | import { cn } from "@/lib/utils"
    | ^^^^^^^^^^^^^^^^^^^^^^^^^^^^^^^^
  7 |
  8 | function Popover({
  9 |   ...props

Import map: aliased to relative './lib/utils' inside of [project]/

Import traces:
  Client Component Browser:
    ./components/ui/popover.tsx [Client Component Browser]
    ./components/collections/collectionPicker/CollectionPicker.tsx [Client Component Browser]
    ./components/items/itemDrawer/DrawerEditContent.tsx [Client Component Browser]
    ./components/items/itemDrawer/ItemDrawer.tsx [Client Component Browser]
    ./components/items/itemDrawer/ItemDrawer.tsx [Server Component]
    ./app/dashboard/page.tsx [Server Component]

  Client Component SSR:
    ./components/ui/popover.tsx [Client Component SSR]
    ./components/collections/collectionPicker/CollectionPicker.tsx [Client Component SSR]
    ./components/items/itemDrawer/DrawerEditContent.tsx [Client Component SSR]
    ./components/items/itemDrawer/ItemDrawer.tsx [Client Component SSR]
    ./components/items/itemDrawer/ItemDrawer.tsx [Server Component]
    ./app/dashboard/page.tsx [Server Component]

https://nextjs.org/docs/messages/module-not-found @ http://localhost:3000/_next/static/chunks/node_modules_next_dist_0u_w_5s._.js:1945
[  651444ms] [ERROR] ./components/ui/popover.tsx:6:1
Module not found: Can't resolve '@/lib/utils'
  4 | import { Popover as PopoverPrimitive } from "radix-ui"
  5 |
> 6 | import { cn } from "@/lib/utils"
    | ^^^^^^^^^^^^^^^^^^^^^^^^^^^^^^^^
  7 |
  8 | function Popover({
  9 |   ...props

Import map: aliased to relative './lib/utils' inside of [project]/

Import traces:
  Client Component Browser:
    ./components/ui/popover.tsx [Client Component Browser]
    ./components/collections/collectionPicker/CollectionPicker.tsx [Client Component Browser]
    ./components/items/itemDrawer/DrawerEditContent.tsx [Client Component Browser]
    ./components/items/itemDrawer/ItemDrawer.tsx [Client Component Browser]
    ./components/items/itemDrawer/ItemDrawer.tsx [Server Component]
    ./app/dashboard/page.tsx [Server Component]

  Client Component SSR:
    ./components/ui/popover.tsx [Client Component SSR]
    ./components/collections/collectionPicker/CollectionPicker.tsx [Client Component SSR]
    ./components/items/itemDrawer/DrawerEditContent.tsx [Client Component SSR]
    ./components/items/itemDrawer/ItemDrawer.tsx [Client Component SSR]
    ./components/items/itemDrawer/ItemDrawer.tsx [Server Component]
    ./app/dashboard/page.tsx [Server Component]

https://nextjs.org/docs/messages/module-not-found @ http://localhost:3000/_next/static/chunks/node_modules_next_dist_0u_w_5s._.js:1945
[  651506ms] [ERROR] ./components/ui/popover.tsx:6:1
Module not found: Can't resolve '@/lib/utils'
  4 | import { Popover as PopoverPrimitive } from "radix-ui"
  5 |
> 6 | import { cn } from "@/lib/utils"
    | ^^^^^^^^^^^^^^^^^^^^^^^^^^^^^^^^
  7 |
  8 | function Popover({
  9 |   ...props

Import map: aliased to relative './lib/utils' inside of [project]/

Import traces:
  Client Component Browser:
    ./components/ui/popover.tsx [Client Component Browser]
    ./components/collections/collectionPicker/CollectionPicker.tsx [Client Component Browser]
    ./components/items/itemDrawer/DrawerEditContent.tsx [Client Component Browser]
    ./components/items/itemDrawer/ItemDrawer.tsx [Client Component Browser]
    ./components/items/itemDrawer/ItemDrawer.tsx [Server Component]
    ./app/dashboard/page.tsx [Server Component]

  Client Component SSR:
    ./components/ui/popover.tsx [Client Component SSR]
    ./components/collections/collectionPicker/CollectionPicker.tsx [Client Component SSR]
    ./components/items/itemDrawer/DrawerEditContent.tsx [Client Component SSR]
    ./components/items/itemDrawer/ItemDrawer.tsx [Client Component SSR]
    ./components/items/itemDrawer/ItemDrawer.tsx [Server Component]
    ./app/dashboard/page.tsx [Server Component]

https://nextjs.org/docs/messages/module-not-found @ http://localhost:3000/_next/static/chunks/node_modules_next_dist_0u_w_5s._.js:1945
[  651567ms] [ERROR] ./components/ui/popover.tsx:6:1
Module not found: Can't resolve '@/lib/utils'
  4 | import { Popover as PopoverPrimitive } from "radix-ui"
  5 |
> 6 | import { cn } from "@/lib/utils"
    | ^^^^^^^^^^^^^^^^^^^^^^^^^^^^^^^^
  7 |
  8 | function Popover({
  9 |   ...props

Import map: aliased to relative './lib/utils' inside of [project]/

Import traces:
  Client Component Browser:
    ./components/ui/popover.tsx [Client Component Browser]
    ./components/collections/collectionPicker/CollectionPicker.tsx [Client Component Browser]
    ./components/items/itemDrawer/DrawerEditContent.tsx [Client Component Browser]
    ./components/items/itemDrawer/ItemDrawer.tsx [Client Component Browser]
    ./components/items/itemDrawer/ItemDrawer.tsx [Server Component]
    ./app/dashboard/page.tsx [Server Component]

  Client Component SSR:
    ./components/ui/popover.tsx [Client Component SSR]
    ./components/collections/collectionPicker/CollectionPicker.tsx [Client Component SSR]
    ./components/items/itemDrawer/DrawerEditContent.tsx [Client Component SSR]
    ./components/items/itemDrawer/ItemDrawer.tsx [Client Component SSR]
    ./components/items/itemDrawer/ItemDrawer.tsx [Server Component]
    ./app/dashboard/page.tsx [Server Component]

https://nextjs.org/docs/messages/module-not-found @ http://localhost:3000/_next/static/chunks/node_modules_next_dist_0u_w_5s._.js:1945
[  651628ms] [ERROR] ./components/ui/popover.tsx:6:1
Module not found: Can't resolve '@/lib/utils'
  4 | import { Popover as PopoverPrimitive } from "radix-ui"
  5 |
> 6 | import { cn } from "@/lib/utils"
    | ^^^^^^^^^^^^^^^^^^^^^^^^^^^^^^^^
  7 |
  8 | function Popover({
  9 |   ...props

Import map: aliased to relative './lib/utils' inside of [project]/

Import traces:
  Client Component Browser:
    ./components/ui/popover.tsx [Client Component Browser]
    ./components/collections/collectionPicker/CollectionPicker.tsx [Client Component Browser]
    ./components/items/itemDrawer/DrawerEditContent.tsx [Client Component Browser]
    ./components/items/itemDrawer/ItemDrawer.tsx [Client Component Browser]
    ./components/items/itemDrawer/ItemDrawer.tsx [Server Component]
    ./app/dashboard/page.tsx [Server Component]

  Client Component SSR:
    ./components/ui/popover.tsx [Client Component SSR]
    ./components/collections/collectionPicker/CollectionPicker.tsx [Client Component SSR]
    ./components/items/itemDrawer/DrawerEditContent.tsx [Client Component SSR]
    ./components/items/itemDrawer/ItemDrawer.tsx [Client Component SSR]
    ./components/items/itemDrawer/ItemDrawer.tsx [Server Component]
    ./app/dashboard/page.tsx [Server Component]

https://nextjs.org/docs/messages/module-not-found @ http://localhost:3000/_next/static/chunks/node_modules_next_dist_0u_w_5s._.js:1945
[  651689ms] [ERROR] ./components/ui/popover.tsx:6:1
Module not found: Can't resolve '@/lib/utils'
  4 | import { Popover as PopoverPrimitive } from "radix-ui"
  5 |
> 6 | import { cn } from "@/lib/utils"
    | ^^^^^^^^^^^^^^^^^^^^^^^^^^^^^^^^
  7 |
  8 | function Popover({
  9 |   ...props

Import map: aliased to relative './lib/utils' inside of [project]/

Import traces:
  Client Component Browser:
    ./components/ui/popover.tsx [Client Component Browser]
    ./components/collections/collectionPicker/CollectionPicker.tsx [Client Component Browser]
    ./components/items/itemDrawer/DrawerEditContent.tsx [Client Component Browser]
    ./components/items/itemDrawer/ItemDrawer.tsx [Client Component Browser]
    ./components/items/itemDrawer/ItemDrawer.tsx [Server Component]
    ./app/dashboard/page.tsx [Server Component]

  Client Component SSR:
    ./components/ui/popover.tsx [Client Component SSR]
    ./components/collections/collectionPicker/CollectionPicker.tsx [Client Component SSR]
    ./components/items/itemDrawer/DrawerEditContent.tsx [Client Component SSR]
    ./components/items/itemDrawer/ItemDrawer.tsx [Client Component SSR]
    ./components/items/itemDrawer/ItemDrawer.tsx [Server Component]
    ./app/dashboard/page.tsx [Server Component]

https://nextjs.org/docs/messages/module-not-found @ http://localhost:3000/_next/static/chunks/node_modules_next_dist_0u_w_5s._.js:1945
[  651751ms] [ERROR] ./components/ui/popover.tsx:6:1
Module not found: Can't resolve '@/lib/utils'
  4 | import { Popover as PopoverPrimitive } from "radix-ui"
  5 |
> 6 | import { cn } from "@/lib/utils"
    | ^^^^^^^^^^^^^^^^^^^^^^^^^^^^^^^^
  7 |
  8 | function Popover({
  9 |   ...props

Import map: aliased to relative './lib/utils' inside of [project]/

Import traces:
  Client Component Browser:
    ./components/ui/popover.tsx [Client Component Browser]
    ./components/collections/collectionPicker/CollectionPicker.tsx [Client Component Browser]
    ./components/items/itemDrawer/DrawerEditContent.tsx [Client Component Browser]
    ./components/items/itemDrawer/ItemDrawer.tsx [Client Component Browser]
    ./components/items/itemDrawer/ItemDrawer.tsx [Server Component]
    ./app/dashboard/page.tsx [Server Component]

  Client Component SSR:
    ./components/ui/popover.tsx [Client Component SSR]
    ./components/collections/collectionPicker/CollectionPicker.tsx [Client Component SSR]
    ./components/items/itemDrawer/DrawerEditContent.tsx [Client Component SSR]
    ./components/items/itemDrawer/ItemDrawer.tsx [Client Component SSR]
    ./components/items/itemDrawer/ItemDrawer.tsx [Server Component]
    ./app/dashboard/page.tsx [Server Component]

https://nextjs.org/docs/messages/module-not-found @ http://localhost:3000/_next/static/chunks/node_modules_next_dist_0u_w_5s._.js:1945
[  651813ms] [ERROR] ./components/ui/popover.tsx:6:1
Module not found: Can't resolve '@/lib/utils'
  4 | import { Popover as PopoverPrimitive } from "radix-ui"
  5 |
> 6 | import { cn } from "@/lib/utils"
    | ^^^^^^^^^^^^^^^^^^^^^^^^^^^^^^^^
  7 |
  8 | function Popover({
  9 |   ...props

Import map: aliased to relative './lib/utils' inside of [project]/

Import traces:
  Client Component Browser:
    ./components/ui/popover.tsx [Client Component Browser]
    ./components/collections/collectionPicker/CollectionPicker.tsx [Client Component Browser]
    ./components/items/itemDrawer/DrawerEditContent.tsx [Client Component Browser]
    ./components/items/itemDrawer/ItemDrawer.tsx [Client Component Browser]
    ./components/items/itemDrawer/ItemDrawer.tsx [Server Component]
    ./app/dashboard/page.tsx [Server Component]

  Client Component SSR:
    ./components/ui/popover.tsx [Client Component SSR]
    ./components/collections/collectionPicker/CollectionPicker.tsx [Client Component SSR]
    ./components/items/itemDrawer/DrawerEditContent.tsx [Client Component SSR]
    ./components/items/itemDrawer/ItemDrawer.tsx [Client Component SSR]
    ./components/items/itemDrawer/ItemDrawer.tsx [Server Component]
    ./app/dashboard/page.tsx [Server Component]

https://nextjs.org/docs/messages/module-not-found @ http://localhost:3000/_next/static/chunks/node_modules_next_dist_0u_w_5s._.js:1945
[  651876ms] [ERROR] ./components/ui/popover.tsx:6:1
Module not found: Can't resolve '@/lib/utils'
  4 | import { Popover as PopoverPrimitive } from "radix-ui"
  5 |
> 6 | import { cn } from "@/lib/utils"
    | ^^^^^^^^^^^^^^^^^^^^^^^^^^^^^^^^
  7 |
  8 | function Popover({
  9 |   ...props

Import map: aliased to relative './lib/utils' inside of [project]/

Import traces:
  Client Component Browser:
    ./components/ui/popover.tsx [Client Component Browser]
    ./components/collections/collectionPicker/CollectionPicker.tsx [Client Component Browser]
    ./components/items/itemDrawer/DrawerEditContent.tsx [Client Component Browser]
    ./components/items/itemDrawer/ItemDrawer.tsx [Client Component Browser]
    ./components/items/itemDrawer/ItemDrawer.tsx [Server Component]
    ./app/dashboard/page.tsx [Server Component]

  Client Component SSR:
    ./components/ui/popover.tsx [Client Component SSR]
    ./components/collections/collectionPicker/CollectionPicker.tsx [Client Component SSR]
    ./components/items/itemDrawer/DrawerEditContent.tsx [Client Component SSR]
    ./components/items/itemDrawer/ItemDrawer.tsx [Client Component SSR]
    ./components/items/itemDrawer/ItemDrawer.tsx [Server Component]
    ./app/dashboard/page.tsx [Server Component]

https://nextjs.org/docs/messages/module-not-found @ http://localhost:3000/_next/static/chunks/node_modules_next_dist_0u_w_5s._.js:1945
[  651937ms] [ERROR] ./components/ui/popover.tsx:6:1
Module not found: Can't resolve '@/lib/utils'
  4 | import { Popover as PopoverPrimitive } from "radix-ui"
  5 |
> 6 | import { cn } from "@/lib/utils"
    | ^^^^^^^^^^^^^^^^^^^^^^^^^^^^^^^^
  7 |
  8 | function Popover({
  9 |   ...props

Import map: aliased to relative './lib/utils' inside of [project]/

Import traces:
  Client Component Browser:
    ./components/ui/popover.tsx [Client Component Browser]
    ./components/collections/collectionPicker/CollectionPicker.tsx [Client Component Browser]
    ./components/items/itemDrawer/DrawerEditContent.tsx [Client Component Browser]
    ./components/items/itemDrawer/ItemDrawer.tsx [Client Component Browser]
    ./components/items/itemDrawer/ItemDrawer.tsx [Server Component]
    ./app/dashboard/page.tsx [Server Component]

  Client Component SSR:
    ./components/ui/popover.tsx [Client Component SSR]
    ./components/collections/collectionPicker/CollectionPicker.tsx [Client Component SSR]
    ./components/items/itemDrawer/DrawerEditContent.tsx [Client Component SSR]
    ./components/items/itemDrawer/ItemDrawer.tsx [Client Component SSR]
    ./components/items/itemDrawer/ItemDrawer.tsx [Server Component]
    ./app/dashboard/page.tsx [Server Component]

https://nextjs.org/docs/messages/module-not-found @ http://localhost:3000/_next/static/chunks/node_modules_next_dist_0u_w_5s._.js:1945
[  651999ms] [ERROR] ./components/ui/popover.tsx:6:1
Module not found: Can't resolve '@/lib/utils'
  4 | import { Popover as PopoverPrimitive } from "radix-ui"
  5 |
> 6 | import { cn } from "@/lib/utils"
    | ^^^^^^^^^^^^^^^^^^^^^^^^^^^^^^^^
  7 |
  8 | function Popover({
  9 |   ...props

Import map: aliased to relative './lib/utils' inside of [project]/

Import traces:
  Client Component Browser:
    ./components/ui/popover.tsx [Client Component Browser]
    ./components/collections/collectionPicker/CollectionPicker.tsx [Client Component Browser]
    ./components/items/itemDrawer/DrawerEditContent.tsx [Client Component Browser]
    ./components/items/itemDrawer/ItemDrawer.tsx [Client Component Browser]
    ./components/items/itemDrawer/ItemDrawer.tsx [Server Component]
    ./app/dashboard/page.tsx [Server Component]

  Client Component SSR:
    ./components/ui/popover.tsx [Client Component SSR]
    ./components/collections/collectionPicker/CollectionPicker.tsx [Client Component SSR]
    ./components/items/itemDrawer/DrawerEditContent.tsx [Client Component SSR]
    ./components/items/itemDrawer/ItemDrawer.tsx [Client Component SSR]
    ./components/items/itemDrawer/ItemDrawer.tsx [Server Component]
    ./app/dashboard/page.tsx [Server Component]

https://nextjs.org/docs/messages/module-not-found @ http://localhost:3000/_next/static/chunks/node_modules_next_dist_0u_w_5s._.js:1945
[  652061ms] [ERROR] ./components/ui/popover.tsx:6:1
Module not found: Can't resolve '@/lib/utils'
  4 | import { Popover as PopoverPrimitive } from "radix-ui"
  5 |
> 6 | import { cn } from "@/lib/utils"
    | ^^^^^^^^^^^^^^^^^^^^^^^^^^^^^^^^
  7 |
  8 | function Popover({
  9 |   ...props

Import map: aliased to relative './lib/utils' inside of [project]/

Import traces:
  Client Component Browser:
    ./components/ui/popover.tsx [Client Component Browser]
    ./components/collections/collectionPicker/CollectionPicker.tsx [Client Component Browser]
    ./components/items/itemDrawer/DrawerEditContent.tsx [Client Component Browser]
    ./components/items/itemDrawer/ItemDrawer.tsx [Client Component Browser]
    ./components/items/itemDrawer/ItemDrawer.tsx [Server Component]
    ./app/dashboard/page.tsx [Server Component]

  Client Component SSR:
    ./components/ui/popover.tsx [Client Component SSR]
    ./components/collections/collectionPicker/CollectionPicker.tsx [Client Component SSR]
    ./components/items/itemDrawer/DrawerEditContent.tsx [Client Component SSR]
    ./components/items/itemDrawer/ItemDrawer.tsx [Client Component SSR]
    ./components/items/itemDrawer/ItemDrawer.tsx [Server Component]
    ./app/dashboard/page.tsx [Server Component]

https://nextjs.org/docs/messages/module-not-found @ http://localhost:3000/_next/static/chunks/node_modules_next_dist_0u_w_5s._.js:1945
[  652123ms] [ERROR] ./components/ui/popover.tsx:6:1
Module not found: Can't resolve '@/lib/utils'
  4 | import { Popover as PopoverPrimitive } from "radix-ui"
  5 |
> 6 | import { cn } from "@/lib/utils"
    | ^^^^^^^^^^^^^^^^^^^^^^^^^^^^^^^^
  7 |
  8 | function Popover({
  9 |   ...props

Import map: aliased to relative './lib/utils' inside of [project]/

Import traces:
  Client Component Browser:
    ./components/ui/popover.tsx [Client Component Browser]
    ./components/collections/collectionPicker/CollectionPicker.tsx [Client Component Browser]
    ./components/items/itemDrawer/DrawerEditContent.tsx [Client Component Browser]
    ./components/items/itemDrawer/ItemDrawer.tsx [Client Component Browser]
    ./components/items/itemDrawer/ItemDrawer.tsx [Server Component]
    ./app/dashboard/page.tsx [Server Component]

  Client Component SSR:
    ./components/ui/popover.tsx [Client Component SSR]
    ./components/collections/collectionPicker/CollectionPicker.tsx [Client Component SSR]
    ./components/items/itemDrawer/DrawerEditContent.tsx [Client Component SSR]
    ./components/items/itemDrawer/ItemDrawer.tsx [Client Component SSR]
    ./components/items/itemDrawer/ItemDrawer.tsx [Server Component]
    ./app/dashboard/page.tsx [Server Component]

https://nextjs.org/docs/messages/module-not-found @ http://localhost:3000/_next/static/chunks/node_modules_next_dist_0u_w_5s._.js:1945
[  652185ms] [ERROR] ./components/ui/popover.tsx:6:1
Module not found: Can't resolve '@/lib/utils'
  4 | import { Popover as PopoverPrimitive } from "radix-ui"
  5 |
> 6 | import { cn } from "@/lib/utils"
    | ^^^^^^^^^^^^^^^^^^^^^^^^^^^^^^^^
  7 |
  8 | function Popover({
  9 |   ...props

Import map: aliased to relative './lib/utils' inside of [project]/

Import traces:
  Client Component Browser:
    ./components/ui/popover.tsx [Client Component Browser]
    ./components/collections/collectionPicker/CollectionPicker.tsx [Client Component Browser]
    ./components/items/itemDrawer/DrawerEditContent.tsx [Client Component Browser]
    ./components/items/itemDrawer/ItemDrawer.tsx [Client Component Browser]
    ./components/items/itemDrawer/ItemDrawer.tsx [Server Component]
    ./app/dashboard/page.tsx [Server Component]

  Client Component SSR:
    ./components/ui/popover.tsx [Client Component SSR]
    ./components/collections/collectionPicker/CollectionPicker.tsx [Client Component SSR]
    ./components/items/itemDrawer/DrawerEditContent.tsx [Client Component SSR]
    ./components/items/itemDrawer/ItemDrawer.tsx [Client Component SSR]
    ./components/items/itemDrawer/ItemDrawer.tsx [Server Component]
    ./app/dashboard/page.tsx [Server Component]

https://nextjs.org/docs/messages/module-not-found @ http://localhost:3000/_next/static/chunks/node_modules_next_dist_0u_w_5s._.js:1945
[  652246ms] [ERROR] ./components/ui/popover.tsx:6:1
Module not found: Can't resolve '@/lib/utils'
  4 | import { Popover as PopoverPrimitive } from "radix-ui"
  5 |
> 6 | import { cn } from "@/lib/utils"
    | ^^^^^^^^^^^^^^^^^^^^^^^^^^^^^^^^
  7 |
  8 | function Popover({
  9 |   ...props

Import map: aliased to relative './lib/utils' inside of [project]/

Import traces:
  Client Component Browser:
    ./components/ui/popover.tsx [Client Component Browser]
    ./components/collections/collectionPicker/CollectionPicker.tsx [Client Component Browser]
    ./components/items/itemDrawer/DrawerEditContent.tsx [Client Component Browser]
    ./components/items/itemDrawer/ItemDrawer.tsx [Client Component Browser]
    ./components/items/itemDrawer/ItemDrawer.tsx [Server Component]
    ./app/dashboard/page.tsx [Server Component]

  Client Component SSR:
    ./components/ui/popover.tsx [Client Component SSR]
    ./components/collections/collectionPicker/CollectionPicker.tsx [Client Component SSR]
    ./components/items/itemDrawer/DrawerEditContent.tsx [Client Component SSR]
    ./components/items/itemDrawer/ItemDrawer.tsx [Client Component SSR]
    ./components/items/itemDrawer/ItemDrawer.tsx [Server Component]
    ./app/dashboard/page.tsx [Server Component]

https://nextjs.org/docs/messages/module-not-found @ http://localhost:3000/_next/static/chunks/node_modules_next_dist_0u_w_5s._.js:1945
[  652308ms] [ERROR] ./components/ui/popover.tsx:6:1
Module not found: Can't resolve '@/lib/utils'
  4 | import { Popover as PopoverPrimitive } from "radix-ui"
  5 |
> 6 | import { cn } from "@/lib/utils"
    | ^^^^^^^^^^^^^^^^^^^^^^^^^^^^^^^^
  7 |
  8 | function Popover({
  9 |   ...props

Import map: aliased to relative './lib/utils' inside of [project]/

Import traces:
  Client Component Browser:
    ./components/ui/popover.tsx [Client Component Browser]
    ./components/collections/collectionPicker/CollectionPicker.tsx [Client Component Browser]
    ./components/items/itemDrawer/DrawerEditContent.tsx [Client Component Browser]
    ./components/items/itemDrawer/ItemDrawer.tsx [Client Component Browser]
    ./components/items/itemDrawer/ItemDrawer.tsx [Server Component]
    ./app/dashboard/page.tsx [Server Component]

  Client Component SSR:
    ./components/ui/popover.tsx [Client Component SSR]
    ./components/collections/collectionPicker/CollectionPicker.tsx [Client Component SSR]
    ./components/items/itemDrawer/DrawerEditContent.tsx [Client Component SSR]
    ./components/items/itemDrawer/ItemDrawer.tsx [Client Component SSR]
    ./components/items/itemDrawer/ItemDrawer.tsx [Server Component]
    ./app/dashboard/page.tsx [Server Component]

https://nextjs.org/docs/messages/module-not-found @ http://localhost:3000/_next/static/chunks/node_modules_next_dist_0u_w_5s._.js:1945
[  652371ms] [ERROR] ./components/ui/popover.tsx:6:1
Module not found: Can't resolve '@/lib/utils'
  4 | import { Popover as PopoverPrimitive } from "radix-ui"
  5 |
> 6 | import { cn } from "@/lib/utils"
    | ^^^^^^^^^^^^^^^^^^^^^^^^^^^^^^^^
  7 |
  8 | function Popover({
  9 |   ...props

Import map: aliased to relative './lib/utils' inside of [project]/

Import traces:
  Client Component Browser:
    ./components/ui/popover.tsx [Client Component Browser]
    ./components/collections/collectionPicker/CollectionPicker.tsx [Client Component Browser]
    ./components/items/itemDrawer/DrawerEditContent.tsx [Client Component Browser]
    ./components/items/itemDrawer/ItemDrawer.tsx [Client Component Browser]
    ./components/items/itemDrawer/ItemDrawer.tsx [Server Component]
    ./app/dashboard/page.tsx [Server Component]

  Client Component SSR:
    ./components/ui/popover.tsx [Client Component SSR]
    ./components/collections/collectionPicker/CollectionPicker.tsx [Client Component SSR]
    ./components/items/itemDrawer/DrawerEditContent.tsx [Client Component SSR]
    ./components/items/itemDrawer/ItemDrawer.tsx [Client Component SSR]
    ./components/items/itemDrawer/ItemDrawer.tsx [Server Component]
    ./app/dashboard/page.tsx [Server Component]

https://nextjs.org/docs/messages/module-not-found @ http://localhost:3000/_next/static/chunks/node_modules_next_dist_0u_w_5s._.js:1945
[  652433ms] [ERROR] ./components/ui/popover.tsx:6:1
Module not found: Can't resolve '@/lib/utils'
  4 | import { Popover as PopoverPrimitive } from "radix-ui"
  5 |
> 6 | import { cn } from "@/lib/utils"
    | ^^^^^^^^^^^^^^^^^^^^^^^^^^^^^^^^
  7 |
  8 | function Popover({
  9 |   ...props

Import map: aliased to relative './lib/utils' inside of [project]/

Import traces:
  Client Component Browser:
    ./components/ui/popover.tsx [Client Component Browser]
    ./components/collections/collectionPicker/CollectionPicker.tsx [Client Component Browser]
    ./components/items/itemDrawer/DrawerEditContent.tsx [Client Component Browser]
    ./components/items/itemDrawer/ItemDrawer.tsx [Client Component Browser]
    ./components/items/itemDrawer/ItemDrawer.tsx [Server Component]
    ./app/dashboard/page.tsx [Server Component]

  Client Component SSR:
    ./components/ui/popover.tsx [Client Component SSR]
    ./components/collections/collectionPicker/CollectionPicker.tsx [Client Component SSR]
    ./components/items/itemDrawer/DrawerEditContent.tsx [Client Component SSR]
    ./components/items/itemDrawer/ItemDrawer.tsx [Client Component SSR]
    ./components/items/itemDrawer/ItemDrawer.tsx [Server Component]
    ./app/dashboard/page.tsx [Server Component]

https://nextjs.org/docs/messages/module-not-found @ http://localhost:3000/_next/static/chunks/node_modules_next_dist_0u_w_5s._.js:1945
[  652494ms] [ERROR] ./components/ui/popover.tsx:6:1
Module not found: Can't resolve '@/lib/utils'
  4 | import { Popover as PopoverPrimitive } from "radix-ui"
  5 |
> 6 | import { cn } from "@/lib/utils"
    | ^^^^^^^^^^^^^^^^^^^^^^^^^^^^^^^^
  7 |
  8 | function Popover({
  9 |   ...props

Import map: aliased to relative './lib/utils' inside of [project]/

Import traces:
  Client Component Browser:
    ./components/ui/popover.tsx [Client Component Browser]
    ./components/collections/collectionPicker/CollectionPicker.tsx [Client Component Browser]
    ./components/items/itemDrawer/DrawerEditContent.tsx [Client Component Browser]
    ./components/items/itemDrawer/ItemDrawer.tsx [Client Component Browser]
    ./components/items/itemDrawer/ItemDrawer.tsx [Server Component]
    ./app/dashboard/page.tsx [Server Component]

  Client Component SSR:
    ./components/ui/popover.tsx [Client Component SSR]
    ./components/collections/collectionPicker/CollectionPicker.tsx [Client Component SSR]
    ./components/items/itemDrawer/DrawerEditContent.tsx [Client Component SSR]
    ./components/items/itemDrawer/ItemDrawer.tsx [Client Component SSR]
    ./components/items/itemDrawer/ItemDrawer.tsx [Server Component]
    ./app/dashboard/page.tsx [Server Component]

https://nextjs.org/docs/messages/module-not-found @ http://localhost:3000/_next/static/chunks/node_modules_next_dist_0u_w_5s._.js:1945
[  652555ms] [ERROR] ./components/ui/popover.tsx:6:1
Module not found: Can't resolve '@/lib/utils'
  4 | import { Popover as PopoverPrimitive } from "radix-ui"
  5 |
> 6 | import { cn } from "@/lib/utils"
    | ^^^^^^^^^^^^^^^^^^^^^^^^^^^^^^^^
  7 |
  8 | function Popover({
  9 |   ...props

Import map: aliased to relative './lib/utils' inside of [project]/

Import traces:
  Client Component Browser:
    ./components/ui/popover.tsx [Client Component Browser]
    ./components/collections/collectionPicker/CollectionPicker.tsx [Client Component Browser]
    ./components/items/itemDrawer/DrawerEditContent.tsx [Client Component Browser]
    ./components/items/itemDrawer/ItemDrawer.tsx [Client Component Browser]
    ./components/items/itemDrawer/ItemDrawer.tsx [Server Component]
    ./app/dashboard/page.tsx [Server Component]

  Client Component SSR:
    ./components/ui/popover.tsx [Client Component SSR]
    ./components/collections/collectionPicker/CollectionPicker.tsx [Client Component SSR]
    ./components/items/itemDrawer/DrawerEditContent.tsx [Client Component SSR]
    ./components/items/itemDrawer/ItemDrawer.tsx [Client Component SSR]
    ./components/items/itemDrawer/ItemDrawer.tsx [Server Component]
    ./app/dashboard/page.tsx [Server Component]

https://nextjs.org/docs/messages/module-not-found @ http://localhost:3000/_next/static/chunks/node_modules_next_dist_0u_w_5s._.js:1945
[  652616ms] [ERROR] ./components/ui/popover.tsx:6:1
Module not found: Can't resolve '@/lib/utils'
  4 | import { Popover as PopoverPrimitive } from "radix-ui"
  5 |
> 6 | import { cn } from "@/lib/utils"
    | ^^^^^^^^^^^^^^^^^^^^^^^^^^^^^^^^
  7 |
  8 | function Popover({
  9 |   ...props

Import map: aliased to relative './lib/utils' inside of [project]/

Import traces:
  Client Component Browser:
    ./components/ui/popover.tsx [Client Component Browser]
    ./components/collections/collectionPicker/CollectionPicker.tsx [Client Component Browser]
    ./components/items/itemDrawer/DrawerEditContent.tsx [Client Component Browser]
    ./components/items/itemDrawer/ItemDrawer.tsx [Client Component Browser]
    ./components/items/itemDrawer/ItemDrawer.tsx [Server Component]
    ./app/dashboard/page.tsx [Server Component]

  Client Component SSR:
    ./components/ui/popover.tsx [Client Component SSR]
    ./components/collections/collectionPicker/CollectionPicker.tsx [Client Component SSR]
    ./components/items/itemDrawer/DrawerEditContent.tsx [Client Component SSR]
    ./components/items/itemDrawer/ItemDrawer.tsx [Client Component SSR]
    ./components/items/itemDrawer/ItemDrawer.tsx [Server Component]
    ./app/dashboard/page.tsx [Server Component]

https://nextjs.org/docs/messages/module-not-found @ http://localhost:3000/_next/static/chunks/node_modules_next_dist_0u_w_5s._.js:1945
[  652678ms] [ERROR] ./components/ui/popover.tsx:6:1
Module not found: Can't resolve '@/lib/utils'
  4 | import { Popover as PopoverPrimitive } from "radix-ui"
  5 |
> 6 | import { cn } from "@/lib/utils"
    | ^^^^^^^^^^^^^^^^^^^^^^^^^^^^^^^^
  7 |
  8 | function Popover({
  9 |   ...props

Import map: aliased to relative './lib/utils' inside of [project]/

Import traces:
  Client Component Browser:
    ./components/ui/popover.tsx [Client Component Browser]
    ./components/collections/collectionPicker/CollectionPicker.tsx [Client Component Browser]
    ./components/items/itemDrawer/DrawerEditContent.tsx [Client Component Browser]
    ./components/items/itemDrawer/ItemDrawer.tsx [Client Component Browser]
    ./components/items/itemDrawer/ItemDrawer.tsx [Server Component]
    ./app/dashboard/page.tsx [Server Component]

  Client Component SSR:
    ./components/ui/popover.tsx [Client Component SSR]
    ./components/collections/collectionPicker/CollectionPicker.tsx [Client Component SSR]
    ./components/items/itemDrawer/DrawerEditContent.tsx [Client Component SSR]
    ./components/items/itemDrawer/ItemDrawer.tsx [Client Component SSR]
    ./components/items/itemDrawer/ItemDrawer.tsx [Server Component]
    ./app/dashboard/page.tsx [Server Component]

https://nextjs.org/docs/messages/module-not-found @ http://localhost:3000/_next/static/chunks/node_modules_next_dist_0u_w_5s._.js:1945
[  652739ms] [ERROR] ./components/ui/popover.tsx:6:1
Module not found: Can't resolve '@/lib/utils'
  4 | import { Popover as PopoverPrimitive } from "radix-ui"
  5 |
> 6 | import { cn } from "@/lib/utils"
    | ^^^^^^^^^^^^^^^^^^^^^^^^^^^^^^^^
  7 |
  8 | function Popover({
  9 |   ...props

Import map: aliased to relative './lib/utils' inside of [project]/

Import traces:
  Client Component Browser:
    ./components/ui/popover.tsx [Client Component Browser]
    ./components/collections/collectionPicker/CollectionPicker.tsx [Client Component Browser]
    ./components/items/itemDrawer/DrawerEditContent.tsx [Client Component Browser]
    ./components/items/itemDrawer/ItemDrawer.tsx [Client Component Browser]
    ./components/items/itemDrawer/ItemDrawer.tsx [Server Component]
    ./app/dashboard/page.tsx [Server Component]

  Client Component SSR:
    ./components/ui/popover.tsx [Client Component SSR]
    ./components/collections/collectionPicker/CollectionPicker.tsx [Client Component SSR]
    ./components/items/itemDrawer/DrawerEditContent.tsx [Client Component SSR]
    ./components/items/itemDrawer/ItemDrawer.tsx [Client Component SSR]
    ./components/items/itemDrawer/ItemDrawer.tsx [Server Component]
    ./app/dashboard/page.tsx [Server Component]

https://nextjs.org/docs/messages/module-not-found @ http://localhost:3000/_next/static/chunks/node_modules_next_dist_0u_w_5s._.js:1945
[  652801ms] [ERROR] ./components/ui/popover.tsx:6:1
Module not found: Can't resolve '@/lib/utils'
  4 | import { Popover as PopoverPrimitive } from "radix-ui"
  5 |
> 6 | import { cn } from "@/lib/utils"
    | ^^^^^^^^^^^^^^^^^^^^^^^^^^^^^^^^
  7 |
  8 | function Popover({
  9 |   ...props

Import map: aliased to relative './lib/utils' inside of [project]/

Import traces:
  Client Component Browser:
    ./components/ui/popover.tsx [Client Component Browser]
    ./components/collections/collectionPicker/CollectionPicker.tsx [Client Component Browser]
    ./components/items/itemDrawer/DrawerEditContent.tsx [Client Component Browser]
    ./components/items/itemDrawer/ItemDrawer.tsx [Client Component Browser]
    ./components/items/itemDrawer/ItemDrawer.tsx [Server Component]
    ./app/dashboard/page.tsx [Server Component]

  Client Component SSR:
    ./components/ui/popover.tsx [Client Component SSR]
    ./components/collections/collectionPicker/CollectionPicker.tsx [Client Component SSR]
    ./components/items/itemDrawer/DrawerEditContent.tsx [Client Component SSR]
    ./components/items/itemDrawer/ItemDrawer.tsx [Client Component SSR]
    ./components/items/itemDrawer/ItemDrawer.tsx [Server Component]
    ./app/dashboard/page.tsx [Server Component]

https://nextjs.org/docs/messages/module-not-found @ http://localhost:3000/_next/static/chunks/node_modules_next_dist_0u_w_5s._.js:1945
[  652864ms] [ERROR] ./components/ui/popover.tsx:6:1
Module not found: Can't resolve '@/lib/utils'
  4 | import { Popover as PopoverPrimitive } from "radix-ui"
  5 |
> 6 | import { cn } from "@/lib/utils"
    | ^^^^^^^^^^^^^^^^^^^^^^^^^^^^^^^^
  7 |
  8 | function Popover({
  9 |   ...props

Import map: aliased to relative './lib/utils' inside of [project]/

Import traces:
  Client Component Browser:
    ./components/ui/popover.tsx [Client Component Browser]
    ./components/collections/collectionPicker/CollectionPicker.tsx [Client Component Browser]
    ./components/items/itemDrawer/DrawerEditContent.tsx [Client Component Browser]
    ./components/items/itemDrawer/ItemDrawer.tsx [Client Component Browser]
    ./components/items/itemDrawer/ItemDrawer.tsx [Server Component]
    ./app/dashboard/page.tsx [Server Component]

  Client Component SSR:
    ./components/ui/popover.tsx [Client Component SSR]
    ./components/collections/collectionPicker/CollectionPicker.tsx [Client Component SSR]
    ./components/items/itemDrawer/DrawerEditContent.tsx [Client Component SSR]
    ./components/items/itemDrawer/ItemDrawer.tsx [Client Component SSR]
    ./components/items/itemDrawer/ItemDrawer.tsx [Server Component]
    ./app/dashboard/page.tsx [Server Component]

https://nextjs.org/docs/messages/module-not-found @ http://localhost:3000/_next/static/chunks/node_modules_next_dist_0u_w_5s._.js:1945
[  652927ms] [ERROR] ./components/ui/popover.tsx:6:1
Module not found: Can't resolve '@/lib/utils'
  4 | import { Popover as PopoverPrimitive } from "radix-ui"
  5 |
> 6 | import { cn } from "@/lib/utils"
    | ^^^^^^^^^^^^^^^^^^^^^^^^^^^^^^^^
  7 |
  8 | function Popover({
  9 |   ...props

Import map: aliased to relative './lib/utils' inside of [project]/

Import traces:
  Client Component Browser:
    ./components/ui/popover.tsx [Client Component Browser]
    ./components/collections/collectionPicker/CollectionPicker.tsx [Client Component Browser]
    ./components/items/itemDrawer/DrawerEditContent.tsx [Client Component Browser]
    ./components/items/itemDrawer/ItemDrawer.tsx [Client Component Browser]
    ./components/items/itemDrawer/ItemDrawer.tsx [Server Component]
    ./app/dashboard/page.tsx [Server Component]

  Client Component SSR:
    ./components/ui/popover.tsx [Client Component SSR]
    ./components/collections/collectionPicker/CollectionPicker.tsx [Client Component SSR]
    ./components/items/itemDrawer/DrawerEditContent.tsx [Client Component SSR]
    ./components/items/itemDrawer/ItemDrawer.tsx [Client Component SSR]
    ./components/items/itemDrawer/ItemDrawer.tsx [Server Component]
    ./app/dashboard/page.tsx [Server Component]

https://nextjs.org/docs/messages/module-not-found @ http://localhost:3000/_next/static/chunks/node_modules_next_dist_0u_w_5s._.js:1945
[  652989ms] [ERROR] ./components/ui/popover.tsx:6:1
Module not found: Can't resolve '@/lib/utils'
  4 | import { Popover as PopoverPrimitive } from "radix-ui"
  5 |
> 6 | import { cn } from "@/lib/utils"
    | ^^^^^^^^^^^^^^^^^^^^^^^^^^^^^^^^
  7 |
  8 | function Popover({
  9 |   ...props

Import map: aliased to relative './lib/utils' inside of [project]/

Import traces:
  Client Component Browser:
    ./components/ui/popover.tsx [Client Component Browser]
    ./components/collections/collectionPicker/CollectionPicker.tsx [Client Component Browser]
    ./components/items/itemDrawer/DrawerEditContent.tsx [Client Component Browser]
    ./components/items/itemDrawer/ItemDrawer.tsx [Client Component Browser]
    ./components/items/itemDrawer/ItemDrawer.tsx [Server Component]
    ./app/dashboard/page.tsx [Server Component]

  Client Component SSR:
    ./components/ui/popover.tsx [Client Component SSR]
    ./components/collections/collectionPicker/CollectionPicker.tsx [Client Component SSR]
    ./components/items/itemDrawer/DrawerEditContent.tsx [Client Component SSR]
    ./components/items/itemDrawer/ItemDrawer.tsx [Client Component SSR]
    ./components/items/itemDrawer/ItemDrawer.tsx [Server Component]
    ./app/dashboard/page.tsx [Server Component]

https://nextjs.org/docs/messages/module-not-found @ http://localhost:3000/_next/static/chunks/node_modules_next_dist_0u_w_5s._.js:1945
[  653052ms] [ERROR] ./components/ui/popover.tsx:6:1
Module not found: Can't resolve '@/lib/utils'
  4 | import { Popover as PopoverPrimitive } from "radix-ui"
  5 |
> 6 | import { cn } from "@/lib/utils"
    | ^^^^^^^^^^^^^^^^^^^^^^^^^^^^^^^^
  7 |
  8 | function Popover({
  9 |   ...props

Import map: aliased to relative './lib/utils' inside of [project]/

Import traces:
  Client Component Browser:
    ./components/ui/popover.tsx [Client Component Browser]
    ./components/collections/collectionPicker/CollectionPicker.tsx [Client Component Browser]
    ./components/items/itemDrawer/DrawerEditContent.tsx [Client Component Browser]
    ./components/items/itemDrawer/ItemDrawer.tsx [Client Component Browser]
    ./components/items/itemDrawer/ItemDrawer.tsx [Server Component]
    ./app/dashboard/page.tsx [Server Component]

  Client Component SSR:
    ./components/ui/popover.tsx [Client Component SSR]
    ./components/collections/collectionPicker/CollectionPicker.tsx [Client Component SSR]
    ./components/items/itemDrawer/DrawerEditContent.tsx [Client Component SSR]
    ./components/items/itemDrawer/ItemDrawer.tsx [Client Component SSR]
    ./components/items/itemDrawer/ItemDrawer.tsx [Server Component]
    ./app/dashboard/page.tsx [Server Component]

https://nextjs.org/docs/messages/module-not-found @ http://localhost:3000/_next/static/chunks/node_modules_next_dist_0u_w_5s._.js:1945
[  653114ms] [ERROR] ./components/ui/popover.tsx:6:1
Module not found: Can't resolve '@/lib/utils'
  4 | import { Popover as PopoverPrimitive } from "radix-ui"
  5 |
> 6 | import { cn } from "@/lib/utils"
    | ^^^^^^^^^^^^^^^^^^^^^^^^^^^^^^^^
  7 |
  8 | function Popover({
  9 |   ...props

Import map: aliased to relative './lib/utils' inside of [project]/

Import traces:
  Client Component Browser:
    ./components/ui/popover.tsx [Client Component Browser]
    ./components/collections/collectionPicker/CollectionPicker.tsx [Client Component Browser]
    ./components/items/itemDrawer/DrawerEditContent.tsx [Client Component Browser]
    ./components/items/itemDrawer/ItemDrawer.tsx [Client Component Browser]
    ./components/items/itemDrawer/ItemDrawer.tsx [Server Component]
    ./app/dashboard/page.tsx [Server Component]

  Client Component SSR:
    ./components/ui/popover.tsx [Client Component SSR]
    ./components/collections/collectionPicker/CollectionPicker.tsx [Client Component SSR]
    ./components/items/itemDrawer/DrawerEditContent.tsx [Client Component SSR]
    ./components/items/itemDrawer/ItemDrawer.tsx [Client Component SSR]
    ./components/items/itemDrawer/ItemDrawer.tsx [Server Component]
    ./app/dashboard/page.tsx [Server Component]

https://nextjs.org/docs/messages/module-not-found @ http://localhost:3000/_next/static/chunks/node_modules_next_dist_0u_w_5s._.js:1945
[  653176ms] [ERROR] ./components/ui/popover.tsx:6:1
Module not found: Can't resolve '@/lib/utils'
  4 | import { Popover as PopoverPrimitive } from "radix-ui"
  5 |
> 6 | import { cn } from "@/lib/utils"
    | ^^^^^^^^^^^^^^^^^^^^^^^^^^^^^^^^
  7 |
  8 | function Popover({
  9 |   ...props

Import map: aliased to relative './lib/utils' inside of [project]/

Import traces:
  Client Component Browser:
    ./components/ui/popover.tsx [Client Component Browser]
    ./components/collections/collectionPicker/CollectionPicker.tsx [Client Component Browser]
    ./components/items/itemDrawer/DrawerEditContent.tsx [Client Component Browser]
    ./components/items/itemDrawer/ItemDrawer.tsx [Client Component Browser]
    ./components/items/itemDrawer/ItemDrawer.tsx [Server Component]
    ./app/dashboard/page.tsx [Server Component]

  Client Component SSR:
    ./components/ui/popover.tsx [Client Component SSR]
    ./components/collections/collectionPicker/CollectionPicker.tsx [Client Component SSR]
    ./components/items/itemDrawer/DrawerEditContent.tsx [Client Component SSR]
    ./components/items/itemDrawer/ItemDrawer.tsx [Client Component SSR]
    ./components/items/itemDrawer/ItemDrawer.tsx [Server Component]
    ./app/dashboard/page.tsx [Server Component]

https://nextjs.org/docs/messages/module-not-found @ http://localhost:3000/_next/static/chunks/node_modules_next_dist_0u_w_5s._.js:1945
[  653238ms] [ERROR] ./components/ui/popover.tsx:6:1
Module not found: Can't resolve '@/lib/utils'
  4 | import { Popover as PopoverPrimitive } from "radix-ui"
  5 |
> 6 | import { cn } from "@/lib/utils"
    | ^^^^^^^^^^^^^^^^^^^^^^^^^^^^^^^^
  7 |
  8 | function Popover({
  9 |   ...props

Import map: aliased to relative './lib/utils' inside of [project]/

Import traces:
  Client Component Browser:
    ./components/ui/popover.tsx [Client Component Browser]
    ./components/collections/collectionPicker/CollectionPicker.tsx [Client Component Browser]
    ./components/items/itemDrawer/DrawerEditContent.tsx [Client Component Browser]
    ./components/items/itemDrawer/ItemDrawer.tsx [Client Component Browser]
    ./components/items/itemDrawer/ItemDrawer.tsx [Server Component]
    ./app/dashboard/page.tsx [Server Component]

  Client Component SSR:
    ./components/ui/popover.tsx [Client Component SSR]
    ./components/collections/collectionPicker/CollectionPicker.tsx [Client Component SSR]
    ./components/items/itemDrawer/DrawerEditContent.tsx [Client Component SSR]
    ./components/items/itemDrawer/ItemDrawer.tsx [Client Component SSR]
    ./components/items/itemDrawer/ItemDrawer.tsx [Server Component]
    ./app/dashboard/page.tsx [Server Component]

https://nextjs.org/docs/messages/module-not-found @ http://localhost:3000/_next/static/chunks/node_modules_next_dist_0u_w_5s._.js:1945
[  653299ms] [ERROR] ./components/ui/popover.tsx:6:1
Module not found: Can't resolve '@/lib/utils'
  4 | import { Popover as PopoverPrimitive } from "radix-ui"
  5 |
> 6 | import { cn } from "@/lib/utils"
    | ^^^^^^^^^^^^^^^^^^^^^^^^^^^^^^^^
  7 |
  8 | function Popover({
  9 |   ...props

Import map: aliased to relative './lib/utils' inside of [project]/

Import traces:
  Client Component Browser:
    ./components/ui/popover.tsx [Client Component Browser]
    ./components/collections/collectionPicker/CollectionPicker.tsx [Client Component Browser]
    ./components/items/itemDrawer/DrawerEditContent.tsx [Client Component Browser]
    ./components/items/itemDrawer/ItemDrawer.tsx [Client Component Browser]
    ./components/items/itemDrawer/ItemDrawer.tsx [Server Component]
    ./app/dashboard/page.tsx [Server Component]

  Client Component SSR:
    ./components/ui/popover.tsx [Client Component SSR]
    ./components/collections/collectionPicker/CollectionPicker.tsx [Client Component SSR]
    ./components/items/itemDrawer/DrawerEditContent.tsx [Client Component SSR]
    ./components/items/itemDrawer/ItemDrawer.tsx [Client Component SSR]
    ./components/items/itemDrawer/ItemDrawer.tsx [Server Component]
    ./app/dashboard/page.tsx [Server Component]

https://nextjs.org/docs/messages/module-not-found @ http://localhost:3000/_next/static/chunks/node_modules_next_dist_0u_w_5s._.js:1945
[  653360ms] [ERROR] ./components/ui/popover.tsx:6:1
Module not found: Can't resolve '@/lib/utils'
  4 | import { Popover as PopoverPrimitive } from "radix-ui"
  5 |
> 6 | import { cn } from "@/lib/utils"
    | ^^^^^^^^^^^^^^^^^^^^^^^^^^^^^^^^
  7 |
  8 | function Popover({
  9 |   ...props

Import map: aliased to relative './lib/utils' inside of [project]/

Import traces:
  Client Component Browser:
    ./components/ui/popover.tsx [Client Component Browser]
    ./components/collections/collectionPicker/CollectionPicker.tsx [Client Component Browser]
    ./components/items/itemDrawer/DrawerEditContent.tsx [Client Component Browser]
    ./components/items/itemDrawer/ItemDrawer.tsx [Client Component Browser]
    ./components/items/itemDrawer/ItemDrawer.tsx [Server Component]
    ./app/dashboard/page.tsx [Server Component]

  Client Component SSR:
    ./components/ui/popover.tsx [Client Component SSR]
    ./components/collections/collectionPicker/CollectionPicker.tsx [Client Component SSR]
    ./components/items/itemDrawer/DrawerEditContent.tsx [Client Component SSR]
    ./components/items/itemDrawer/ItemDrawer.tsx [Client Component SSR]
    ./components/items/itemDrawer/ItemDrawer.tsx [Server Component]
    ./app/dashboard/page.tsx [Server Component]

https://nextjs.org/docs/messages/module-not-found @ http://localhost:3000/_next/static/chunks/node_modules_next_dist_0u_w_5s._.js:1945
[  653423ms] [ERROR] ./components/ui/popover.tsx:6:1
Module not found: Can't resolve '@/lib/utils'
  4 | import { Popover as PopoverPrimitive } from "radix-ui"
  5 |
> 6 | import { cn } from "@/lib/utils"
    | ^^^^^^^^^^^^^^^^^^^^^^^^^^^^^^^^
  7 |
  8 | function Popover({
  9 |   ...props

Import map: aliased to relative './lib/utils' inside of [project]/

Import traces:
  Client Component Browser:
    ./components/ui/popover.tsx [Client Component Browser]
    ./components/collections/collectionPicker/CollectionPicker.tsx [Client Component Browser]
    ./components/items/itemDrawer/DrawerEditContent.tsx [Client Component Browser]
    ./components/items/itemDrawer/ItemDrawer.tsx [Client Component Browser]
    ./components/items/itemDrawer/ItemDrawer.tsx [Server Component]
    ./app/dashboard/page.tsx [Server Component]

  Client Component SSR:
    ./components/ui/popover.tsx [Client Component SSR]
    ./components/collections/collectionPicker/CollectionPicker.tsx [Client Component SSR]
    ./components/items/itemDrawer/DrawerEditContent.tsx [Client Component SSR]
    ./components/items/itemDrawer/ItemDrawer.tsx [Client Component SSR]
    ./components/items/itemDrawer/ItemDrawer.tsx [Server Component]
    ./app/dashboard/page.tsx [Server Component]

https://nextjs.org/docs/messages/module-not-found @ http://localhost:3000/_next/static/chunks/node_modules_next_dist_0u_w_5s._.js:1945
[  653484ms] [ERROR] ./components/ui/popover.tsx:6:1
Module not found: Can't resolve '@/lib/utils'
  4 | import { Popover as PopoverPrimitive } from "radix-ui"
  5 |
> 6 | import { cn } from "@/lib/utils"
    | ^^^^^^^^^^^^^^^^^^^^^^^^^^^^^^^^
  7 |
  8 | function Popover({
  9 |   ...props

Import map: aliased to relative './lib/utils' inside of [project]/

Import traces:
  Client Component Browser:
    ./components/ui/popover.tsx [Client Component Browser]
    ./components/collections/collectionPicker/CollectionPicker.tsx [Client Component Browser]
    ./components/items/itemDrawer/DrawerEditContent.tsx [Client Component Browser]
    ./components/items/itemDrawer/ItemDrawer.tsx [Client Component Browser]
    ./components/items/itemDrawer/ItemDrawer.tsx [Server Component]
    ./app/dashboard/page.tsx [Server Component]

  Client Component SSR:
    ./components/ui/popover.tsx [Client Component SSR]
    ./components/collections/collectionPicker/CollectionPicker.tsx [Client Component SSR]
    ./components/items/itemDrawer/DrawerEditContent.tsx [Client Component SSR]
    ./components/items/itemDrawer/ItemDrawer.tsx [Client Component SSR]
    ./components/items/itemDrawer/ItemDrawer.tsx [Server Component]
    ./app/dashboard/page.tsx [Server Component]

https://nextjs.org/docs/messages/module-not-found @ http://localhost:3000/_next/static/chunks/node_modules_next_dist_0u_w_5s._.js:1945
[  653545ms] [ERROR] ./components/ui/popover.tsx:6:1
Module not found: Can't resolve '@/lib/utils'
  4 | import { Popover as PopoverPrimitive } from "radix-ui"
  5 |
> 6 | import { cn } from "@/lib/utils"
    | ^^^^^^^^^^^^^^^^^^^^^^^^^^^^^^^^
  7 |
  8 | function Popover({
  9 |   ...props

Import map: aliased to relative './lib/utils' inside of [project]/

Import traces:
  Client Component Browser:
    ./components/ui/popover.tsx [Client Component Browser]
    ./components/collections/collectionPicker/CollectionPicker.tsx [Client Component Browser]
    ./components/items/itemDrawer/DrawerEditContent.tsx [Client Component Browser]
    ./components/items/itemDrawer/ItemDrawer.tsx [Client Component Browser]
    ./components/items/itemDrawer/ItemDrawer.tsx [Server Component]
    ./app/dashboard/page.tsx [Server Component]

  Client Component SSR:
    ./components/ui/popover.tsx [Client Component SSR]
    ./components/collections/collectionPicker/CollectionPicker.tsx [Client Component SSR]
    ./components/items/itemDrawer/DrawerEditContent.tsx [Client Component SSR]
    ./components/items/itemDrawer/ItemDrawer.tsx [Client Component SSR]
    ./components/items/itemDrawer/ItemDrawer.tsx [Server Component]
    ./app/dashboard/page.tsx [Server Component]

https://nextjs.org/docs/messages/module-not-found @ http://localhost:3000/_next/static/chunks/node_modules_next_dist_0u_w_5s._.js:1945
[  653607ms] [ERROR] ./components/ui/popover.tsx:6:1
Module not found: Can't resolve '@/lib/utils'
  4 | import { Popover as PopoverPrimitive } from "radix-ui"
  5 |
> 6 | import { cn } from "@/lib/utils"
    | ^^^^^^^^^^^^^^^^^^^^^^^^^^^^^^^^
  7 |
  8 | function Popover({
  9 |   ...props

Import map: aliased to relative './lib/utils' inside of [project]/

Import traces:
  Client Component Browser:
    ./components/ui/popover.tsx [Client Component Browser]
    ./components/collections/collectionPicker/CollectionPicker.tsx [Client Component Browser]
    ./components/items/itemDrawer/DrawerEditContent.tsx [Client Component Browser]
    ./components/items/itemDrawer/ItemDrawer.tsx [Client Component Browser]
    ./components/items/itemDrawer/ItemDrawer.tsx [Server Component]
    ./app/dashboard/page.tsx [Server Component]

  Client Component SSR:
    ./components/ui/popover.tsx [Client Component SSR]
    ./components/collections/collectionPicker/CollectionPicker.tsx [Client Component SSR]
    ./components/items/itemDrawer/DrawerEditContent.tsx [Client Component SSR]
    ./components/items/itemDrawer/ItemDrawer.tsx [Client Component SSR]
    ./components/items/itemDrawer/ItemDrawer.tsx [Server Component]
    ./app/dashboard/page.tsx [Server Component]

https://nextjs.org/docs/messages/module-not-found @ http://localhost:3000/_next/static/chunks/node_modules_next_dist_0u_w_5s._.js:1945
[  653668ms] [ERROR] ./components/ui/popover.tsx:6:1
Module not found: Can't resolve '@/lib/utils'
  4 | import { Popover as PopoverPrimitive } from "radix-ui"
  5 |
> 6 | import { cn } from "@/lib/utils"
    | ^^^^^^^^^^^^^^^^^^^^^^^^^^^^^^^^
  7 |
  8 | function Popover({
  9 |   ...props

Import map: aliased to relative './lib/utils' inside of [project]/

Import traces:
  Client Component Browser:
    ./components/ui/popover.tsx [Client Component Browser]
    ./components/collections/collectionPicker/CollectionPicker.tsx [Client Component Browser]
    ./components/items/itemDrawer/DrawerEditContent.tsx [Client Component Browser]
    ./components/items/itemDrawer/ItemDrawer.tsx [Client Component Browser]
    ./components/items/itemDrawer/ItemDrawer.tsx [Server Component]
    ./app/dashboard/page.tsx [Server Component]

  Client Component SSR:
    ./components/ui/popover.tsx [Client Component SSR]
    ./components/collections/collectionPicker/CollectionPicker.tsx [Client Component SSR]
    ./components/items/itemDrawer/DrawerEditContent.tsx [Client Component SSR]
    ./components/items/itemDrawer/ItemDrawer.tsx [Client Component SSR]
    ./components/items/itemDrawer/ItemDrawer.tsx [Server Component]
    ./app/dashboard/page.tsx [Server Component]

https://nextjs.org/docs/messages/module-not-found @ http://localhost:3000/_next/static/chunks/node_modules_next_dist_0u_w_5s._.js:1945
[  653729ms] [ERROR] ./components/ui/popover.tsx:6:1
Module not found: Can't resolve '@/lib/utils'
  4 | import { Popover as PopoverPrimitive } from "radix-ui"
  5 |
> 6 | import { cn } from "@/lib/utils"
    | ^^^^^^^^^^^^^^^^^^^^^^^^^^^^^^^^
  7 |
  8 | function Popover({
  9 |   ...props

Import map: aliased to relative './lib/utils' inside of [project]/

Import traces:
  Client Component Browser:
    ./components/ui/popover.tsx [Client Component Browser]
    ./components/collections/collectionPicker/CollectionPicker.tsx [Client Component Browser]
    ./components/items/itemDrawer/DrawerEditContent.tsx [Client Component Browser]
    ./components/items/itemDrawer/ItemDrawer.tsx [Client Component Browser]
    ./components/items/itemDrawer/ItemDrawer.tsx [Server Component]
    ./app/dashboard/page.tsx [Server Component]

  Client Component SSR:
    ./components/ui/popover.tsx [Client Component SSR]
    ./components/collections/collectionPicker/CollectionPicker.tsx [Client Component SSR]
    ./components/items/itemDrawer/DrawerEditContent.tsx [Client Component SSR]
    ./components/items/itemDrawer/ItemDrawer.tsx [Client Component SSR]
    ./components/items/itemDrawer/ItemDrawer.tsx [Server Component]
    ./app/dashboard/page.tsx [Server Component]

https://nextjs.org/docs/messages/module-not-found @ http://localhost:3000/_next/static/chunks/node_modules_next_dist_0u_w_5s._.js:1945
[  653791ms] [ERROR] ./components/ui/popover.tsx:6:1
Module not found: Can't resolve '@/lib/utils'
  4 | import { Popover as PopoverPrimitive } from "radix-ui"
  5 |
> 6 | import { cn } from "@/lib/utils"
    | ^^^^^^^^^^^^^^^^^^^^^^^^^^^^^^^^
  7 |
  8 | function Popover({
  9 |   ...props

Import map: aliased to relative './lib/utils' inside of [project]/

Import traces:
  Client Component Browser:
    ./components/ui/popover.tsx [Client Component Browser]
    ./components/collections/collectionPicker/CollectionPicker.tsx [Client Component Browser]
    ./components/items/itemDrawer/DrawerEditContent.tsx [Client Component Browser]
    ./components/items/itemDrawer/ItemDrawer.tsx [Client Component Browser]
    ./components/items/itemDrawer/ItemDrawer.tsx [Server Component]
    ./app/dashboard/page.tsx [Server Component]

  Client Component SSR:
    ./components/ui/popover.tsx [Client Component SSR]
    ./components/collections/collectionPicker/CollectionPicker.tsx [Client Component SSR]
    ./components/items/itemDrawer/DrawerEditContent.tsx [Client Component SSR]
    ./components/items/itemDrawer/ItemDrawer.tsx [Client Component SSR]
    ./components/items/itemDrawer/ItemDrawer.tsx [Server Component]
    ./app/dashboard/page.tsx [Server Component]

https://nextjs.org/docs/messages/module-not-found @ http://localhost:3000/_next/static/chunks/node_modules_next_dist_0u_w_5s._.js:1945
[  653852ms] [ERROR] ./components/ui/popover.tsx:6:1
Module not found: Can't resolve '@/lib/utils'
  4 | import { Popover as PopoverPrimitive } from "radix-ui"
  5 |
> 6 | import { cn } from "@/lib/utils"
    | ^^^^^^^^^^^^^^^^^^^^^^^^^^^^^^^^
  7 |
  8 | function Popover({
  9 |   ...props

Import map: aliased to relative './lib/utils' inside of [project]/

Import traces:
  Client Component Browser:
    ./components/ui/popover.tsx [Client Component Browser]
    ./components/collections/collectionPicker/CollectionPicker.tsx [Client Component Browser]
    ./components/items/itemDrawer/DrawerEditContent.tsx [Client Component Browser]
    ./components/items/itemDrawer/ItemDrawer.tsx [Client Component Browser]
    ./components/items/itemDrawer/ItemDrawer.tsx [Server Component]
    ./app/dashboard/page.tsx [Server Component]

  Client Component SSR:
    ./components/ui/popover.tsx [Client Component SSR]
    ./components/collections/collectionPicker/CollectionPicker.tsx [Client Component SSR]
    ./components/items/itemDrawer/DrawerEditContent.tsx [Client Component SSR]
    ./components/items/itemDrawer/ItemDrawer.tsx [Client Component SSR]
    ./components/items/itemDrawer/ItemDrawer.tsx [Server Component]
    ./app/dashboard/page.tsx [Server Component]

https://nextjs.org/docs/messages/module-not-found @ http://localhost:3000/_next/static/chunks/node_modules_next_dist_0u_w_5s._.js:1945
[  653913ms] [ERROR] ./components/ui/popover.tsx:6:1
Module not found: Can't resolve '@/lib/utils'
  4 | import { Popover as PopoverPrimitive } from "radix-ui"
  5 |
> 6 | import { cn } from "@/lib/utils"
    | ^^^^^^^^^^^^^^^^^^^^^^^^^^^^^^^^
  7 |
  8 | function Popover({
  9 |   ...props

Import map: aliased to relative './lib/utils' inside of [project]/

Import traces:
  Client Component Browser:
    ./components/ui/popover.tsx [Client Component Browser]
    ./components/collections/collectionPicker/CollectionPicker.tsx [Client Component Browser]
    ./components/items/itemDrawer/DrawerEditContent.tsx [Client Component Browser]
    ./components/items/itemDrawer/ItemDrawer.tsx [Client Component Browser]
    ./components/items/itemDrawer/ItemDrawer.tsx [Server Component]
    ./app/dashboard/page.tsx [Server Component]

  Client Component SSR:
    ./components/ui/popover.tsx [Client Component SSR]
    ./components/collections/collectionPicker/CollectionPicker.tsx [Client Component SSR]
    ./components/items/itemDrawer/DrawerEditContent.tsx [Client Component SSR]
    ./components/items/itemDrawer/ItemDrawer.tsx [Client Component SSR]
    ./components/items/itemDrawer/ItemDrawer.tsx [Server Component]
    ./app/dashboard/page.tsx [Server Component]

https://nextjs.org/docs/messages/module-not-found @ http://localhost:3000/_next/static/chunks/node_modules_next_dist_0u_w_5s._.js:1945
[  653975ms] [ERROR] ./components/ui/popover.tsx:6:1
Module not found: Can't resolve '@/lib/utils'
  4 | import { Popover as PopoverPrimitive } from "radix-ui"
  5 |
> 6 | import { cn } from "@/lib/utils"
    | ^^^^^^^^^^^^^^^^^^^^^^^^^^^^^^^^
  7 |
  8 | function Popover({
  9 |   ...props

Import map: aliased to relative './lib/utils' inside of [project]/

Import traces:
  Client Component Browser:
    ./components/ui/popover.tsx [Client Component Browser]
    ./components/collections/collectionPicker/CollectionPicker.tsx [Client Component Browser]
    ./components/items/itemDrawer/DrawerEditContent.tsx [Client Component Browser]
    ./components/items/itemDrawer/ItemDrawer.tsx [Client Component Browser]
    ./components/items/itemDrawer/ItemDrawer.tsx [Server Component]
    ./app/dashboard/page.tsx [Server Component]

  Client Component SSR:
    ./components/ui/popover.tsx [Client Component SSR]
    ./components/collections/collectionPicker/CollectionPicker.tsx [Client Component SSR]
    ./components/items/itemDrawer/DrawerEditContent.tsx [Client Component SSR]
    ./components/items/itemDrawer/ItemDrawer.tsx [Client Component SSR]
    ./components/items/itemDrawer/ItemDrawer.tsx [Server Component]
    ./app/dashboard/page.tsx [Server Component]

https://nextjs.org/docs/messages/module-not-found @ http://localhost:3000/_next/static/chunks/node_modules_next_dist_0u_w_5s._.js:1945
[  654036ms] [ERROR] ./components/ui/popover.tsx:6:1
Module not found: Can't resolve '@/lib/utils'
  4 | import { Popover as PopoverPrimitive } from "radix-ui"
  5 |
> 6 | import { cn } from "@/lib/utils"
    | ^^^^^^^^^^^^^^^^^^^^^^^^^^^^^^^^
  7 |
  8 | function Popover({
  9 |   ...props

Import map: aliased to relative './lib/utils' inside of [project]/

Import traces:
  Client Component Browser:
    ./components/ui/popover.tsx [Client Component Browser]
    ./components/collections/collectionPicker/CollectionPicker.tsx [Client Component Browser]
    ./components/items/itemDrawer/DrawerEditContent.tsx [Client Component Browser]
    ./components/items/itemDrawer/ItemDrawer.tsx [Client Component Browser]
    ./components/items/itemDrawer/ItemDrawer.tsx [Server Component]
    ./app/dashboard/page.tsx [Server Component]

  Client Component SSR:
    ./components/ui/popover.tsx [Client Component SSR]
    ./components/collections/collectionPicker/CollectionPicker.tsx [Client Component SSR]
    ./components/items/itemDrawer/DrawerEditContent.tsx [Client Component SSR]
    ./components/items/itemDrawer/ItemDrawer.tsx [Client Component SSR]
    ./components/items/itemDrawer/ItemDrawer.tsx [Server Component]
    ./app/dashboard/page.tsx [Server Component]

https://nextjs.org/docs/messages/module-not-found @ http://localhost:3000/_next/static/chunks/node_modules_next_dist_0u_w_5s._.js:1945
[  654098ms] [ERROR] ./components/ui/popover.tsx:6:1
Module not found: Can't resolve '@/lib/utils'
  4 | import { Popover as PopoverPrimitive } from "radix-ui"
  5 |
> 6 | import { cn } from "@/lib/utils"
    | ^^^^^^^^^^^^^^^^^^^^^^^^^^^^^^^^
  7 |
  8 | function Popover({
  9 |   ...props

Import map: aliased to relative './lib/utils' inside of [project]/

Import traces:
  Client Component Browser:
    ./components/ui/popover.tsx [Client Component Browser]
    ./components/collections/collectionPicker/CollectionPicker.tsx [Client Component Browser]
    ./components/items/itemDrawer/DrawerEditContent.tsx [Client Component Browser]
    ./components/items/itemDrawer/ItemDrawer.tsx [Client Component Browser]
    ./components/items/itemDrawer/ItemDrawer.tsx [Server Component]
    ./app/dashboard/page.tsx [Server Component]

  Client Component SSR:
    ./components/ui/popover.tsx [Client Component SSR]
    ./components/collections/collectionPicker/CollectionPicker.tsx [Client Component SSR]
    ./components/items/itemDrawer/DrawerEditContent.tsx [Client Component SSR]
    ./components/items/itemDrawer/ItemDrawer.tsx [Client Component SSR]
    ./components/items/itemDrawer/ItemDrawer.tsx [Server Component]
    ./app/dashboard/page.tsx [Server Component]

https://nextjs.org/docs/messages/module-not-found @ http://localhost:3000/_next/static/chunks/node_modules_next_dist_0u_w_5s._.js:1945
[  654160ms] [ERROR] ./components/ui/popover.tsx:6:1
Module not found: Can't resolve '@/lib/utils'
  4 | import { Popover as PopoverPrimitive } from "radix-ui"
  5 |
> 6 | import { cn } from "@/lib/utils"
    | ^^^^^^^^^^^^^^^^^^^^^^^^^^^^^^^^
  7 |
  8 | function Popover({
  9 |   ...props

Import map: aliased to relative './lib/utils' inside of [project]/

Import traces:
  Client Component Browser:
    ./components/ui/popover.tsx [Client Component Browser]
    ./components/collections/collectionPicker/CollectionPicker.tsx [Client Component Browser]
    ./components/items/itemDrawer/DrawerEditContent.tsx [Client Component Browser]
    ./components/items/itemDrawer/ItemDrawer.tsx [Client Component Browser]
    ./components/items/itemDrawer/ItemDrawer.tsx [Server Component]
    ./app/dashboard/page.tsx [Server Component]

  Client Component SSR:
    ./components/ui/popover.tsx [Client Component SSR]
    ./components/collections/collectionPicker/CollectionPicker.tsx [Client Component SSR]
    ./components/items/itemDrawer/DrawerEditContent.tsx [Client Component SSR]
    ./components/items/itemDrawer/ItemDrawer.tsx [Client Component SSR]
    ./components/items/itemDrawer/ItemDrawer.tsx [Server Component]
    ./app/dashboard/page.tsx [Server Component]

https://nextjs.org/docs/messages/module-not-found @ http://localhost:3000/_next/static/chunks/node_modules_next_dist_0u_w_5s._.js:1945
[  654222ms] [ERROR] ./components/ui/popover.tsx:6:1
Module not found: Can't resolve '@/lib/utils'
  4 | import { Popover as PopoverPrimitive } from "radix-ui"
  5 |
> 6 | import { cn } from "@/lib/utils"
    | ^^^^^^^^^^^^^^^^^^^^^^^^^^^^^^^^
  7 |
  8 | function Popover({
  9 |   ...props

Import map: aliased to relative './lib/utils' inside of [project]/

Import traces:
  Client Component Browser:
    ./components/ui/popover.tsx [Client Component Browser]
    ./components/collections/collectionPicker/CollectionPicker.tsx [Client Component Browser]
    ./components/items/itemDrawer/DrawerEditContent.tsx [Client Component Browser]
    ./components/items/itemDrawer/ItemDrawer.tsx [Client Component Browser]
    ./components/items/itemDrawer/ItemDrawer.tsx [Server Component]
    ./app/dashboard/page.tsx [Server Component]

  Client Component SSR:
    ./components/ui/popover.tsx [Client Component SSR]
    ./components/collections/collectionPicker/CollectionPicker.tsx [Client Component SSR]
    ./components/items/itemDrawer/DrawerEditContent.tsx [Client Component SSR]
    ./components/items/itemDrawer/ItemDrawer.tsx [Client Component SSR]
    ./components/items/itemDrawer/ItemDrawer.tsx [Server Component]
    ./app/dashboard/page.tsx [Server Component]

https://nextjs.org/docs/messages/module-not-found @ http://localhost:3000/_next/static/chunks/node_modules_next_dist_0u_w_5s._.js:1945
[  654283ms] [ERROR] ./components/ui/popover.tsx:6:1
Module not found: Can't resolve '@/lib/utils'
  4 | import { Popover as PopoverPrimitive } from "radix-ui"
  5 |
> 6 | import { cn } from "@/lib/utils"
    | ^^^^^^^^^^^^^^^^^^^^^^^^^^^^^^^^
  7 |
  8 | function Popover({
  9 |   ...props

Import map: aliased to relative './lib/utils' inside of [project]/

Import traces:
  Client Component Browser:
    ./components/ui/popover.tsx [Client Component Browser]
    ./components/collections/collectionPicker/CollectionPicker.tsx [Client Component Browser]
    ./components/items/itemDrawer/DrawerEditContent.tsx [Client Component Browser]
    ./components/items/itemDrawer/ItemDrawer.tsx [Client Component Browser]
    ./components/items/itemDrawer/ItemDrawer.tsx [Server Component]
    ./app/dashboard/page.tsx [Server Component]

  Client Component SSR:
    ./components/ui/popover.tsx [Client Component SSR]
    ./components/collections/collectionPicker/CollectionPicker.tsx [Client Component SSR]
    ./components/items/itemDrawer/DrawerEditContent.tsx [Client Component SSR]
    ./components/items/itemDrawer/ItemDrawer.tsx [Client Component SSR]
    ./components/items/itemDrawer/ItemDrawer.tsx [Server Component]
    ./app/dashboard/page.tsx [Server Component]

https://nextjs.org/docs/messages/module-not-found @ http://localhost:3000/_next/static/chunks/node_modules_next_dist_0u_w_5s._.js:1945
[  654345ms] [ERROR] ./components/ui/popover.tsx:6:1
Module not found: Can't resolve '@/lib/utils'
  4 | import { Popover as PopoverPrimitive } from "radix-ui"
  5 |
> 6 | import { cn } from "@/lib/utils"
    | ^^^^^^^^^^^^^^^^^^^^^^^^^^^^^^^^
  7 |
  8 | function Popover({
  9 |   ...props

Import map: aliased to relative './lib/utils' inside of [project]/

Import traces:
  Client Component Browser:
    ./components/ui/popover.tsx [Client Component Browser]
    ./components/collections/collectionPicker/CollectionPicker.tsx [Client Component Browser]
    ./components/items/itemDrawer/DrawerEditContent.tsx [Client Component Browser]
    ./components/items/itemDrawer/ItemDrawer.tsx [Client Component Browser]
    ./components/items/itemDrawer/ItemDrawer.tsx [Server Component]
    ./app/dashboard/page.tsx [Server Component]

  Client Component SSR:
    ./components/ui/popover.tsx [Client Component SSR]
    ./components/collections/collectionPicker/CollectionPicker.tsx [Client Component SSR]
    ./components/items/itemDrawer/DrawerEditContent.tsx [Client Component SSR]
    ./components/items/itemDrawer/ItemDrawer.tsx [Client Component SSR]
    ./components/items/itemDrawer/ItemDrawer.tsx [Server Component]
    ./app/dashboard/page.tsx [Server Component]

https://nextjs.org/docs/messages/module-not-found @ http://localhost:3000/_next/static/chunks/node_modules_next_dist_0u_w_5s._.js:1945
[  654408ms] [ERROR] ./components/ui/popover.tsx:6:1
Module not found: Can't resolve '@/lib/utils'
  4 | import { Popover as PopoverPrimitive } from "radix-ui"
  5 |
> 6 | import { cn } from "@/lib/utils"
    | ^^^^^^^^^^^^^^^^^^^^^^^^^^^^^^^^
  7 |
  8 | function Popover({
  9 |   ...props

Import map: aliased to relative './lib/utils' inside of [project]/

Import traces:
  Client Component Browser:
    ./components/ui/popover.tsx [Client Component Browser]
    ./components/collections/collectionPicker/CollectionPicker.tsx [Client Component Browser]
    ./components/items/itemDrawer/DrawerEditContent.tsx [Client Component Browser]
    ./components/items/itemDrawer/ItemDrawer.tsx [Client Component Browser]
    ./components/items/itemDrawer/ItemDrawer.tsx [Server Component]
    ./app/dashboard/page.tsx [Server Component]

  Client Component SSR:
    ./components/ui/popover.tsx [Client Component SSR]
    ./components/collections/collectionPicker/CollectionPicker.tsx [Client Component SSR]
    ./components/items/itemDrawer/DrawerEditContent.tsx [Client Component SSR]
    ./components/items/itemDrawer/ItemDrawer.tsx [Client Component SSR]
    ./components/items/itemDrawer/ItemDrawer.tsx [Server Component]
    ./app/dashboard/page.tsx [Server Component]

https://nextjs.org/docs/messages/module-not-found @ http://localhost:3000/_next/static/chunks/node_modules_next_dist_0u_w_5s._.js:1945
[  654470ms] [ERROR] ./components/ui/popover.tsx:6:1
Module not found: Can't resolve '@/lib/utils'
  4 | import { Popover as PopoverPrimitive } from "radix-ui"
  5 |
> 6 | import { cn } from "@/lib/utils"
    | ^^^^^^^^^^^^^^^^^^^^^^^^^^^^^^^^
  7 |
  8 | function Popover({
  9 |   ...props

Import map: aliased to relative './lib/utils' inside of [project]/

Import traces:
  Client Component Browser:
    ./components/ui/popover.tsx [Client Component Browser]
    ./components/collections/collectionPicker/CollectionPicker.tsx [Client Component Browser]
    ./components/items/itemDrawer/DrawerEditContent.tsx [Client Component Browser]
    ./components/items/itemDrawer/ItemDrawer.tsx [Client Component Browser]
    ./components/items/itemDrawer/ItemDrawer.tsx [Server Component]
    ./app/dashboard/page.tsx [Server Component]

  Client Component SSR:
    ./components/ui/popover.tsx [Client Component SSR]
    ./components/collections/collectionPicker/CollectionPicker.tsx [Client Component SSR]
    ./components/items/itemDrawer/DrawerEditContent.tsx [Client Component SSR]
    ./components/items/itemDrawer/ItemDrawer.tsx [Client Component SSR]
    ./components/items/itemDrawer/ItemDrawer.tsx [Server Component]
    ./app/dashboard/page.tsx [Server Component]

https://nextjs.org/docs/messages/module-not-found @ http://localhost:3000/_next/static/chunks/node_modules_next_dist_0u_w_5s._.js:1945
[  654531ms] [ERROR] ./components/ui/popover.tsx:6:1
Module not found: Can't resolve '@/lib/utils'
  4 | import { Popover as PopoverPrimitive } from "radix-ui"
  5 |
> 6 | import { cn } from "@/lib/utils"
    | ^^^^^^^^^^^^^^^^^^^^^^^^^^^^^^^^
  7 |
  8 | function Popover({
  9 |   ...props

Import map: aliased to relative './lib/utils' inside of [project]/

Import traces:
  Client Component Browser:
    ./components/ui/popover.tsx [Client Component Browser]
    ./components/collections/collectionPicker/CollectionPicker.tsx [Client Component Browser]
    ./components/items/itemDrawer/DrawerEditContent.tsx [Client Component Browser]
    ./components/items/itemDrawer/ItemDrawer.tsx [Client Component Browser]
    ./components/items/itemDrawer/ItemDrawer.tsx [Server Component]
    ./app/dashboard/page.tsx [Server Component]

  Client Component SSR:
    ./components/ui/popover.tsx [Client Component SSR]
    ./components/collections/collectionPicker/CollectionPicker.tsx [Client Component SSR]
    ./components/items/itemDrawer/DrawerEditContent.tsx [Client Component SSR]
    ./components/items/itemDrawer/ItemDrawer.tsx [Client Component SSR]
    ./components/items/itemDrawer/ItemDrawer.tsx [Server Component]
    ./app/dashboard/page.tsx [Server Component]

https://nextjs.org/docs/messages/module-not-found @ http://localhost:3000/_next/static/chunks/node_modules_next_dist_0u_w_5s._.js:1945
[  654594ms] [ERROR] ./components/ui/popover.tsx:6:1
Module not found: Can't resolve '@/lib/utils'
  4 | import { Popover as PopoverPrimitive } from "radix-ui"
  5 |
> 6 | import { cn } from "@/lib/utils"
    | ^^^^^^^^^^^^^^^^^^^^^^^^^^^^^^^^
  7 |
  8 | function Popover({
  9 |   ...props

Import map: aliased to relative './lib/utils' inside of [project]/

Import traces:
  Client Component Browser:
    ./components/ui/popover.tsx [Client Component Browser]
    ./components/collections/collectionPicker/CollectionPicker.tsx [Client Component Browser]
    ./components/items/itemDrawer/DrawerEditContent.tsx [Client Component Browser]
    ./components/items/itemDrawer/ItemDrawer.tsx [Client Component Browser]
    ./components/items/itemDrawer/ItemDrawer.tsx [Server Component]
    ./app/dashboard/page.tsx [Server Component]

  Client Component SSR:
    ./components/ui/popover.tsx [Client Component SSR]
    ./components/collections/collectionPicker/CollectionPicker.tsx [Client Component SSR]
    ./components/items/itemDrawer/DrawerEditContent.tsx [Client Component SSR]
    ./components/items/itemDrawer/ItemDrawer.tsx [Client Component SSR]
    ./components/items/itemDrawer/ItemDrawer.tsx [Server Component]
    ./app/dashboard/page.tsx [Server Component]

https://nextjs.org/docs/messages/module-not-found @ http://localhost:3000/_next/static/chunks/node_modules_next_dist_0u_w_5s._.js:1945
[  654655ms] [ERROR] ./components/ui/popover.tsx:6:1
Module not found: Can't resolve '@/lib/utils'
  4 | import { Popover as PopoverPrimitive } from "radix-ui"
  5 |
> 6 | import { cn } from "@/lib/utils"
    | ^^^^^^^^^^^^^^^^^^^^^^^^^^^^^^^^
  7 |
  8 | function Popover({
  9 |   ...props

Import map: aliased to relative './lib/utils' inside of [project]/

Import traces:
  Client Component Browser:
    ./components/ui/popover.tsx [Client Component Browser]
    ./components/collections/collectionPicker/CollectionPicker.tsx [Client Component Browser]
    ./components/items/itemDrawer/DrawerEditContent.tsx [Client Component Browser]
    ./components/items/itemDrawer/ItemDrawer.tsx [Client Component Browser]
    ./components/items/itemDrawer/ItemDrawer.tsx [Server Component]
    ./app/dashboard/page.tsx [Server Component]

  Client Component SSR:
    ./components/ui/popover.tsx [Client Component SSR]
    ./components/collections/collectionPicker/CollectionPicker.tsx [Client Component SSR]
    ./components/items/itemDrawer/DrawerEditContent.tsx [Client Component SSR]
    ./components/items/itemDrawer/ItemDrawer.tsx [Client Component SSR]
    ./components/items/itemDrawer/ItemDrawer.tsx [Server Component]
    ./app/dashboard/page.tsx [Server Component]

https://nextjs.org/docs/messages/module-not-found @ http://localhost:3000/_next/static/chunks/node_modules_next_dist_0u_w_5s._.js:1945
[  654717ms] [ERROR] ./components/ui/popover.tsx:6:1
Module not found: Can't resolve '@/lib/utils'
  4 | import { Popover as PopoverPrimitive } from "radix-ui"
  5 |
> 6 | import { cn } from "@/lib/utils"
    | ^^^^^^^^^^^^^^^^^^^^^^^^^^^^^^^^
  7 |
  8 | function Popover({
  9 |   ...props

Import map: aliased to relative './lib/utils' inside of [project]/

Import traces:
  Client Component Browser:
    ./components/ui/popover.tsx [Client Component Browser]
    ./components/collections/collectionPicker/CollectionPicker.tsx [Client Component Browser]
    ./components/items/itemDrawer/DrawerEditContent.tsx [Client Component Browser]
    ./components/items/itemDrawer/ItemDrawer.tsx [Client Component Browser]
    ./components/items/itemDrawer/ItemDrawer.tsx [Server Component]
    ./app/dashboard/page.tsx [Server Component]

  Client Component SSR:
    ./components/ui/popover.tsx [Client Component SSR]
    ./components/collections/collectionPicker/CollectionPicker.tsx [Client Component SSR]
    ./components/items/itemDrawer/DrawerEditContent.tsx [Client Component SSR]
    ./components/items/itemDrawer/ItemDrawer.tsx [Client Component SSR]
    ./components/items/itemDrawer/ItemDrawer.tsx [Server Component]
    ./app/dashboard/page.tsx [Server Component]

https://nextjs.org/docs/messages/module-not-found @ http://localhost:3000/_next/static/chunks/node_modules_next_dist_0u_w_5s._.js:1945
[  654778ms] [ERROR] ./components/ui/popover.tsx:6:1
Module not found: Can't resolve '@/lib/utils'
  4 | import { Popover as PopoverPrimitive } from "radix-ui"
  5 |
> 6 | import { cn } from "@/lib/utils"
    | ^^^^^^^^^^^^^^^^^^^^^^^^^^^^^^^^
  7 |
  8 | function Popover({
  9 |   ...props

Import map: aliased to relative './lib/utils' inside of [project]/

Import traces:
  Client Component Browser:
    ./components/ui/popover.tsx [Client Component Browser]
    ./components/collections/collectionPicker/CollectionPicker.tsx [Client Component Browser]
    ./components/items/itemDrawer/DrawerEditContent.tsx [Client Component Browser]
    ./components/items/itemDrawer/ItemDrawer.tsx [Client Component Browser]
    ./components/items/itemDrawer/ItemDrawer.tsx [Server Component]
    ./app/dashboard/page.tsx [Server Component]

  Client Component SSR:
    ./components/ui/popover.tsx [Client Component SSR]
    ./components/collections/collectionPicker/CollectionPicker.tsx [Client Component SSR]
    ./components/items/itemDrawer/DrawerEditContent.tsx [Client Component SSR]
    ./components/items/itemDrawer/ItemDrawer.tsx [Client Component SSR]
    ./components/items/itemDrawer/ItemDrawer.tsx [Server Component]
    ./app/dashboard/page.tsx [Server Component]

https://nextjs.org/docs/messages/module-not-found @ http://localhost:3000/_next/static/chunks/node_modules_next_dist_0u_w_5s._.js:1945
[  654839ms] [ERROR] ./components/ui/popover.tsx:6:1
Module not found: Can't resolve '@/lib/utils'
  4 | import { Popover as PopoverPrimitive } from "radix-ui"
  5 |
> 6 | import { cn } from "@/lib/utils"
    | ^^^^^^^^^^^^^^^^^^^^^^^^^^^^^^^^
  7 |
  8 | function Popover({
  9 |   ...props

Import map: aliased to relative './lib/utils' inside of [project]/

Import traces:
  Client Component Browser:
    ./components/ui/popover.tsx [Client Component Browser]
    ./components/collections/collectionPicker/CollectionPicker.tsx [Client Component Browser]
    ./components/items/itemDrawer/DrawerEditContent.tsx [Client Component Browser]
    ./components/items/itemDrawer/ItemDrawer.tsx [Client Component Browser]
    ./components/items/itemDrawer/ItemDrawer.tsx [Server Component]
    ./app/dashboard/page.tsx [Server Component]

  Client Component SSR:
    ./components/ui/popover.tsx [Client Component SSR]
    ./components/collections/collectionPicker/CollectionPicker.tsx [Client Component SSR]
    ./components/items/itemDrawer/DrawerEditContent.tsx [Client Component SSR]
    ./components/items/itemDrawer/ItemDrawer.tsx [Client Component SSR]
    ./components/items/itemDrawer/ItemDrawer.tsx [Server Component]
    ./app/dashboard/page.tsx [Server Component]

https://nextjs.org/docs/messages/module-not-found @ http://localhost:3000/_next/static/chunks/node_modules_next_dist_0u_w_5s._.js:1945
[  654900ms] [LOG] [Fast Refresh] rebuilding @ http://localhost:3000/_next/static/chunks/node_modules_next_dist_0u_w_5s._.js:1226
[  655071ms] [LOG] [Fast Refresh] rebuilding @ http://localhost:3000/_next/static/chunks/node_modules_next_dist_0u_w_5s._.js:1226
[  655072ms] [ERROR] ./components/ui/popover.tsx:6:1
Module not found: Can't resolve '@/lib/utils'
  4 | import { Popover as PopoverPrimitive } from "radix-ui"
  5 |
> 6 | import { cn } from "@/lib/utils"
    | ^^^^^^^^^^^^^^^^^^^^^^^^^^^^^^^^
  7 |
  8 | function Popover({
  9 |   ...props

Import map: aliased to relative './lib/utils' inside of [project]/

Import traces:
  Client Component Browser:
    ./components/ui/popover.tsx [Client Component Browser]
    ./components/collections/collectionPicker/CollectionPicker.tsx [Client Component Browser]
    ./components/items/itemDrawer/DrawerEditContent.tsx [Client Component Browser]
    ./components/items/itemDrawer/ItemDrawer.tsx [Client Component Browser]
    ./components/items/itemDrawer/ItemDrawer.tsx [Server Component]
    ./app/dashboard/page.tsx [Server Component]

  Client Component SSR:
    ./components/ui/popover.tsx [Client Component SSR]
    ./components/collections/collectionPicker/CollectionPicker.tsx [Client Component SSR]
    ./components/items/itemDrawer/DrawerEditContent.tsx [Client Component SSR]
    ./components/items/itemDrawer/ItemDrawer.tsx [Client Component SSR]
    ./components/items/itemDrawer/ItemDrawer.tsx [Server Component]
    ./app/dashboard/page.tsx [Server Component]

https://nextjs.org/docs/messages/module-not-found @ http://localhost:3000/_next/static/chunks/node_modules_next_dist_0u_w_5s._.js:1945
[  655133ms] [ERROR] ./components/ui/popover.tsx:6:1
Module not found: Can't resolve '@/lib/utils'
  4 | import { Popover as PopoverPrimitive } from "radix-ui"
  5 |
> 6 | import { cn } from "@/lib/utils"
    | ^^^^^^^^^^^^^^^^^^^^^^^^^^^^^^^^
  7 |
  8 | function Popover({
  9 |   ...props

Import map: aliased to relative './lib/utils' inside of [project]/

Import traces:
  Client Component Browser:
    ./components/ui/popover.tsx [Client Component Browser]
    ./components/collections/collectionPicker/CollectionPicker.tsx [Client Component Browser]
    ./components/items/itemDrawer/DrawerEditContent.tsx [Client Component Browser]
    ./components/items/itemDrawer/ItemDrawer.tsx [Client Component Browser]
    ./components/items/itemDrawer/ItemDrawer.tsx [Server Component]
    ./app/dashboard/page.tsx [Server Component]

  Client Component SSR:
    ./components/ui/popover.tsx [Client Component SSR]
    ./components/collections/collectionPicker/CollectionPicker.tsx [Client Component SSR]
    ./components/items/itemDrawer/DrawerEditContent.tsx [Client Component SSR]
    ./components/items/itemDrawer/ItemDrawer.tsx [Client Component SSR]
    ./components/items/itemDrawer/ItemDrawer.tsx [Server Component]
    ./app/dashboard/page.tsx [Server Component]

https://nextjs.org/docs/messages/module-not-found @ http://localhost:3000/_next/static/chunks/node_modules_next_dist_0u_w_5s._.js:1945
[  655198ms] [ERROR] ./components/ui/popover.tsx:6:1
Module not found: Can't resolve '@/lib/utils'
  4 | import { Popover as PopoverPrimitive } from "radix-ui"
  5 |
> 6 | import { cn } from "@/lib/utils"
    | ^^^^^^^^^^^^^^^^^^^^^^^^^^^^^^^^
  7 |
  8 | function Popover({
  9 |   ...props

Import map: aliased to relative './lib/utils' inside of [project]/

Import traces:
  Client Component Browser:
    ./components/ui/popover.tsx [Client Component Browser]
    ./components/collections/collectionPicker/CollectionPicker.tsx [Client Component Browser]
    ./components/items/itemDrawer/DrawerEditContent.tsx [Client Component Browser]
    ./components/items/itemDrawer/ItemDrawer.tsx [Client Component Browser]
    ./components/items/itemDrawer/ItemDrawer.tsx [Server Component]
    ./app/dashboard/page.tsx [Server Component]

  Client Component SSR:
    ./components/ui/popover.tsx [Client Component SSR]
    ./components/collections/collectionPicker/CollectionPicker.tsx [Client Component SSR]
    ./components/items/itemDrawer/DrawerEditContent.tsx [Client Component SSR]
    ./components/items/itemDrawer/ItemDrawer.tsx [Client Component SSR]
    ./components/items/itemDrawer/ItemDrawer.tsx [Server Component]
    ./app/dashboard/page.tsx [Server Component]

https://nextjs.org/docs/messages/module-not-found @ http://localhost:3000/_next/static/chunks/node_modules_next_dist_0u_w_5s._.js:1945
[  655257ms] [ERROR] ./components/ui/popover.tsx:6:1
Module not found: Can't resolve '@/lib/utils'
  4 | import { Popover as PopoverPrimitive } from "radix-ui"
  5 |
> 6 | import { cn } from "@/lib/utils"
    | ^^^^^^^^^^^^^^^^^^^^^^^^^^^^^^^^
  7 |
  8 | function Popover({
  9 |   ...props

Import map: aliased to relative './lib/utils' inside of [project]/

Import traces:
  Client Component Browser:
    ./components/ui/popover.tsx [Client Component Browser]
    ./components/collections/collectionPicker/CollectionPicker.tsx [Client Component Browser]
    ./components/items/itemDrawer/DrawerEditContent.tsx [Client Component Browser]
    ./components/items/itemDrawer/ItemDrawer.tsx [Client Component Browser]
    ./components/items/itemDrawer/ItemDrawer.tsx [Server Component]
    ./app/dashboard/page.tsx [Server Component]

  Client Component SSR:
    ./components/ui/popover.tsx [Client Component SSR]
    ./components/collections/collectionPicker/CollectionPicker.tsx [Client Component SSR]
    ./components/items/itemDrawer/DrawerEditContent.tsx [Client Component SSR]
    ./components/items/itemDrawer/ItemDrawer.tsx [Client Component SSR]
    ./components/items/itemDrawer/ItemDrawer.tsx [Server Component]
    ./app/dashboard/page.tsx [Server Component]

https://nextjs.org/docs/messages/module-not-found @ http://localhost:3000/_next/static/chunks/node_modules_next_dist_0u_w_5s._.js:1945
[  655326ms] [ERROR] ./components/ui/popover.tsx:6:1
Module not found: Can't resolve '@/lib/utils'
  4 | import { Popover as PopoverPrimitive } from "radix-ui"
  5 |
> 6 | import { cn } from "@/lib/utils"
    | ^^^^^^^^^^^^^^^^^^^^^^^^^^^^^^^^
  7 |
  8 | function Popover({
  9 |   ...props

Import map: aliased to relative './lib/utils' inside of [project]/

Import traces:
  Client Component Browser:
    ./components/ui/popover.tsx [Client Component Browser]
    ./components/collections/collectionPicker/CollectionPicker.tsx [Client Component Browser]
    ./components/items/itemDrawer/DrawerEditContent.tsx [Client Component Browser]
    ./components/items/itemDrawer/ItemDrawer.tsx [Client Component Browser]
    ./components/items/itemDrawer/ItemDrawer.tsx [Server Component]
    ./app/dashboard/page.tsx [Server Component]

  Client Component SSR:
    ./components/ui/popover.tsx [Client Component SSR]
    ./components/collections/collectionPicker/CollectionPicker.tsx [Client Component SSR]
    ./components/items/itemDrawer/DrawerEditContent.tsx [Client Component SSR]
    ./components/items/itemDrawer/ItemDrawer.tsx [Client Component SSR]
    ./components/items/itemDrawer/ItemDrawer.tsx [Server Component]
    ./app/dashboard/page.tsx [Server Component]

https://nextjs.org/docs/messages/module-not-found @ http://localhost:3000/_next/static/chunks/node_modules_next_dist_0u_w_5s._.js:1945
[  655384ms] [ERROR] ./components/ui/popover.tsx:6:1
Module not found: Can't resolve '@/lib/utils'
  4 | import { Popover as PopoverPrimitive } from "radix-ui"
  5 |
> 6 | import { cn } from "@/lib/utils"
    | ^^^^^^^^^^^^^^^^^^^^^^^^^^^^^^^^
  7 |
  8 | function Popover({
  9 |   ...props

Import map: aliased to relative './lib/utils' inside of [project]/

Import traces:
  Client Component Browser:
    ./components/ui/popover.tsx [Client Component Browser]
    ./components/collections/collectionPicker/CollectionPicker.tsx [Client Component Browser]
    ./components/items/itemDrawer/DrawerEditContent.tsx [Client Component Browser]
    ./components/items/itemDrawer/ItemDrawer.tsx [Client Component Browser]
    ./components/items/itemDrawer/ItemDrawer.tsx [Server Component]
    ./app/dashboard/page.tsx [Server Component]

  Client Component SSR:
    ./components/ui/popover.tsx [Client Component SSR]
    ./components/collections/collectionPicker/CollectionPicker.tsx [Client Component SSR]
    ./components/items/itemDrawer/DrawerEditContent.tsx [Client Component SSR]
    ./components/items/itemDrawer/ItemDrawer.tsx [Client Component SSR]
    ./components/items/itemDrawer/ItemDrawer.tsx [Server Component]
    ./app/dashboard/page.tsx [Server Component]

https://nextjs.org/docs/messages/module-not-found @ http://localhost:3000/_next/static/chunks/node_modules_next_dist_0u_w_5s._.js:1945
[  655509ms] [ERROR] ./components/ui/popover.tsx:6:1
Module not found: Can't resolve '@/lib/utils'
  4 | import { Popover as PopoverPrimitive } from "radix-ui"
  5 |
> 6 | import { cn } from "@/lib/utils"
    | ^^^^^^^^^^^^^^^^^^^^^^^^^^^^^^^^
  7 |
  8 | function Popover({
  9 |   ...props

Import map: aliased to relative './lib/utils' inside of [project]/

Import traces:
  Client Component Browser:
    ./components/ui/popover.tsx [Client Component Browser]
    ./components/collections/collectionPicker/CollectionPicker.tsx [Client Component Browser]
    ./components/items/itemDrawer/DrawerEditContent.tsx [Client Component Browser]
    ./components/items/itemDrawer/ItemDrawer.tsx [Client Component Browser]
    ./components/items/itemDrawer/ItemDrawer.tsx [Server Component]
    ./app/dashboard/page.tsx [Server Component]

  Client Component SSR:
    ./components/ui/popover.tsx [Client Component SSR]
    ./components/collections/collectionPicker/CollectionPicker.tsx [Client Component SSR]
    ./components/items/itemDrawer/DrawerEditContent.tsx [Client Component SSR]
    ./components/items/itemDrawer/ItemDrawer.tsx [Client Component SSR]
    ./components/items/itemDrawer/ItemDrawer.tsx [Server Component]
    ./app/dashboard/page.tsx [Server Component]

https://nextjs.org/docs/messages/module-not-found @ http://localhost:3000/_next/static/chunks/node_modules_next_dist_0u_w_5s._.js:1945
[  655704ms] [ERROR] ./components/ui/popover.tsx:6:1
Module not found: Can't resolve '@/lib/utils'
  4 | import { Popover as PopoverPrimitive } from "radix-ui"
  5 |
> 6 | import { cn } from "@/lib/utils"
    | ^^^^^^^^^^^^^^^^^^^^^^^^^^^^^^^^
  7 |
  8 | function Popover({
  9 |   ...props

Import map: aliased to relative './lib/utils' inside of [project]/

Import traces:
  Client Component Browser:
    ./components/ui/popover.tsx [Client Component Browser]
    ./components/collections/collectionPicker/CollectionPicker.tsx [Client Component Browser]
    ./components/items/itemDrawer/DrawerEditContent.tsx [Client Component Browser]
    ./components/items/itemDrawer/ItemDrawer.tsx [Client Component Browser]
    ./components/items/itemDrawer/ItemDrawer.tsx [Server Component]
    ./app/dashboard/page.tsx [Server Component]

  Client Component SSR:
    ./components/ui/popover.tsx [Client Component SSR]
    ./components/collections/collectionPicker/CollectionPicker.tsx [Client Component SSR]
    ./components/items/itemDrawer/DrawerEditContent.tsx [Client Component SSR]
    ./components/items/itemDrawer/ItemDrawer.tsx [Client Component SSR]
    ./components/items/itemDrawer/ItemDrawer.tsx [Server Component]
    ./app/dashboard/page.tsx [Server Component]

https://nextjs.org/docs/messages/module-not-found @ http://localhost:3000/_next/static/chunks/node_modules_next_dist_0u_w_5s._.js:1945
[  655704ms] [LOG] [Fast Refresh] rebuilding @ http://localhost:3000/_next/static/chunks/node_modules_next_dist_0u_w_5s._.js:1226
[  655897ms] [ERROR] ./components/ui/popover.tsx:6:1
Module not found: Can't resolve '@/lib/utils'
  4 | import { Popover as PopoverPrimitive } from "radix-ui"
  5 |
> 6 | import { cn } from "@/lib/utils"
    | ^^^^^^^^^^^^^^^^^^^^^^^^^^^^^^^^
  7 |
  8 | function Popover({
  9 |   ...props

Import map: aliased to relative './lib/utils' inside of [project]/

Import traces:
  Client Component Browser:
    ./components/ui/popover.tsx [Client Component Browser]
    ./components/collections/collectionPicker/CollectionPicker.tsx [Client Component Browser]
    ./components/items/itemDrawer/DrawerEditContent.tsx [Client Component Browser]
    ./components/items/itemDrawer/ItemDrawer.tsx [Client Component Browser]
    ./components/items/itemDrawer/ItemDrawer.tsx [Server Component]
    ./app/dashboard/page.tsx [Server Component]

  Client Component SSR:
    ./components/ui/popover.tsx [Client Component SSR]
    ./components/collections/collectionPicker/CollectionPicker.tsx [Client Component SSR]
    ./components/items/itemDrawer/DrawerEditContent.tsx [Client Component SSR]
    ./components/items/itemDrawer/ItemDrawer.tsx [Client Component SSR]
    ./components/items/itemDrawer/ItemDrawer.tsx [Server Component]
    ./app/dashboard/page.tsx [Server Component]

https://nextjs.org/docs/messages/module-not-found @ http://localhost:3000/_next/static/chunks/node_modules_next_dist_0u_w_5s._.js:1945
[  656135ms] [ERROR] ./components/ui/popover.tsx:6:1
Module not found: Can't resolve '@/lib/utils'
  4 | import { Popover as PopoverPrimitive } from "radix-ui"
  5 |
> 6 | import { cn } from "@/lib/utils"
    | ^^^^^^^^^^^^^^^^^^^^^^^^^^^^^^^^
  7 |
  8 | function Popover({
  9 |   ...props

Import map: aliased to relative './lib/utils' inside of [project]/

Import traces:
  Client Component Browser:
    ./components/ui/popover.tsx [Client Component Browser]
    ./components/collections/collectionPicker/CollectionPicker.tsx [Client Component Browser]
    ./components/items/itemDrawer/DrawerEditContent.tsx [Client Component Browser]
    ./components/items/itemDrawer/ItemDrawer.tsx [Client Component Browser]
    ./components/items/itemDrawer/ItemDrawer.tsx [Server Component]
    ./app/dashboard/page.tsx [Server Component]

  Client Component SSR:
    ./components/ui/popover.tsx [Client Component SSR]
    ./components/collections/collectionPicker/CollectionPicker.tsx [Client Component SSR]
    ./components/items/itemDrawer/DrawerEditContent.tsx [Client Component SSR]
    ./components/items/itemDrawer/ItemDrawer.tsx [Client Component SSR]
    ./components/items/itemDrawer/ItemDrawer.tsx [Server Component]
    ./app/dashboard/page.tsx [Server Component]

https://nextjs.org/docs/messages/module-not-found @ http://localhost:3000/_next/static/chunks/node_modules_next_dist_0u_w_5s._.js:1945
[  656170ms] [LOG] [Fast Refresh] rebuilding @ http://localhost:3000/_next/static/chunks/node_modules_next_dist_0u_w_5s._.js:1226
[  656272ms] [ERROR] ./components/ui/popover.tsx:6:1
Module not found: Can't resolve '@/lib/utils'
  4 | import { Popover as PopoverPrimitive } from "radix-ui"
  5 |
> 6 | import { cn } from "@/lib/utils"
    | ^^^^^^^^^^^^^^^^^^^^^^^^^^^^^^^^
  7 |
  8 | function Popover({
  9 |   ...props

Import map: aliased to relative './lib/utils' inside of [project]/

Import traces:
  Client Component Browser:
    ./components/ui/popover.tsx [Client Component Browser]
    ./components/collections/collectionPicker/CollectionPicker.tsx [Client Component Browser]
    ./components/items/itemDrawer/DrawerEditContent.tsx [Client Component Browser]
    ./components/items/itemDrawer/ItemDrawer.tsx [Client Component Browser]
    ./components/items/itemDrawer/ItemDrawer.tsx [Server Component]
    ./app/dashboard/page.tsx [Server Component]

  Client Component SSR:
    ./components/ui/popover.tsx [Client Component SSR]
    ./components/collections/collectionPicker/CollectionPicker.tsx [Client Component SSR]
    ./components/items/itemDrawer/DrawerEditContent.tsx [Client Component SSR]
    ./components/items/itemDrawer/ItemDrawer.tsx [Client Component SSR]
    ./components/items/itemDrawer/ItemDrawer.tsx [Server Component]
    ./app/dashboard/page.tsx [Server Component]

https://nextjs.org/docs/messages/module-not-found @ http://localhost:3000/_next/static/chunks/node_modules_next_dist_0u_w_5s._.js:1945
[  656367ms] [ERROR] ./components/ui/popover.tsx:6:1
Module not found: Can't resolve '@/lib/utils'
  4 | import { Popover as PopoverPrimitive } from "radix-ui"
  5 |
> 6 | import { cn } from "@/lib/utils"
    | ^^^^^^^^^^^^^^^^^^^^^^^^^^^^^^^^
  7 |
  8 | function Popover({
  9 |   ...props

Import map: aliased to relative './lib/utils' inside of [project]/

Import traces:
  Client Component Browser:
    ./components/ui/popover.tsx [Client Component Browser]
    ./components/collections/collectionPicker/CollectionPicker.tsx [Client Component Browser]
    ./components/items/itemDrawer/DrawerEditContent.tsx [Client Component Browser]
    ./components/items/itemDrawer/ItemDrawer.tsx [Client Component Browser]
    ./components/items/itemDrawer/ItemDrawer.tsx [Server Component]
    ./app/dashboard/page.tsx [Server Component]

  Client Component SSR:
    ./components/ui/popover.tsx [Client Component SSR]
    ./components/collections/collectionPicker/CollectionPicker.tsx [Client Component SSR]
    ./components/items/itemDrawer/DrawerEditContent.tsx [Client Component SSR]
    ./components/items/itemDrawer/ItemDrawer.tsx [Client Component SSR]
    ./components/items/itemDrawer/ItemDrawer.tsx [Server Component]
    ./app/dashboard/page.tsx [Server Component]

https://nextjs.org/docs/messages/module-not-found @ http://localhost:3000/_next/static/chunks/node_modules_next_dist_0u_w_5s._.js:1945
[  656445ms] [ERROR] ./components/ui/popover.tsx:6:1
Module not found: Can't resolve '@/lib/utils'
  4 | import { Popover as PopoverPrimitive } from "radix-ui"
  5 |
> 6 | import { cn } from "@/lib/utils"
    | ^^^^^^^^^^^^^^^^^^^^^^^^^^^^^^^^
  7 |
  8 | function Popover({
  9 |   ...props

Import map: aliased to relative './lib/utils' inside of [project]/

Import traces:
  Client Component Browser:
    ./components/ui/popover.tsx [Client Component Browser]
    ./components/collections/collectionPicker/CollectionPicker.tsx [Client Component Browser]
    ./components/items/itemDrawer/DrawerEditContent.tsx [Client Component Browser]
    ./components/items/itemDrawer/ItemDrawer.tsx [Client Component Browser]
    ./components/items/itemDrawer/ItemDrawer.tsx [Server Component]
    ./app/dashboard/page.tsx [Server Component]

  Client Component SSR:
    ./components/ui/popover.tsx [Client Component SSR]
    ./components/collections/collectionPicker/CollectionPicker.tsx [Client Component SSR]
    ./components/items/itemDrawer/DrawerEditContent.tsx [Client Component SSR]
    ./components/items/itemDrawer/ItemDrawer.tsx [Client Component SSR]
    ./components/items/itemDrawer/ItemDrawer.tsx [Server Component]
    ./app/dashboard/page.tsx [Server Component]

https://nextjs.org/docs/messages/module-not-found @ http://localhost:3000/_next/static/chunks/node_modules_next_dist_0u_w_5s._.js:1945
[  656542ms] [ERROR] ./components/ui/popover.tsx:6:1
Module not found: Can't resolve '@/lib/utils'
  4 | import { Popover as PopoverPrimitive } from "radix-ui"
  5 |
> 6 | import { cn } from "@/lib/utils"
    | ^^^^^^^^^^^^^^^^^^^^^^^^^^^^^^^^
  7 |
  8 | function Popover({
  9 |   ...props

Import map: aliased to relative './lib/utils' inside of [project]/

Import traces:
  Client Component Browser:
    ./components/ui/popover.tsx [Client Component Browser]
    ./components/collections/collectionPicker/CollectionPicker.tsx [Client Component Browser]
    ./components/items/itemDrawer/DrawerEditContent.tsx [Client Component Browser]
    ./components/items/itemDrawer/ItemDrawer.tsx [Client Component Browser]
    ./components/items/itemDrawer/ItemDrawer.tsx [Server Component]
    ./app/dashboard/page.tsx [Server Component]

  Client Component SSR:
    ./components/ui/popover.tsx [Client Component SSR]
    ./components/collections/collectionPicker/CollectionPicker.tsx [Client Component SSR]
    ./components/items/itemDrawer/DrawerEditContent.tsx [Client Component SSR]
    ./components/items/itemDrawer/ItemDrawer.tsx [Client Component SSR]
    ./components/items/itemDrawer/ItemDrawer.tsx [Server Component]
    ./app/dashboard/page.tsx [Server Component]

https://nextjs.org/docs/messages/module-not-found @ http://localhost:3000/_next/static/chunks/node_modules_next_dist_0u_w_5s._.js:1945
[  656661ms] [ERROR] ./components/ui/popover.tsx:6:1
Module not found: Can't resolve '@/lib/utils'
  4 | import { Popover as PopoverPrimitive } from "radix-ui"
  5 |
> 6 | import { cn } from "@/lib/utils"
    | ^^^^^^^^^^^^^^^^^^^^^^^^^^^^^^^^
  7 |
  8 | function Popover({
  9 |   ...props

Import map: aliased to relative './lib/utils' inside of [project]/

Import traces:
  Client Component Browser:
    ./components/ui/popover.tsx [Client Component Browser]
    ./components/collections/collectionPicker/CollectionPicker.tsx [Client Component Browser]
    ./components/items/itemDrawer/DrawerEditContent.tsx [Client Component Browser]
    ./components/items/itemDrawer/ItemDrawer.tsx [Client Component Browser]
    ./components/items/itemDrawer/ItemDrawer.tsx [Server Component]
    ./app/dashboard/page.tsx [Server Component]

  Client Component SSR:
    ./components/ui/popover.tsx [Client Component SSR]
    ./components/collections/collectionPicker/CollectionPicker.tsx [Client Component SSR]
    ./components/items/itemDrawer/DrawerEditContent.tsx [Client Component SSR]
    ./components/items/itemDrawer/ItemDrawer.tsx [Client Component SSR]
    ./components/items/itemDrawer/ItemDrawer.tsx [Server Component]
    ./app/dashboard/page.tsx [Server Component]

https://nextjs.org/docs/messages/module-not-found @ http://localhost:3000/_next/static/chunks/node_modules_next_dist_0u_w_5s._.js:1945
[  656782ms] [ERROR] ./components/ui/popover.tsx:6:1
Module not found: Can't resolve '@/lib/utils'
  4 | import { Popover as PopoverPrimitive } from "radix-ui"
  5 |
> 6 | import { cn } from "@/lib/utils"
    | ^^^^^^^^^^^^^^^^^^^^^^^^^^^^^^^^
  7 |
  8 | function Popover({
  9 |   ...props

Import map: aliased to relative './lib/utils' inside of [project]/

Import traces:
  Client Component Browser:
    ./components/ui/popover.tsx [Client Component Browser]
    ./components/collections/collectionPicker/CollectionPicker.tsx [Client Component Browser]
    ./components/items/itemDrawer/DrawerEditContent.tsx [Client Component Browser]
    ./components/items/itemDrawer/ItemDrawer.tsx [Client Component Browser]
    ./components/items/itemDrawer/ItemDrawer.tsx [Server Component]
    ./app/dashboard/page.tsx [Server Component]

  Client Component SSR:
    ./components/ui/popover.tsx [Client Component SSR]
    ./components/collections/collectionPicker/CollectionPicker.tsx [Client Component SSR]
    ./components/items/itemDrawer/DrawerEditContent.tsx [Client Component SSR]
    ./components/items/itemDrawer/ItemDrawer.tsx [Client Component SSR]
    ./components/items/itemDrawer/ItemDrawer.tsx [Server Component]
    ./app/dashboard/page.tsx [Server Component]

https://nextjs.org/docs/messages/module-not-found @ http://localhost:3000/_next/static/chunks/node_modules_next_dist_0u_w_5s._.js:1945
[  656930ms] [ERROR] ./components/ui/popover.tsx:6:1
Module not found: Can't resolve '@/lib/utils'
  4 | import { Popover as PopoverPrimitive } from "radix-ui"
  5 |
> 6 | import { cn } from "@/lib/utils"
    | ^^^^^^^^^^^^^^^^^^^^^^^^^^^^^^^^
  7 |
  8 | function Popover({
  9 |   ...props

Import map: aliased to relative './lib/utils' inside of [project]/

Import traces:
  Client Component Browser:
    ./components/ui/popover.tsx [Client Component Browser]
    ./components/collections/collectionPicker/CollectionPicker.tsx [Client Component Browser]
    ./components/items/itemDrawer/DrawerEditContent.tsx [Client Component Browser]
    ./components/items/itemDrawer/ItemDrawer.tsx [Client Component Browser]
    ./components/items/itemDrawer/ItemDrawer.tsx [Server Component]
    ./app/dashboard/page.tsx [Server Component]

  Client Component SSR:
    ./components/ui/popover.tsx [Client Component SSR]
    ./components/collections/collectionPicker/CollectionPicker.tsx [Client Component SSR]
    ./components/items/itemDrawer/DrawerEditContent.tsx [Client Component SSR]
    ./components/items/itemDrawer/ItemDrawer.tsx [Client Component SSR]
    ./components/items/itemDrawer/ItemDrawer.tsx [Server Component]
    ./app/dashboard/page.tsx [Server Component]

https://nextjs.org/docs/messages/module-not-found @ http://localhost:3000/_next/static/chunks/node_modules_next_dist_0u_w_5s._.js:1945
[  657007ms] [ERROR] ./components/ui/popover.tsx:6:1
Module not found: Can't resolve '@/lib/utils'
  4 | import { Popover as PopoverPrimitive } from "radix-ui"
  5 |
> 6 | import { cn } from "@/lib/utils"
    | ^^^^^^^^^^^^^^^^^^^^^^^^^^^^^^^^
  7 |
  8 | function Popover({
  9 |   ...props

Import map: aliased to relative './lib/utils' inside of [project]/

Import traces:
  Client Component Browser:
    ./components/ui/popover.tsx [Client Component Browser]
    ./components/collections/collectionPicker/CollectionPicker.tsx [Client Component Browser]
    ./components/items/itemDrawer/DrawerEditContent.tsx [Client Component Browser]
    ./components/items/itemDrawer/ItemDrawer.tsx [Client Component Browser]
    ./components/items/itemDrawer/ItemDrawer.tsx [Server Component]
    ./app/dashboard/page.tsx [Server Component]

  Client Component SSR:
    ./components/ui/popover.tsx [Client Component SSR]
    ./components/collections/collectionPicker/CollectionPicker.tsx [Client Component SSR]
    ./components/items/itemDrawer/DrawerEditContent.tsx [Client Component SSR]
    ./components/items/itemDrawer/ItemDrawer.tsx [Client Component SSR]
    ./components/items/itemDrawer/ItemDrawer.tsx [Server Component]
    ./app/dashboard/page.tsx [Server Component]

https://nextjs.org/docs/messages/module-not-found @ http://localhost:3000/_next/static/chunks/node_modules_next_dist_0u_w_5s._.js:1945
[  657090ms] [ERROR] ./components/ui/popover.tsx:6:1
Module not found: Can't resolve '@/lib/utils'
  4 | import { Popover as PopoverPrimitive } from "radix-ui"
  5 |
> 6 | import { cn } from "@/lib/utils"
    | ^^^^^^^^^^^^^^^^^^^^^^^^^^^^^^^^
  7 |
  8 | function Popover({
  9 |   ...props

Import map: aliased to relative './lib/utils' inside of [project]/

Import traces:
  Client Component Browser:
    ./components/ui/popover.tsx [Client Component Browser]
    ./components/collections/collectionPicker/CollectionPicker.tsx [Client Component Browser]
    ./components/items/itemDrawer/DrawerEditContent.tsx [Client Component Browser]
    ./components/items/itemDrawer/ItemDrawer.tsx [Client Component Browser]
    ./components/items/itemDrawer/ItemDrawer.tsx [Server Component]
    ./app/dashboard/page.tsx [Server Component]

  Client Component SSR:
    ./components/ui/popover.tsx [Client Component SSR]
    ./components/collections/collectionPicker/CollectionPicker.tsx [Client Component SSR]
    ./components/items/itemDrawer/DrawerEditContent.tsx [Client Component SSR]
    ./components/items/itemDrawer/ItemDrawer.tsx [Client Component SSR]
    ./components/items/itemDrawer/ItemDrawer.tsx [Server Component]
    ./app/dashboard/page.tsx [Server Component]

https://nextjs.org/docs/messages/module-not-found @ http://localhost:3000/_next/static/chunks/node_modules_next_dist_0u_w_5s._.js:1945
[  657148ms] [ERROR] ./components/ui/popover.tsx:6:1
Module not found: Can't resolve '@/lib/utils'
  4 | import { Popover as PopoverPrimitive } from "radix-ui"
  5 |
> 6 | import { cn } from "@/lib/utils"
    | ^^^^^^^^^^^^^^^^^^^^^^^^^^^^^^^^
  7 |
  8 | function Popover({
  9 |   ...props

Import map: aliased to relative './lib/utils' inside of [project]/

Import traces:
  Client Component Browser:
    ./components/ui/popover.tsx [Client Component Browser]
    ./components/collections/collectionPicker/CollectionPicker.tsx [Client Component Browser]
    ./components/items/itemDrawer/DrawerEditContent.tsx [Client Component Browser]
    ./components/items/itemDrawer/ItemDrawer.tsx [Client Component Browser]
    ./components/items/itemDrawer/ItemDrawer.tsx [Server Component]
    ./app/dashboard/page.tsx [Server Component]

  Client Component SSR:
    ./components/ui/popover.tsx [Client Component SSR]
    ./components/collections/collectionPicker/CollectionPicker.tsx [Client Component SSR]
    ./components/items/itemDrawer/DrawerEditContent.tsx [Client Component SSR]
    ./components/items/itemDrawer/ItemDrawer.tsx [Client Component SSR]
    ./components/items/itemDrawer/ItemDrawer.tsx [Server Component]
    ./app/dashboard/page.tsx [Server Component]

https://nextjs.org/docs/messages/module-not-found @ http://localhost:3000/_next/static/chunks/node_modules_next_dist_0u_w_5s._.js:1945
[  657209ms] [ERROR] ./components/ui/popover.tsx:6:1
Module not found: Can't resolve '@/lib/utils'
  4 | import { Popover as PopoverPrimitive } from "radix-ui"
  5 |
> 6 | import { cn } from "@/lib/utils"
    | ^^^^^^^^^^^^^^^^^^^^^^^^^^^^^^^^
  7 |
  8 | function Popover({
  9 |   ...props

Import map: aliased to relative './lib/utils' inside of [project]/

Import traces:
  Client Component Browser:
    ./components/ui/popover.tsx [Client Component Browser]
    ./components/collections/collectionPicker/CollectionPicker.tsx [Client Component Browser]
    ./components/items/itemDrawer/DrawerEditContent.tsx [Client Component Browser]
    ./components/items/itemDrawer/ItemDrawer.tsx [Client Component Browser]
    ./components/items/itemDrawer/ItemDrawer.tsx [Server Component]
    ./app/dashboard/page.tsx [Server Component]

  Client Component SSR:
    ./components/ui/popover.tsx [Client Component SSR]
    ./components/collections/collectionPicker/CollectionPicker.tsx [Client Component SSR]
    ./components/items/itemDrawer/DrawerEditContent.tsx [Client Component SSR]
    ./components/items/itemDrawer/ItemDrawer.tsx [Client Component SSR]
    ./components/items/itemDrawer/ItemDrawer.tsx [Server Component]
    ./app/dashboard/page.tsx [Server Component]

https://nextjs.org/docs/messages/module-not-found @ http://localhost:3000/_next/static/chunks/node_modules_next_dist_0u_w_5s._.js:1945
[  657283ms] [ERROR] ./components/ui/popover.tsx:6:1
Module not found: Can't resolve '@/lib/utils'
  4 | import { Popover as PopoverPrimitive } from "radix-ui"
  5 |
> 6 | import { cn } from "@/lib/utils"
    | ^^^^^^^^^^^^^^^^^^^^^^^^^^^^^^^^
  7 |
  8 | function Popover({
  9 |   ...props

Import map: aliased to relative './lib/utils' inside of [project]/

Import traces:
  Client Component Browser:
    ./components/ui/popover.tsx [Client Component Browser]
    ./components/collections/collectionPicker/CollectionPicker.tsx [Client Component Browser]
    ./components/items/itemDrawer/DrawerEditContent.tsx [Client Component Browser]
    ./components/items/itemDrawer/ItemDrawer.tsx [Client Component Browser]
    ./components/items/itemDrawer/ItemDrawer.tsx [Server Component]
    ./app/dashboard/page.tsx [Server Component]

  Client Component SSR:
    ./components/ui/popover.tsx [Client Component SSR]
    ./components/collections/collectionPicker/CollectionPicker.tsx [Client Component SSR]
    ./components/items/itemDrawer/DrawerEditContent.tsx [Client Component SSR]
    ./components/items/itemDrawer/ItemDrawer.tsx [Client Component SSR]
    ./components/items/itemDrawer/ItemDrawer.tsx [Server Component]
    ./app/dashboard/page.tsx [Server Component]

https://nextjs.org/docs/messages/module-not-found @ http://localhost:3000/_next/static/chunks/node_modules_next_dist_0u_w_5s._.js:1945
[  657362ms] [ERROR] ./components/ui/popover.tsx:6:1
Module not found: Can't resolve '@/lib/utils'
  4 | import { Popover as PopoverPrimitive } from "radix-ui"
  5 |
> 6 | import { cn } from "@/lib/utils"
    | ^^^^^^^^^^^^^^^^^^^^^^^^^^^^^^^^
  7 |
  8 | function Popover({
  9 |   ...props

Import map: aliased to relative './lib/utils' inside of [project]/

Import traces:
  Client Component Browser:
    ./components/ui/popover.tsx [Client Component Browser]
    ./components/collections/collectionPicker/CollectionPicker.tsx [Client Component Browser]
    ./components/items/itemDrawer/DrawerEditContent.tsx [Client Component Browser]
    ./components/items/itemDrawer/ItemDrawer.tsx [Client Component Browser]
    ./components/items/itemDrawer/ItemDrawer.tsx [Server Component]
    ./app/dashboard/page.tsx [Server Component]

  Client Component SSR:
    ./components/ui/popover.tsx [Client Component SSR]
    ./components/collections/collectionPicker/CollectionPicker.tsx [Client Component SSR]
    ./components/items/itemDrawer/DrawerEditContent.tsx [Client Component SSR]
    ./components/items/itemDrawer/ItemDrawer.tsx [Client Component SSR]
    ./components/items/itemDrawer/ItemDrawer.tsx [Server Component]
    ./app/dashboard/page.tsx [Server Component]

https://nextjs.org/docs/messages/module-not-found @ http://localhost:3000/_next/static/chunks/node_modules_next_dist_0u_w_5s._.js:1945
[  657427ms] [ERROR] ./components/ui/popover.tsx:6:1
Module not found: Can't resolve '@/lib/utils'
  4 | import { Popover as PopoverPrimitive } from "radix-ui"
  5 |
> 6 | import { cn } from "@/lib/utils"
    | ^^^^^^^^^^^^^^^^^^^^^^^^^^^^^^^^
  7 |
  8 | function Popover({
  9 |   ...props

Import map: aliased to relative './lib/utils' inside of [project]/

Import traces:
  Client Component Browser:
    ./components/ui/popover.tsx [Client Component Browser]
    ./components/collections/collectionPicker/CollectionPicker.tsx [Client Component Browser]
    ./components/items/itemDrawer/DrawerEditContent.tsx [Client Component Browser]
    ./components/items/itemDrawer/ItemDrawer.tsx [Client Component Browser]
    ./components/items/itemDrawer/ItemDrawer.tsx [Server Component]
    ./app/dashboard/page.tsx [Server Component]

  Client Component SSR:
    ./components/ui/popover.tsx [Client Component SSR]
    ./components/collections/collectionPicker/CollectionPicker.tsx [Client Component SSR]
    ./components/items/itemDrawer/DrawerEditContent.tsx [Client Component SSR]
    ./components/items/itemDrawer/ItemDrawer.tsx [Client Component SSR]
    ./components/items/itemDrawer/ItemDrawer.tsx [Server Component]
    ./app/dashboard/page.tsx [Server Component]

https://nextjs.org/docs/messages/module-not-found @ http://localhost:3000/_next/static/chunks/node_modules_next_dist_0u_w_5s._.js:1945
[  657490ms] [ERROR] ./components/ui/popover.tsx:6:1
Module not found: Can't resolve '@/lib/utils'
  4 | import { Popover as PopoverPrimitive } from "radix-ui"
  5 |
> 6 | import { cn } from "@/lib/utils"
    | ^^^^^^^^^^^^^^^^^^^^^^^^^^^^^^^^
  7 |
  8 | function Popover({
  9 |   ...props

Import map: aliased to relative './lib/utils' inside of [project]/

Import traces:
  Client Component Browser:
    ./components/ui/popover.tsx [Client Component Browser]
    ./components/collections/collectionPicker/CollectionPicker.tsx [Client Component Browser]
    ./components/items/itemDrawer/DrawerEditContent.tsx [Client Component Browser]
    ./components/items/itemDrawer/ItemDrawer.tsx [Client Component Browser]
    ./components/items/itemDrawer/ItemDrawer.tsx [Server Component]
    ./app/dashboard/page.tsx [Server Component]

  Client Component SSR:
    ./components/ui/popover.tsx [Client Component SSR]
    ./components/collections/collectionPicker/CollectionPicker.tsx [Client Component SSR]
    ./components/items/itemDrawer/DrawerEditContent.tsx [Client Component SSR]
    ./components/items/itemDrawer/ItemDrawer.tsx [Client Component SSR]
    ./components/items/itemDrawer/ItemDrawer.tsx [Server Component]
    ./app/dashboard/page.tsx [Server Component]

https://nextjs.org/docs/messages/module-not-found @ http://localhost:3000/_next/static/chunks/node_modules_next_dist_0u_w_5s._.js:1945
[  657550ms] [ERROR] ./components/ui/popover.tsx:6:1
Module not found: Can't resolve '@/lib/utils'
  4 | import { Popover as PopoverPrimitive } from "radix-ui"
  5 |
> 6 | import { cn } from "@/lib/utils"
    | ^^^^^^^^^^^^^^^^^^^^^^^^^^^^^^^^
  7 |
  8 | function Popover({
  9 |   ...props

Import map: aliased to relative './lib/utils' inside of [project]/

Import traces:
  Client Component Browser:
    ./components/ui/popover.tsx [Client Component Browser]
    ./components/collections/collectionPicker/CollectionPicker.tsx [Client Component Browser]
    ./components/items/itemDrawer/DrawerEditContent.tsx [Client Component Browser]
    ./components/items/itemDrawer/ItemDrawer.tsx [Client Component Browser]
    ./components/items/itemDrawer/ItemDrawer.tsx [Server Component]
    ./app/dashboard/page.tsx [Server Component]

  Client Component SSR:
    ./components/ui/popover.tsx [Client Component SSR]
    ./components/collections/collectionPicker/CollectionPicker.tsx [Client Component SSR]
    ./components/items/itemDrawer/DrawerEditContent.tsx [Client Component SSR]
    ./components/items/itemDrawer/ItemDrawer.tsx [Client Component SSR]
    ./components/items/itemDrawer/ItemDrawer.tsx [Server Component]
    ./app/dashboard/page.tsx [Server Component]

https://nextjs.org/docs/messages/module-not-found @ http://localhost:3000/_next/static/chunks/node_modules_next_dist_0u_w_5s._.js:1945
[  657611ms] [ERROR] ./components/ui/popover.tsx:6:1
Module not found: Can't resolve '@/lib/utils'
  4 | import { Popover as PopoverPrimitive } from "radix-ui"
  5 |
> 6 | import { cn } from "@/lib/utils"
    | ^^^^^^^^^^^^^^^^^^^^^^^^^^^^^^^^
  7 |
  8 | function Popover({
  9 |   ...props

Import map: aliased to relative './lib/utils' inside of [project]/

Import traces:
  Client Component Browser:
    ./components/ui/popover.tsx [Client Component Browser]
    ./components/collections/collectionPicker/CollectionPicker.tsx [Client Component Browser]
    ./components/items/itemDrawer/DrawerEditContent.tsx [Client Component Browser]
    ./components/items/itemDrawer/ItemDrawer.tsx [Client Component Browser]
    ./components/items/itemDrawer/ItemDrawer.tsx [Server Component]
    ./app/dashboard/page.tsx [Server Component]

  Client Component SSR:
    ./components/ui/popover.tsx [Client Component SSR]
    ./components/collections/collectionPicker/CollectionPicker.tsx [Client Component SSR]
    ./components/items/itemDrawer/DrawerEditContent.tsx [Client Component SSR]
    ./components/items/itemDrawer/ItemDrawer.tsx [Client Component SSR]
    ./components/items/itemDrawer/ItemDrawer.tsx [Server Component]
    ./app/dashboard/page.tsx [Server Component]

https://nextjs.org/docs/messages/module-not-found @ http://localhost:3000/_next/static/chunks/node_modules_next_dist_0u_w_5s._.js:1945
[  657671ms] [ERROR] ./components/ui/popover.tsx:6:1
Module not found: Can't resolve '@/lib/utils'
  4 | import { Popover as PopoverPrimitive } from "radix-ui"
  5 |
> 6 | import { cn } from "@/lib/utils"
    | ^^^^^^^^^^^^^^^^^^^^^^^^^^^^^^^^
  7 |
  8 | function Popover({
  9 |   ...props

Import map: aliased to relative './lib/utils' inside of [project]/

Import traces:
  Client Component Browser:
    ./components/ui/popover.tsx [Client Component Browser]
    ./components/collections/collectionPicker/CollectionPicker.tsx [Client Component Browser]
    ./components/items/itemDrawer/DrawerEditContent.tsx [Client Component Browser]
    ./components/items/itemDrawer/ItemDrawer.tsx [Client Component Browser]
    ./components/items/itemDrawer/ItemDrawer.tsx [Server Component]
    ./app/dashboard/page.tsx [Server Component]

  Client Component SSR:
    ./components/ui/popover.tsx [Client Component SSR]
    ./components/collections/collectionPicker/CollectionPicker.tsx [Client Component SSR]
    ./components/items/itemDrawer/DrawerEditContent.tsx [Client Component SSR]
    ./components/items/itemDrawer/ItemDrawer.tsx [Client Component SSR]
    ./components/items/itemDrawer/ItemDrawer.tsx [Server Component]
    ./app/dashboard/page.tsx [Server Component]

https://nextjs.org/docs/messages/module-not-found @ http://localhost:3000/_next/static/chunks/node_modules_next_dist_0u_w_5s._.js:1945
[  657733ms] [ERROR] ./components/ui/popover.tsx:6:1
Module not found: Can't resolve '@/lib/utils'
  4 | import { Popover as PopoverPrimitive } from "radix-ui"
  5 |
> 6 | import { cn } from "@/lib/utils"
    | ^^^^^^^^^^^^^^^^^^^^^^^^^^^^^^^^
  7 |
  8 | function Popover({
  9 |   ...props

Import map: aliased to relative './lib/utils' inside of [project]/

Import traces:
  Client Component Browser:
    ./components/ui/popover.tsx [Client Component Browser]
    ./components/collections/collectionPicker/CollectionPicker.tsx [Client Component Browser]
    ./components/items/itemDrawer/DrawerEditContent.tsx [Client Component Browser]
    ./components/items/itemDrawer/ItemDrawer.tsx [Client Component Browser]
    ./components/items/itemDrawer/ItemDrawer.tsx [Server Component]
    ./app/dashboard/page.tsx [Server Component]

  Client Component SSR:
    ./components/ui/popover.tsx [Client Component SSR]
    ./components/collections/collectionPicker/CollectionPicker.tsx [Client Component SSR]
    ./components/items/itemDrawer/DrawerEditContent.tsx [Client Component SSR]
    ./components/items/itemDrawer/ItemDrawer.tsx [Client Component SSR]
    ./components/items/itemDrawer/ItemDrawer.tsx [Server Component]
    ./app/dashboard/page.tsx [Server Component]

https://nextjs.org/docs/messages/module-not-found @ http://localhost:3000/_next/static/chunks/node_modules_next_dist_0u_w_5s._.js:1945
[  657796ms] [ERROR] ./components/ui/popover.tsx:6:1
Module not found: Can't resolve '@/lib/utils'
  4 | import { Popover as PopoverPrimitive } from "radix-ui"
  5 |
> 6 | import { cn } from "@/lib/utils"
    | ^^^^^^^^^^^^^^^^^^^^^^^^^^^^^^^^
  7 |
  8 | function Popover({
  9 |   ...props

Import map: aliased to relative './lib/utils' inside of [project]/

Import traces:
  Client Component Browser:
    ./components/ui/popover.tsx [Client Component Browser]
    ./components/collections/collectionPicker/CollectionPicker.tsx [Client Component Browser]
    ./components/items/itemDrawer/DrawerEditContent.tsx [Client Component Browser]
    ./components/items/itemDrawer/ItemDrawer.tsx [Client Component Browser]
    ./components/items/itemDrawer/ItemDrawer.tsx [Server Component]
    ./app/dashboard/page.tsx [Server Component]

  Client Component SSR:
    ./components/ui/popover.tsx [Client Component SSR]
    ./components/collections/collectionPicker/CollectionPicker.tsx [Client Component SSR]
    ./components/items/itemDrawer/DrawerEditContent.tsx [Client Component SSR]
    ./components/items/itemDrawer/ItemDrawer.tsx [Client Component SSR]
    ./components/items/itemDrawer/ItemDrawer.tsx [Server Component]
    ./app/dashboard/page.tsx [Server Component]

https://nextjs.org/docs/messages/module-not-found @ http://localhost:3000/_next/static/chunks/node_modules_next_dist_0u_w_5s._.js:1945
[  657858ms] [ERROR] ./components/ui/popover.tsx:6:1
Module not found: Can't resolve '@/lib/utils'
  4 | import { Popover as PopoverPrimitive } from "radix-ui"
  5 |
> 6 | import { cn } from "@/lib/utils"
    | ^^^^^^^^^^^^^^^^^^^^^^^^^^^^^^^^
  7 |
  8 | function Popover({
  9 |   ...props

Import map: aliased to relative './lib/utils' inside of [project]/

Import traces:
  Client Component Browser:
    ./components/ui/popover.tsx [Client Component Browser]
    ./components/collections/collectionPicker/CollectionPicker.tsx [Client Component Browser]
    ./components/items/itemDrawer/DrawerEditContent.tsx [Client Component Browser]
    ./components/items/itemDrawer/ItemDrawer.tsx [Client Component Browser]
    ./components/items/itemDrawer/ItemDrawer.tsx [Server Component]
    ./app/dashboard/page.tsx [Server Component]

  Client Component SSR:
    ./components/ui/popover.tsx [Client Component SSR]
    ./components/collections/collectionPicker/CollectionPicker.tsx [Client Component SSR]
    ./components/items/itemDrawer/DrawerEditContent.tsx [Client Component SSR]
    ./components/items/itemDrawer/ItemDrawer.tsx [Client Component SSR]
    ./components/items/itemDrawer/ItemDrawer.tsx [Server Component]
    ./app/dashboard/page.tsx [Server Component]

https://nextjs.org/docs/messages/module-not-found @ http://localhost:3000/_next/static/chunks/node_modules_next_dist_0u_w_5s._.js:1945
[  657925ms] [ERROR] ./components/ui/popover.tsx:6:1
Module not found: Can't resolve '@/lib/utils'
  4 | import { Popover as PopoverPrimitive } from "radix-ui"
  5 |
> 6 | import { cn } from "@/lib/utils"
    | ^^^^^^^^^^^^^^^^^^^^^^^^^^^^^^^^
  7 |
  8 | function Popover({
  9 |   ...props

Import map: aliased to relative './lib/utils' inside of [project]/

Import traces:
  Client Component Browser:
    ./components/ui/popover.tsx [Client Component Browser]
    ./components/collections/collectionPicker/CollectionPicker.tsx [Client Component Browser]
    ./components/items/itemDrawer/DrawerEditContent.tsx [Client Component Browser]
    ./components/items/itemDrawer/ItemDrawer.tsx [Client Component Browser]
    ./components/items/itemDrawer/ItemDrawer.tsx [Server Component]
    ./app/dashboard/page.tsx [Server Component]

  Client Component SSR:
    ./components/ui/popover.tsx [Client Component SSR]
    ./components/collections/collectionPicker/CollectionPicker.tsx [Client Component SSR]
    ./components/items/itemDrawer/DrawerEditContent.tsx [Client Component SSR]
    ./components/items/itemDrawer/ItemDrawer.tsx [Client Component SSR]
    ./components/items/itemDrawer/ItemDrawer.tsx [Server Component]
    ./app/dashboard/page.tsx [Server Component]

https://nextjs.org/docs/messages/module-not-found @ http://localhost:3000/_next/static/chunks/node_modules_next_dist_0u_w_5s._.js:1945
[  657982ms] [ERROR] ./components/ui/popover.tsx:6:1
Module not found: Can't resolve '@/lib/utils'
  4 | import { Popover as PopoverPrimitive } from "radix-ui"
  5 |
> 6 | import { cn } from "@/lib/utils"
    | ^^^^^^^^^^^^^^^^^^^^^^^^^^^^^^^^
  7 |
  8 | function Popover({
  9 |   ...props

Import map: aliased to relative './lib/utils' inside of [project]/

Import traces:
  Client Component Browser:
    ./components/ui/popover.tsx [Client Component Browser]
    ./components/collections/collectionPicker/CollectionPicker.tsx [Client Component Browser]
    ./components/items/itemDrawer/DrawerEditContent.tsx [Client Component Browser]
    ./components/items/itemDrawer/ItemDrawer.tsx [Client Component Browser]
    ./components/items/itemDrawer/ItemDrawer.tsx [Server Component]
    ./app/dashboard/page.tsx [Server Component]

  Client Component SSR:
    ./components/ui/popover.tsx [Client Component SSR]
    ./components/collections/collectionPicker/CollectionPicker.tsx [Client Component SSR]
    ./components/items/itemDrawer/DrawerEditContent.tsx [Client Component SSR]
    ./components/items/itemDrawer/ItemDrawer.tsx [Client Component SSR]
    ./components/items/itemDrawer/ItemDrawer.tsx [Server Component]
    ./app/dashboard/page.tsx [Server Component]

https://nextjs.org/docs/messages/module-not-found @ http://localhost:3000/_next/static/chunks/node_modules_next_dist_0u_w_5s._.js:1945
[  658043ms] [ERROR] ./components/ui/popover.tsx:6:1
Module not found: Can't resolve '@/lib/utils'
  4 | import { Popover as PopoverPrimitive } from "radix-ui"
  5 |
> 6 | import { cn } from "@/lib/utils"
    | ^^^^^^^^^^^^^^^^^^^^^^^^^^^^^^^^
  7 |
  8 | function Popover({
  9 |   ...props

Import map: aliased to relative './lib/utils' inside of [project]/

Import traces:
  Client Component Browser:
    ./components/ui/popover.tsx [Client Component Browser]
    ./components/collections/collectionPicker/CollectionPicker.tsx [Client Component Browser]
    ./components/items/itemDrawer/DrawerEditContent.tsx [Client Component Browser]
    ./components/items/itemDrawer/ItemDrawer.tsx [Client Component Browser]
    ./components/items/itemDrawer/ItemDrawer.tsx [Server Component]
    ./app/dashboard/page.tsx [Server Component]

  Client Component SSR:
    ./components/ui/popover.tsx [Client Component SSR]
    ./components/collections/collectionPicker/CollectionPicker.tsx [Client Component SSR]
    ./components/items/itemDrawer/DrawerEditContent.tsx [Client Component SSR]
    ./components/items/itemDrawer/ItemDrawer.tsx [Client Component SSR]
    ./components/items/itemDrawer/ItemDrawer.tsx [Server Component]
    ./app/dashboard/page.tsx [Server Component]

https://nextjs.org/docs/messages/module-not-found @ http://localhost:3000/_next/static/chunks/node_modules_next_dist_0u_w_5s._.js:1945
[  658105ms] [ERROR] ./components/ui/popover.tsx:6:1
Module not found: Can't resolve '@/lib/utils'
  4 | import { Popover as PopoverPrimitive } from "radix-ui"
  5 |
> 6 | import { cn } from "@/lib/utils"
    | ^^^^^^^^^^^^^^^^^^^^^^^^^^^^^^^^
  7 |
  8 | function Popover({
  9 |   ...props

Import map: aliased to relative './lib/utils' inside of [project]/

Import traces:
  Client Component Browser:
    ./components/ui/popover.tsx [Client Component Browser]
    ./components/collections/collectionPicker/CollectionPicker.tsx [Client Component Browser]
    ./components/items/itemDrawer/DrawerEditContent.tsx [Client Component Browser]
    ./components/items/itemDrawer/ItemDrawer.tsx [Client Component Browser]
    ./components/items/itemDrawer/ItemDrawer.tsx [Server Component]
    ./app/dashboard/page.tsx [Server Component]

  Client Component SSR:
    ./components/ui/popover.tsx [Client Component SSR]
    ./components/collections/collectionPicker/CollectionPicker.tsx [Client Component SSR]
    ./components/items/itemDrawer/DrawerEditContent.tsx [Client Component SSR]
    ./components/items/itemDrawer/ItemDrawer.tsx [Client Component SSR]
    ./components/items/itemDrawer/ItemDrawer.tsx [Server Component]
    ./app/dashboard/page.tsx [Server Component]

https://nextjs.org/docs/messages/module-not-found @ http://localhost:3000/_next/static/chunks/node_modules_next_dist_0u_w_5s._.js:1945
[  658213ms] [ERROR] ./components/ui/popover.tsx:6:1
Module not found: Can't resolve '@/lib/utils'
  4 | import { Popover as PopoverPrimitive } from "radix-ui"
  5 |
> 6 | import { cn } from "@/lib/utils"
    | ^^^^^^^^^^^^^^^^^^^^^^^^^^^^^^^^
  7 |
  8 | function Popover({
  9 |   ...props

Import map: aliased to relative './lib/utils' inside of [project]/

Import traces:
  Client Component Browser:
    ./components/ui/popover.tsx [Client Component Browser]
    ./components/collections/collectionPicker/CollectionPicker.tsx [Client Component Browser]
    ./components/items/itemDrawer/DrawerEditContent.tsx [Client Component Browser]
    ./components/items/itemDrawer/ItemDrawer.tsx [Client Component Browser]
    ./components/items/itemDrawer/ItemDrawer.tsx [Server Component]
    ./app/dashboard/page.tsx [Server Component]

  Client Component SSR:
    ./components/ui/popover.tsx [Client Component SSR]
    ./components/collections/collectionPicker/CollectionPicker.tsx [Client Component SSR]
    ./components/items/itemDrawer/DrawerEditContent.tsx [Client Component SSR]
    ./components/items/itemDrawer/ItemDrawer.tsx [Client Component SSR]
    ./components/items/itemDrawer/ItemDrawer.tsx [Server Component]
    ./app/dashboard/page.tsx [Server Component]

https://nextjs.org/docs/messages/module-not-found @ http://localhost:3000/_next/static/chunks/node_modules_next_dist_0u_w_5s._.js:1945
[  658250ms] [LOG] [Fast Refresh] rebuilding @ http://localhost:3000/_next/static/chunks/node_modules_next_dist_0u_w_5s._.js:1226
[  658326ms] [ERROR] ./components/ui/popover.tsx:6:1
Module not found: Can't resolve '@/lib/utils'
  4 | import { Popover as PopoverPrimitive } from "radix-ui"
  5 |
> 6 | import { cn } from "@/lib/utils"
    | ^^^^^^^^^^^^^^^^^^^^^^^^^^^^^^^^
  7 |
  8 | function Popover({
  9 |   ...props

Import map: aliased to relative './lib/utils' inside of [project]/

Import traces:
  Client Component Browser:
    ./components/ui/popover.tsx [Client Component Browser]
    ./components/collections/collectionPicker/CollectionPicker.tsx [Client Component Browser]
    ./components/items/itemDrawer/DrawerEditContent.tsx [Client Component Browser]
    ./components/items/itemDrawer/ItemDrawer.tsx [Client Component Browser]
    ./components/items/itemDrawer/ItemDrawer.tsx [Server Component]
    ./app/dashboard/page.tsx [Server Component]

  Client Component SSR:
    ./components/ui/popover.tsx [Client Component SSR]
    ./components/collections/collectionPicker/CollectionPicker.tsx [Client Component SSR]
    ./components/items/itemDrawer/DrawerEditContent.tsx [Client Component SSR]
    ./components/items/itemDrawer/ItemDrawer.tsx [Client Component SSR]
    ./components/items/itemDrawer/ItemDrawer.tsx [Server Component]
    ./app/dashboard/page.tsx [Server Component]

https://nextjs.org/docs/messages/module-not-found @ http://localhost:3000/_next/static/chunks/node_modules_next_dist_0u_w_5s._.js:1945
[  658403ms] [ERROR] ./components/ui/popover.tsx:6:1
Module not found: Can't resolve '@/lib/utils'
  4 | import { Popover as PopoverPrimitive } from "radix-ui"
  5 |
> 6 | import { cn } from "@/lib/utils"
    | ^^^^^^^^^^^^^^^^^^^^^^^^^^^^^^^^
  7 |
  8 | function Popover({
  9 |   ...props

Import map: aliased to relative './lib/utils' inside of [project]/

Import traces:
  Client Component Browser:
    ./components/ui/popover.tsx [Client Component Browser]
    ./components/collections/collectionPicker/CollectionPicker.tsx [Client Component Browser]
    ./components/items/itemDrawer/DrawerEditContent.tsx [Client Component Browser]
    ./components/items/itemDrawer/ItemDrawer.tsx [Client Component Browser]
    ./components/items/itemDrawer/ItemDrawer.tsx [Server Component]
    ./app/dashboard/page.tsx [Server Component]

  Client Component SSR:
    ./components/ui/popover.tsx [Client Component SSR]
    ./components/collections/collectionPicker/CollectionPicker.tsx [Client Component SSR]
    ./components/items/itemDrawer/DrawerEditContent.tsx [Client Component SSR]
    ./components/items/itemDrawer/ItemDrawer.tsx [Client Component SSR]
    ./components/items/itemDrawer/ItemDrawer.tsx [Server Component]
    ./app/dashboard/page.tsx [Server Component]

https://nextjs.org/docs/messages/module-not-found @ http://localhost:3000/_next/static/chunks/node_modules_next_dist_0u_w_5s._.js:1945
[  658508ms] [ERROR] ./components/ui/popover.tsx:6:1
Module not found: Can't resolve '@/lib/utils'
  4 | import { Popover as PopoverPrimitive } from "radix-ui"
  5 |
> 6 | import { cn } from "@/lib/utils"
    | ^^^^^^^^^^^^^^^^^^^^^^^^^^^^^^^^
  7 |
  8 | function Popover({
  9 |   ...props

Import map: aliased to relative './lib/utils' inside of [project]/

Import traces:
  Client Component Browser:
    ./components/ui/popover.tsx [Client Component Browser]
    ./components/collections/collectionPicker/CollectionPicker.tsx [Client Component Browser]
    ./components/items/itemDrawer/DrawerEditContent.tsx [Client Component Browser]
    ./components/items/itemDrawer/ItemDrawer.tsx [Client Component Browser]
    ./components/items/itemDrawer/ItemDrawer.tsx [Server Component]
    ./app/dashboard/page.tsx [Server Component]

  Client Component SSR:
    ./components/ui/popover.tsx [Client Component SSR]
    ./components/collections/collectionPicker/CollectionPicker.tsx [Client Component SSR]
    ./components/items/itemDrawer/DrawerEditContent.tsx [Client Component SSR]
    ./components/items/itemDrawer/ItemDrawer.tsx [Client Component SSR]
    ./components/items/itemDrawer/ItemDrawer.tsx [Server Component]
    ./app/dashboard/page.tsx [Server Component]

https://nextjs.org/docs/messages/module-not-found @ http://localhost:3000/_next/static/chunks/node_modules_next_dist_0u_w_5s._.js:1945
[  658588ms] [ERROR] ./components/ui/popover.tsx:6:1
Module not found: Can't resolve '@/lib/utils'
  4 | import { Popover as PopoverPrimitive } from "radix-ui"
  5 |
> 6 | import { cn } from "@/lib/utils"
    | ^^^^^^^^^^^^^^^^^^^^^^^^^^^^^^^^
  7 |
  8 | function Popover({
  9 |   ...props

Import map: aliased to relative './lib/utils' inside of [project]/

Import traces:
  Client Component Browser:
    ./components/ui/popover.tsx [Client Component Browser]
    ./components/collections/collectionPicker/CollectionPicker.tsx [Client Component Browser]
    ./components/items/itemDrawer/DrawerEditContent.tsx [Client Component Browser]
    ./components/items/itemDrawer/ItemDrawer.tsx [Client Component Browser]
    ./components/items/itemDrawer/ItemDrawer.tsx [Server Component]
    ./app/dashboard/page.tsx [Server Component]

  Client Component SSR:
    ./components/ui/popover.tsx [Client Component SSR]
    ./components/collections/collectionPicker/CollectionPicker.tsx [Client Component SSR]
    ./components/items/itemDrawer/DrawerEditContent.tsx [Client Component SSR]
    ./components/items/itemDrawer/ItemDrawer.tsx [Client Component SSR]
    ./components/items/itemDrawer/ItemDrawer.tsx [Server Component]
    ./app/dashboard/page.tsx [Server Component]

https://nextjs.org/docs/messages/module-not-found @ http://localhost:3000/_next/static/chunks/node_modules_next_dist_0u_w_5s._.js:1945
[  658667ms] [ERROR] ./components/ui/popover.tsx:6:1
Module not found: Can't resolve '@/lib/utils'
  4 | import { Popover as PopoverPrimitive } from "radix-ui"
  5 |
> 6 | import { cn } from "@/lib/utils"
    | ^^^^^^^^^^^^^^^^^^^^^^^^^^^^^^^^
  7 |
  8 | function Popover({
  9 |   ...props

Import map: aliased to relative './lib/utils' inside of [project]/

Import traces:
  Client Component Browser:
    ./components/ui/popover.tsx [Client Component Browser]
    ./components/collections/collectionPicker/CollectionPicker.tsx [Client Component Browser]
    ./components/items/itemDrawer/DrawerEditContent.tsx [Client Component Browser]
    ./components/items/itemDrawer/ItemDrawer.tsx [Client Component Browser]
    ./components/items/itemDrawer/ItemDrawer.tsx [Server Component]
    ./app/dashboard/page.tsx [Server Component]

  Client Component SSR:
    ./components/ui/popover.tsx [Client Component SSR]
    ./components/collections/collectionPicker/CollectionPicker.tsx [Client Component SSR]
    ./components/items/itemDrawer/DrawerEditContent.tsx [Client Component SSR]
    ./components/items/itemDrawer/ItemDrawer.tsx [Client Component SSR]
    ./components/items/itemDrawer/ItemDrawer.tsx [Server Component]
    ./app/dashboard/page.tsx [Server Component]

https://nextjs.org/docs/messages/module-not-found @ http://localhost:3000/_next/static/chunks/node_modules_next_dist_0u_w_5s._.js:1945
[  658725ms] [ERROR] ./components/ui/popover.tsx:6:1
Module not found: Can't resolve '@/lib/utils'
  4 | import { Popover as PopoverPrimitive } from "radix-ui"
  5 |
> 6 | import { cn } from "@/lib/utils"
    | ^^^^^^^^^^^^^^^^^^^^^^^^^^^^^^^^
  7 |
  8 | function Popover({
  9 |   ...props

Import map: aliased to relative './lib/utils' inside of [project]/

Import traces:
  Client Component Browser:
    ./components/ui/popover.tsx [Client Component Browser]
    ./components/collections/collectionPicker/CollectionPicker.tsx [Client Component Browser]
    ./components/items/itemDrawer/DrawerEditContent.tsx [Client Component Browser]
    ./components/items/itemDrawer/ItemDrawer.tsx [Client Component Browser]
    ./components/items/itemDrawer/ItemDrawer.tsx [Server Component]
    ./app/dashboard/page.tsx [Server Component]

  Client Component SSR:
    ./components/ui/popover.tsx [Client Component SSR]
    ./components/collections/collectionPicker/CollectionPicker.tsx [Client Component SSR]
    ./components/items/itemDrawer/DrawerEditContent.tsx [Client Component SSR]
    ./components/items/itemDrawer/ItemDrawer.tsx [Client Component SSR]
    ./components/items/itemDrawer/ItemDrawer.tsx [Server Component]
    ./app/dashboard/page.tsx [Server Component]

https://nextjs.org/docs/messages/module-not-found @ http://localhost:3000/_next/static/chunks/node_modules_next_dist_0u_w_5s._.js:1945
[  658788ms] [ERROR] ./components/ui/popover.tsx:6:1
Module not found: Can't resolve '@/lib/utils'
  4 | import { Popover as PopoverPrimitive } from "radix-ui"
  5 |
> 6 | import { cn } from "@/lib/utils"
    | ^^^^^^^^^^^^^^^^^^^^^^^^^^^^^^^^
  7 |
  8 | function Popover({
  9 |   ...props

Import map: aliased to relative './lib/utils' inside of [project]/

Import traces:
  Client Component Browser:
    ./components/ui/popover.tsx [Client Component Browser]
    ./components/collections/collectionPicker/CollectionPicker.tsx [Client Component Browser]
    ./components/items/itemDrawer/DrawerEditContent.tsx [Client Component Browser]
    ./components/items/itemDrawer/ItemDrawer.tsx [Client Component Browser]
    ./components/items/itemDrawer/ItemDrawer.tsx [Server Component]
    ./app/dashboard/page.tsx [Server Component]

  Client Component SSR:
    ./components/ui/popover.tsx [Client Component SSR]
    ./components/collections/collectionPicker/CollectionPicker.tsx [Client Component SSR]
    ./components/items/itemDrawer/DrawerEditContent.tsx [Client Component SSR]
    ./components/items/itemDrawer/ItemDrawer.tsx [Client Component SSR]
    ./components/items/itemDrawer/ItemDrawer.tsx [Server Component]
    ./app/dashboard/page.tsx [Server Component]

https://nextjs.org/docs/messages/module-not-found @ http://localhost:3000/_next/static/chunks/node_modules_next_dist_0u_w_5s._.js:1945
[  658848ms] [ERROR] ./components/ui/popover.tsx:6:1
Module not found: Can't resolve '@/lib/utils'
  4 | import { Popover as PopoverPrimitive } from "radix-ui"
  5 |
> 6 | import { cn } from "@/lib/utils"
    | ^^^^^^^^^^^^^^^^^^^^^^^^^^^^^^^^
  7 |
  8 | function Popover({
  9 |   ...props

Import map: aliased to relative './lib/utils' inside of [project]/

Import traces:
  Client Component Browser:
    ./components/ui/popover.tsx [Client Component Browser]
    ./components/collections/collectionPicker/CollectionPicker.tsx [Client Component Browser]
    ./components/items/itemDrawer/DrawerEditContent.tsx [Client Component Browser]
    ./components/items/itemDrawer/ItemDrawer.tsx [Client Component Browser]
    ./components/items/itemDrawer/ItemDrawer.tsx [Server Component]
    ./app/dashboard/page.tsx [Server Component]

  Client Component SSR:
    ./components/ui/popover.tsx [Client Component SSR]
    ./components/collections/collectionPicker/CollectionPicker.tsx [Client Component SSR]
    ./components/items/itemDrawer/DrawerEditContent.tsx [Client Component SSR]
    ./components/items/itemDrawer/ItemDrawer.tsx [Client Component SSR]
    ./components/items/itemDrawer/ItemDrawer.tsx [Server Component]
    ./app/dashboard/page.tsx [Server Component]

https://nextjs.org/docs/messages/module-not-found @ http://localhost:3000/_next/static/chunks/node_modules_next_dist_0u_w_5s._.js:1945
[  658911ms] [ERROR] ./components/ui/popover.tsx:6:1
Module not found: Can't resolve '@/lib/utils'
  4 | import { Popover as PopoverPrimitive } from "radix-ui"
  5 |
> 6 | import { cn } from "@/lib/utils"
    | ^^^^^^^^^^^^^^^^^^^^^^^^^^^^^^^^
  7 |
  8 | function Popover({
  9 |   ...props

Import map: aliased to relative './lib/utils' inside of [project]/

Import traces:
  Client Component Browser:
    ./components/ui/popover.tsx [Client Component Browser]
    ./components/collections/collectionPicker/CollectionPicker.tsx [Client Component Browser]
    ./components/items/itemDrawer/DrawerEditContent.tsx [Client Component Browser]
    ./components/items/itemDrawer/ItemDrawer.tsx [Client Component Browser]
    ./components/items/itemDrawer/ItemDrawer.tsx [Server Component]
    ./app/dashboard/page.tsx [Server Component]

  Client Component SSR:
    ./components/ui/popover.tsx [Client Component SSR]
    ./components/collections/collectionPicker/CollectionPicker.tsx [Client Component SSR]
    ./components/items/itemDrawer/DrawerEditContent.tsx [Client Component SSR]
    ./components/items/itemDrawer/ItemDrawer.tsx [Client Component SSR]
    ./components/items/itemDrawer/ItemDrawer.tsx [Server Component]
    ./app/dashboard/page.tsx [Server Component]

https://nextjs.org/docs/messages/module-not-found @ http://localhost:3000/_next/static/chunks/node_modules_next_dist_0u_w_5s._.js:1945
[  659032ms] [ERROR] ./components/ui/popover.tsx:6:1
Module not found: Can't resolve '@/lib/utils'
  4 | import { Popover as PopoverPrimitive } from "radix-ui"
  5 |
> 6 | import { cn } from "@/lib/utils"
    | ^^^^^^^^^^^^^^^^^^^^^^^^^^^^^^^^
  7 |
  8 | function Popover({
  9 |   ...props

Import map: aliased to relative './lib/utils' inside of [project]/

Import traces:
  Client Component Browser:
    ./components/ui/popover.tsx [Client Component Browser]
    ./components/collections/collectionPicker/CollectionPicker.tsx [Client Component Browser]
    ./components/items/itemDrawer/DrawerEditContent.tsx [Client Component Browser]
    ./components/items/itemDrawer/ItemDrawer.tsx [Client Component Browser]
    ./components/items/itemDrawer/ItemDrawer.tsx [Server Component]
    ./app/dashboard/page.tsx [Server Component]

  Client Component SSR:
    ./components/ui/popover.tsx [Client Component SSR]
    ./components/collections/collectionPicker/CollectionPicker.tsx [Client Component SSR]
    ./components/items/itemDrawer/DrawerEditContent.tsx [Client Component SSR]
    ./components/items/itemDrawer/ItemDrawer.tsx [Client Component SSR]
    ./components/items/itemDrawer/ItemDrawer.tsx [Server Component]
    ./app/dashboard/page.tsx [Server Component]

https://nextjs.org/docs/messages/module-not-found @ http://localhost:3000/_next/static/chunks/node_modules_next_dist_0u_w_5s._.js:1945
[  659033ms] [LOG] [Fast Refresh] rebuilding @ http://localhost:3000/_next/static/chunks/node_modules_next_dist_0u_w_5s._.js:1226
[  659466ms] [ERROR] ./components/ui/popover.tsx:6:1
Module not found: Can't resolve '@/lib/utils'
  4 | import { Popover as PopoverPrimitive } from "radix-ui"
  5 |
> 6 | import { cn } from "@/lib/utils"
    | ^^^^^^^^^^^^^^^^^^^^^^^^^^^^^^^^
  7 |
  8 | function Popover({
  9 |   ...props

Import map: aliased to relative './lib/utils' inside of [project]/

Import traces:
  Client Component Browser:
    ./components/ui/popover.tsx [Client Component Browser]
    ./components/collections/collectionPicker/CollectionPicker.tsx [Client Component Browser]
    ./components/items/itemDrawer/DrawerEditContent.tsx [Client Component Browser]
    ./components/items/itemDrawer/ItemDrawer.tsx [Client Component Browser]
    ./components/items/itemDrawer/ItemDrawer.tsx [Server Component]
    ./app/dashboard/page.tsx [Server Component]

  Client Component SSR:
    ./components/ui/popover.tsx [Client Component SSR]
    ./components/collections/collectionPicker/CollectionPicker.tsx [Client Component SSR]
    ./components/items/itemDrawer/DrawerEditContent.tsx [Client Component SSR]
    ./components/items/itemDrawer/ItemDrawer.tsx [Client Component SSR]
    ./components/items/itemDrawer/ItemDrawer.tsx [Server Component]
    ./app/dashboard/page.tsx [Server Component]

https://nextjs.org/docs/messages/module-not-found @ http://localhost:3000/_next/static/chunks/node_modules_next_dist_0u_w_5s._.js:1945
[  659528ms] [ERROR] ./components/ui/popover.tsx:6:1
Module not found: Can't resolve '@/lib/utils'
  4 | import { Popover as PopoverPrimitive } from "radix-ui"
  5 |
> 6 | import { cn } from "@/lib/utils"
    | ^^^^^^^^^^^^^^^^^^^^^^^^^^^^^^^^
  7 |
  8 | function Popover({
  9 |   ...props

Import map: aliased to relative './lib/utils' inside of [project]/

Import traces:
  Client Component Browser:
    ./components/ui/popover.tsx [Client Component Browser]
    ./components/collections/collectionPicker/CollectionPicker.tsx [Client Component Browser]
    ./components/items/itemDrawer/DrawerEditContent.tsx [Client Component Browser]
    ./components/items/itemDrawer/ItemDrawer.tsx [Client Component Browser]
    ./components/items/itemDrawer/ItemDrawer.tsx [Server Component]
    ./app/dashboard/page.tsx [Server Component]

  Client Component SSR:
    ./components/ui/popover.tsx [Client Component SSR]
    ./components/collections/collectionPicker/CollectionPicker.tsx [Client Component SSR]
    ./components/items/itemDrawer/DrawerEditContent.tsx [Client Component SSR]
    ./components/items/itemDrawer/ItemDrawer.tsx [Client Component SSR]
    ./components/items/itemDrawer/ItemDrawer.tsx [Server Component]
    ./app/dashboard/page.tsx [Server Component]

https://nextjs.org/docs/messages/module-not-found @ http://localhost:3000/_next/static/chunks/node_modules_next_dist_0u_w_5s._.js:1945
[  659690ms] [LOG] [Fast Refresh] rebuilding @ http://localhost:3000/_next/static/chunks/node_modules_next_dist_0u_w_5s._.js:1226
[  660713ms] [ERROR] ./components/ui/popover.tsx:6:1
Module not found: Can't resolve '@/lib/utils'
  4 | import { Popover as PopoverPrimitive } from "radix-ui"
  5 |
> 6 | import { cn } from "@/lib/utils"
    | ^^^^^^^^^^^^^^^^^^^^^^^^^^^^^^^^
  7 |
  8 | function Popover({
  9 |   ...props

Import map: aliased to relative './lib/utils' inside of [project]/

Import traces:
  Client Component Browser:
    ./components/ui/popover.tsx [Client Component Browser]
    ./components/collections/collectionPicker/CollectionPicker.tsx [Client Component Browser]
    ./components/items/itemDrawer/DrawerEditContent.tsx [Client Component Browser]
    ./components/items/itemDrawer/ItemDrawer.tsx [Client Component Browser]
    ./components/items/itemDrawer/ItemDrawer.tsx [Server Component]
    ./app/dashboard/page.tsx [Server Component]

  Client Component SSR:
    ./components/ui/popover.tsx [Client Component SSR]
    ./components/collections/collectionPicker/CollectionPicker.tsx [Client Component SSR]
    ./components/items/itemDrawer/DrawerEditContent.tsx [Client Component SSR]
    ./components/items/itemDrawer/ItemDrawer.tsx [Client Component SSR]
    ./components/items/itemDrawer/ItemDrawer.tsx [Server Component]
    ./app/dashboard/page.tsx [Server Component]

https://nextjs.org/docs/messages/module-not-found @ http://localhost:3000/_next/static/chunks/node_modules_next_dist_0u_w_5s._.js:1945
[  660783ms] [ERROR] ./components/ui/popover.tsx:6:1
Module not found: Can't resolve '@/lib/utils'
  4 | import { Popover as PopoverPrimitive } from "radix-ui"
  5 |
> 6 | import { cn } from "@/lib/utils"
    | ^^^^^^^^^^^^^^^^^^^^^^^^^^^^^^^^
  7 |
  8 | function Popover({
  9 |   ...props

Import map: aliased to relative './lib/utils' inside of [project]/

Import traces:
  Client Component Browser:
    ./components/ui/popover.tsx [Client Component Browser]
    ./components/collections/collectionPicker/CollectionPicker.tsx [Client Component Browser]
    ./components/items/itemDrawer/DrawerEditContent.tsx [Client Component Browser]
    ./components/items/itemDrawer/ItemDrawer.tsx [Client Component Browser]
    ./components/items/itemDrawer/ItemDrawer.tsx [Server Component]
    ./app/dashboard/page.tsx [Server Component]

  Client Component SSR:
    ./components/ui/popover.tsx [Client Component SSR]
    ./components/collections/collectionPicker/CollectionPicker.tsx [Client Component SSR]
    ./components/items/itemDrawer/DrawerEditContent.tsx [Client Component SSR]
    ./components/items/itemDrawer/ItemDrawer.tsx [Client Component SSR]
    ./components/items/itemDrawer/ItemDrawer.tsx [Server Component]
    ./app/dashboard/page.tsx [Server Component]

https://nextjs.org/docs/messages/module-not-found @ http://localhost:3000/_next/static/chunks/node_modules_next_dist_0u_w_5s._.js:1945
[  660839ms] [ERROR] ./components/ui/popover.tsx:6:1
Module not found: Can't resolve '@/lib/utils'
  4 | import { Popover as PopoverPrimitive } from "radix-ui"
  5 |
> 6 | import { cn } from "@/lib/utils"
    | ^^^^^^^^^^^^^^^^^^^^^^^^^^^^^^^^
  7 |
  8 | function Popover({
  9 |   ...props

Import map: aliased to relative './lib/utils' inside of [project]/

Import traces:
  Client Component Browser:
    ./components/ui/popover.tsx [Client Component Browser]
    ./components/collections/collectionPicker/CollectionPicker.tsx [Client Component Browser]
    ./components/items/itemDrawer/DrawerEditContent.tsx [Client Component Browser]
    ./components/items/itemDrawer/ItemDrawer.tsx [Client Component Browser]
    ./components/items/itemDrawer/ItemDrawer.tsx [Server Component]
    ./app/dashboard/page.tsx [Server Component]

  Client Component SSR:
    ./components/ui/popover.tsx [Client Component SSR]
    ./components/collections/collectionPicker/CollectionPicker.tsx [Client Component SSR]
    ./components/items/itemDrawer/DrawerEditContent.tsx [Client Component SSR]
    ./components/items/itemDrawer/ItemDrawer.tsx [Client Component SSR]
    ./components/items/itemDrawer/ItemDrawer.tsx [Server Component]
    ./app/dashboard/page.tsx [Server Component]

https://nextjs.org/docs/messages/module-not-found @ http://localhost:3000/_next/static/chunks/node_modules_next_dist_0u_w_5s._.js:1945
[  660900ms] [ERROR] ./components/ui/popover.tsx:6:1
Module not found: Can't resolve '@/lib/utils'
  4 | import { Popover as PopoverPrimitive } from "radix-ui"
  5 |
> 6 | import { cn } from "@/lib/utils"
    | ^^^^^^^^^^^^^^^^^^^^^^^^^^^^^^^^
  7 |
  8 | function Popover({
  9 |   ...props

Import map: aliased to relative './lib/utils' inside of [project]/

Import traces:
  Client Component Browser:
    ./components/ui/popover.tsx [Client Component Browser]
    ./components/collections/collectionPicker/CollectionPicker.tsx [Client Component Browser]
    ./components/items/itemDrawer/DrawerEditContent.tsx [Client Component Browser]
    ./components/items/itemDrawer/ItemDrawer.tsx [Client Component Browser]
    ./components/items/itemDrawer/ItemDrawer.tsx [Server Component]
    ./app/dashboard/page.tsx [Server Component]

  Client Component SSR:
    ./components/ui/popover.tsx [Client Component SSR]
    ./components/collections/collectionPicker/CollectionPicker.tsx [Client Component SSR]
    ./components/items/itemDrawer/DrawerEditContent.tsx [Client Component SSR]
    ./components/items/itemDrawer/ItemDrawer.tsx [Client Component SSR]
    ./components/items/itemDrawer/ItemDrawer.tsx [Server Component]
    ./app/dashboard/page.tsx [Server Component]

https://nextjs.org/docs/messages/module-not-found @ http://localhost:3000/_next/static/chunks/node_modules_next_dist_0u_w_5s._.js:1945
[  660961ms] [ERROR] ./components/ui/popover.tsx:6:1
Module not found: Can't resolve '@/lib/utils'
  4 | import { Popover as PopoverPrimitive } from "radix-ui"
  5 |
> 6 | import { cn } from "@/lib/utils"
    | ^^^^^^^^^^^^^^^^^^^^^^^^^^^^^^^^
  7 |
  8 | function Popover({
  9 |   ...props

Import map: aliased to relative './lib/utils' inside of [project]/

Import traces:
  Client Component Browser:
    ./components/ui/popover.tsx [Client Component Browser]
    ./components/collections/collectionPicker/CollectionPicker.tsx [Client Component Browser]
    ./components/items/itemDrawer/DrawerEditContent.tsx [Client Component Browser]
    ./components/items/itemDrawer/ItemDrawer.tsx [Client Component Browser]
    ./components/items/itemDrawer/ItemDrawer.tsx [Server Component]
    ./app/dashboard/page.tsx [Server Component]

  Client Component SSR:
    ./components/ui/popover.tsx [Client Component SSR]
    ./components/collections/collectionPicker/CollectionPicker.tsx [Client Component SSR]
    ./components/items/itemDrawer/DrawerEditContent.tsx [Client Component SSR]
    ./components/items/itemDrawer/ItemDrawer.tsx [Client Component SSR]
    ./components/items/itemDrawer/ItemDrawer.tsx [Server Component]
    ./app/dashboard/page.tsx [Server Component]

https://nextjs.org/docs/messages/module-not-found @ http://localhost:3000/_next/static/chunks/node_modules_next_dist_0u_w_5s._.js:1945
[  661024ms] [ERROR] ./components/ui/popover.tsx:6:1
Module not found: Can't resolve '@/lib/utils'
  4 | import { Popover as PopoverPrimitive } from "radix-ui"
  5 |
> 6 | import { cn } from "@/lib/utils"
    | ^^^^^^^^^^^^^^^^^^^^^^^^^^^^^^^^
  7 |
  8 | function Popover({
  9 |   ...props

Import map: aliased to relative './lib/utils' inside of [project]/

Import traces:
  Client Component Browser:
    ./components/ui/popover.tsx [Client Component Browser]
    ./components/collections/collectionPicker/CollectionPicker.tsx [Client Component Browser]
    ./components/items/itemDrawer/DrawerEditContent.tsx [Client Component Browser]
    ./components/items/itemDrawer/ItemDrawer.tsx [Client Component Browser]
    ./components/items/itemDrawer/ItemDrawer.tsx [Server Component]
    ./app/dashboard/page.tsx [Server Component]

  Client Component SSR:
    ./components/ui/popover.tsx [Client Component SSR]
    ./components/collections/collectionPicker/CollectionPicker.tsx [Client Component SSR]
    ./components/items/itemDrawer/DrawerEditContent.tsx [Client Component SSR]
    ./components/items/itemDrawer/ItemDrawer.tsx [Client Component SSR]
    ./components/items/itemDrawer/ItemDrawer.tsx [Server Component]
    ./app/dashboard/page.tsx [Server Component]

https://nextjs.org/docs/messages/module-not-found @ http://localhost:3000/_next/static/chunks/node_modules_next_dist_0u_w_5s._.js:1945
[  661085ms] [ERROR] ./components/ui/popover.tsx:6:1
Module not found: Can't resolve '@/lib/utils'
  4 | import { Popover as PopoverPrimitive } from "radix-ui"
  5 |
> 6 | import { cn } from "@/lib/utils"
    | ^^^^^^^^^^^^^^^^^^^^^^^^^^^^^^^^
  7 |
  8 | function Popover({
  9 |   ...props

Import map: aliased to relative './lib/utils' inside of [project]/

Import traces:
  Client Component Browser:
    ./components/ui/popover.tsx [Client Component Browser]
    ./components/collections/collectionPicker/CollectionPicker.tsx [Client Component Browser]
    ./components/items/itemDrawer/DrawerEditContent.tsx [Client Component Browser]
    ./components/items/itemDrawer/ItemDrawer.tsx [Client Component Browser]
    ./components/items/itemDrawer/ItemDrawer.tsx [Server Component]
    ./app/dashboard/page.tsx [Server Component]

  Client Component SSR:
    ./components/ui/popover.tsx [Client Component SSR]
    ./components/collections/collectionPicker/CollectionPicker.tsx [Client Component SSR]
    ./components/items/itemDrawer/DrawerEditContent.tsx [Client Component SSR]
    ./components/items/itemDrawer/ItemDrawer.tsx [Client Component SSR]
    ./components/items/itemDrawer/ItemDrawer.tsx [Server Component]
    ./app/dashboard/page.tsx [Server Component]

https://nextjs.org/docs/messages/module-not-found @ http://localhost:3000/_next/static/chunks/node_modules_next_dist_0u_w_5s._.js:1945
[  661148ms] [ERROR] ./components/ui/popover.tsx:6:1
Module not found: Can't resolve '@/lib/utils'
  4 | import { Popover as PopoverPrimitive } from "radix-ui"
  5 |
> 6 | import { cn } from "@/lib/utils"
    | ^^^^^^^^^^^^^^^^^^^^^^^^^^^^^^^^
  7 |
  8 | function Popover({
  9 |   ...props

Import map: aliased to relative './lib/utils' inside of [project]/

Import traces:
  Client Component Browser:
    ./components/ui/popover.tsx [Client Component Browser]
    ./components/collections/collectionPicker/CollectionPicker.tsx [Client Component Browser]
    ./components/items/itemDrawer/DrawerEditContent.tsx [Client Component Browser]
    ./components/items/itemDrawer/ItemDrawer.tsx [Client Component Browser]
    ./components/items/itemDrawer/ItemDrawer.tsx [Server Component]
    ./app/dashboard/page.tsx [Server Component]

  Client Component SSR:
    ./components/ui/popover.tsx [Client Component SSR]
    ./components/collections/collectionPicker/CollectionPicker.tsx [Client Component SSR]
    ./components/items/itemDrawer/DrawerEditContent.tsx [Client Component SSR]
    ./components/items/itemDrawer/ItemDrawer.tsx [Client Component SSR]
    ./components/items/itemDrawer/ItemDrawer.tsx [Server Component]
    ./app/dashboard/page.tsx [Server Component]

https://nextjs.org/docs/messages/module-not-found @ http://localhost:3000/_next/static/chunks/node_modules_next_dist_0u_w_5s._.js:1945
[  661209ms] [LOG] [Fast Refresh] rebuilding @ http://localhost:3000/_next/static/chunks/node_modules_next_dist_0u_w_5s._.js:1226
[  661350ms] [ERROR] ./components/ui/popover.tsx:6:1
Module not found: Can't resolve '@/lib/utils'
  4 | import { Popover as PopoverPrimitive } from "radix-ui"
  5 |
> 6 | import { cn } from "@/lib/utils"
    | ^^^^^^^^^^^^^^^^^^^^^^^^^^^^^^^^
  7 |
  8 | function Popover({
  9 |   ...props

Import map: aliased to relative './lib/utils' inside of [project]/

Import traces:
  Client Component Browser:
    ./components/ui/popover.tsx [Client Component Browser]
    ./components/collections/collectionPicker/CollectionPicker.tsx [Client Component Browser]
    ./components/items/itemDrawer/DrawerEditContent.tsx [Client Component Browser]
    ./components/items/itemDrawer/ItemDrawer.tsx [Client Component Browser]
    ./components/items/itemDrawer/ItemDrawer.tsx [Server Component]
    ./app/dashboard/page.tsx [Server Component]

  Client Component SSR:
    ./components/ui/popover.tsx [Client Component SSR]
    ./components/collections/collectionPicker/CollectionPicker.tsx [Client Component SSR]
    ./components/items/itemDrawer/DrawerEditContent.tsx [Client Component SSR]
    ./components/items/itemDrawer/ItemDrawer.tsx [Client Component SSR]
    ./components/items/itemDrawer/ItemDrawer.tsx [Server Component]
    ./app/dashboard/page.tsx [Server Component]

https://nextjs.org/docs/messages/module-not-found @ http://localhost:3000/_next/static/chunks/node_modules_next_dist_0u_w_5s._.js:1945
[  661428ms] [ERROR] ./components/ui/popover.tsx:6:1
Module not found: Can't resolve '@/lib/utils'
  4 | import { Popover as PopoverPrimitive } from "radix-ui"
  5 |
> 6 | import { cn } from "@/lib/utils"
    | ^^^^^^^^^^^^^^^^^^^^^^^^^^^^^^^^
  7 |
  8 | function Popover({
  9 |   ...props

Import map: aliased to relative './lib/utils' inside of [project]/

Import traces:
  Client Component Browser:
    ./components/ui/popover.tsx [Client Component Browser]
    ./components/collections/collectionPicker/CollectionPicker.tsx [Client Component Browser]
    ./components/items/itemDrawer/DrawerEditContent.tsx [Client Component Browser]
    ./components/items/itemDrawer/ItemDrawer.tsx [Client Component Browser]
    ./components/items/itemDrawer/ItemDrawer.tsx [Server Component]
    ./app/dashboard/page.tsx [Server Component]

  Client Component SSR:
    ./components/ui/popover.tsx [Client Component SSR]
    ./components/collections/collectionPicker/CollectionPicker.tsx [Client Component SSR]
    ./components/items/itemDrawer/DrawerEditContent.tsx [Client Component SSR]
    ./components/items/itemDrawer/ItemDrawer.tsx [Client Component SSR]
    ./components/items/itemDrawer/ItemDrawer.tsx [Server Component]
    ./app/dashboard/page.tsx [Server Component]

https://nextjs.org/docs/messages/module-not-found @ http://localhost:3000/_next/static/chunks/node_modules_next_dist_0u_w_5s._.js:1945
[  661489ms] [ERROR] ./components/ui/popover.tsx:6:1
Module not found: Can't resolve '@/lib/utils'
  4 | import { Popover as PopoverPrimitive } from "radix-ui"
  5 |
> 6 | import { cn } from "@/lib/utils"
    | ^^^^^^^^^^^^^^^^^^^^^^^^^^^^^^^^
  7 |
  8 | function Popover({
  9 |   ...props

Import map: aliased to relative './lib/utils' inside of [project]/

Import traces:
  Client Component Browser:
    ./components/ui/popover.tsx [Client Component Browser]
    ./components/collections/collectionPicker/CollectionPicker.tsx [Client Component Browser]
    ./components/items/itemDrawer/DrawerEditContent.tsx [Client Component Browser]
    ./components/items/itemDrawer/ItemDrawer.tsx [Client Component Browser]
    ./components/items/itemDrawer/ItemDrawer.tsx [Server Component]
    ./app/dashboard/page.tsx [Server Component]

  Client Component SSR:
    ./components/ui/popover.tsx [Client Component SSR]
    ./components/collections/collectionPicker/CollectionPicker.tsx [Client Component SSR]
    ./components/items/itemDrawer/DrawerEditContent.tsx [Client Component SSR]
    ./components/items/itemDrawer/ItemDrawer.tsx [Client Component SSR]
    ./components/items/itemDrawer/ItemDrawer.tsx [Server Component]
    ./app/dashboard/page.tsx [Server Component]

https://nextjs.org/docs/messages/module-not-found @ http://localhost:3000/_next/static/chunks/node_modules_next_dist_0u_w_5s._.js:1945
[  661550ms] [ERROR] ./components/ui/popover.tsx:6:1
Module not found: Can't resolve '@/lib/utils'
  4 | import { Popover as PopoverPrimitive } from "radix-ui"
  5 |
> 6 | import { cn } from "@/lib/utils"
    | ^^^^^^^^^^^^^^^^^^^^^^^^^^^^^^^^
  7 |
  8 | function Popover({
  9 |   ...props

Import map: aliased to relative './lib/utils' inside of [project]/

Import traces:
  Client Component Browser:
    ./components/ui/popover.tsx [Client Component Browser]
    ./components/collections/collectionPicker/CollectionPicker.tsx [Client Component Browser]
    ./components/items/itemDrawer/DrawerEditContent.tsx [Client Component Browser]
    ./components/items/itemDrawer/ItemDrawer.tsx [Client Component Browser]
    ./components/items/itemDrawer/ItemDrawer.tsx [Server Component]
    ./app/dashboard/page.tsx [Server Component]

  Client Component SSR:
    ./components/ui/popover.tsx [Client Component SSR]
    ./components/collections/collectionPicker/CollectionPicker.tsx [Client Component SSR]
    ./components/items/itemDrawer/DrawerEditContent.tsx [Client Component SSR]
    ./components/items/itemDrawer/ItemDrawer.tsx [Client Component SSR]
    ./components/items/itemDrawer/ItemDrawer.tsx [Server Component]
    ./app/dashboard/page.tsx [Server Component]

https://nextjs.org/docs/messages/module-not-found @ http://localhost:3000/_next/static/chunks/node_modules_next_dist_0u_w_5s._.js:1945
[  661612ms] [ERROR] ./components/ui/popover.tsx:6:1
Module not found: Can't resolve '@/lib/utils'
  4 | import { Popover as PopoverPrimitive } from "radix-ui"
  5 |
> 6 | import { cn } from "@/lib/utils"
    | ^^^^^^^^^^^^^^^^^^^^^^^^^^^^^^^^
  7 |
  8 | function Popover({
  9 |   ...props

Import map: aliased to relative './lib/utils' inside of [project]/

Import traces:
  Client Component Browser:
    ./components/ui/popover.tsx [Client Component Browser]
    ./components/collections/collectionPicker/CollectionPicker.tsx [Client Component Browser]
    ./components/items/itemDrawer/DrawerEditContent.tsx [Client Component Browser]
    ./components/items/itemDrawer/ItemDrawer.tsx [Client Component Browser]
    ./components/items/itemDrawer/ItemDrawer.tsx [Server Component]
    ./app/dashboard/page.tsx [Server Component]

  Client Component SSR:
    ./components/ui/popover.tsx [Client Component SSR]
    ./components/collections/collectionPicker/CollectionPicker.tsx [Client Component SSR]
    ./components/items/itemDrawer/DrawerEditContent.tsx [Client Component SSR]
    ./components/items/itemDrawer/ItemDrawer.tsx [Client Component SSR]
    ./components/items/itemDrawer/ItemDrawer.tsx [Server Component]
    ./app/dashboard/page.tsx [Server Component]

https://nextjs.org/docs/messages/module-not-found @ http://localhost:3000/_next/static/chunks/node_modules_next_dist_0u_w_5s._.js:1945
[  661673ms] [ERROR] ./components/ui/popover.tsx:6:1
Module not found: Can't resolve '@/lib/utils'
  4 | import { Popover as PopoverPrimitive } from "radix-ui"
  5 |
> 6 | import { cn } from "@/lib/utils"
    | ^^^^^^^^^^^^^^^^^^^^^^^^^^^^^^^^
  7 |
  8 | function Popover({
  9 |   ...props

Import map: aliased to relative './lib/utils' inside of [project]/

Import traces:
  Client Component Browser:
    ./components/ui/popover.tsx [Client Component Browser]
    ./components/collections/collectionPicker/CollectionPicker.tsx [Client Component Browser]
    ./components/items/itemDrawer/DrawerEditContent.tsx [Client Component Browser]
    ./components/items/itemDrawer/ItemDrawer.tsx [Client Component Browser]
    ./components/items/itemDrawer/ItemDrawer.tsx [Server Component]
    ./app/dashboard/page.tsx [Server Component]

  Client Component SSR:
    ./components/ui/popover.tsx [Client Component SSR]
    ./components/collections/collectionPicker/CollectionPicker.tsx [Client Component SSR]
    ./components/items/itemDrawer/DrawerEditContent.tsx [Client Component SSR]
    ./components/items/itemDrawer/ItemDrawer.tsx [Client Component SSR]
    ./components/items/itemDrawer/ItemDrawer.tsx [Server Component]
    ./app/dashboard/page.tsx [Server Component]

https://nextjs.org/docs/messages/module-not-found @ http://localhost:3000/_next/static/chunks/node_modules_next_dist_0u_w_5s._.js:1945
[  661735ms] [ERROR] ./components/ui/popover.tsx:6:1
Module not found: Can't resolve '@/lib/utils'
  4 | import { Popover as PopoverPrimitive } from "radix-ui"
  5 |
> 6 | import { cn } from "@/lib/utils"
    | ^^^^^^^^^^^^^^^^^^^^^^^^^^^^^^^^
  7 |
  8 | function Popover({
  9 |   ...props

Import map: aliased to relative './lib/utils' inside of [project]/

Import traces:
  Client Component Browser:
    ./components/ui/popover.tsx [Client Component Browser]
    ./components/collections/collectionPicker/CollectionPicker.tsx [Client Component Browser]
    ./components/items/itemDrawer/DrawerEditContent.tsx [Client Component Browser]
    ./components/items/itemDrawer/ItemDrawer.tsx [Client Component Browser]
    ./components/items/itemDrawer/ItemDrawer.tsx [Server Component]
    ./app/dashboard/page.tsx [Server Component]

  Client Component SSR:
    ./components/ui/popover.tsx [Client Component SSR]
    ./components/collections/collectionPicker/CollectionPicker.tsx [Client Component SSR]
    ./components/items/itemDrawer/DrawerEditContent.tsx [Client Component SSR]
    ./components/items/itemDrawer/ItemDrawer.tsx [Client Component SSR]
    ./components/items/itemDrawer/ItemDrawer.tsx [Server Component]
    ./app/dashboard/page.tsx [Server Component]

https://nextjs.org/docs/messages/module-not-found @ http://localhost:3000/_next/static/chunks/node_modules_next_dist_0u_w_5s._.js:1945
[  661795ms] [ERROR] ./components/ui/popover.tsx:6:1
Module not found: Can't resolve '@/lib/utils'
  4 | import { Popover as PopoverPrimitive } from "radix-ui"
  5 |
> 6 | import { cn } from "@/lib/utils"
    | ^^^^^^^^^^^^^^^^^^^^^^^^^^^^^^^^
  7 |
  8 | function Popover({
  9 |   ...props

Import map: aliased to relative './lib/utils' inside of [project]/

Import traces:
  Client Component Browser:
    ./components/ui/popover.tsx [Client Component Browser]
    ./components/collections/collectionPicker/CollectionPicker.tsx [Client Component Browser]
    ./components/items/itemDrawer/DrawerEditContent.tsx [Client Component Browser]
    ./components/items/itemDrawer/ItemDrawer.tsx [Client Component Browser]
    ./components/items/itemDrawer/ItemDrawer.tsx [Server Component]
    ./app/dashboard/page.tsx [Server Component]

  Client Component SSR:
    ./components/ui/popover.tsx [Client Component SSR]
    ./components/collections/collectionPicker/CollectionPicker.tsx [Client Component SSR]
    ./components/items/itemDrawer/DrawerEditContent.tsx [Client Component SSR]
    ./components/items/itemDrawer/ItemDrawer.tsx [Client Component SSR]
    ./components/items/itemDrawer/ItemDrawer.tsx [Server Component]
    ./app/dashboard/page.tsx [Server Component]

https://nextjs.org/docs/messages/module-not-found @ http://localhost:3000/_next/static/chunks/node_modules_next_dist_0u_w_5s._.js:1945
[  661848ms] [ERROR] ./components/ui/popover.tsx:6:1
Module not found: Can't resolve '@/lib/utils'
  4 | import { Popover as PopoverPrimitive } from "radix-ui"
  5 |
> 6 | import { cn } from "@/lib/utils"
    | ^^^^^^^^^^^^^^^^^^^^^^^^^^^^^^^^
  7 |
  8 | function Popover({
  9 |   ...props

Import map: aliased to relative './lib/utils' inside of [project]/

Import traces:
  Client Component Browser:
    ./components/ui/popover.tsx [Client Component Browser]
    ./components/collections/collectionPicker/CollectionPicker.tsx [Client Component Browser]
    ./components/items/itemDrawer/DrawerEditContent.tsx [Client Component Browser]
    ./components/items/itemDrawer/ItemDrawer.tsx [Client Component Browser]
    ./components/items/itemDrawer/ItemDrawer.tsx [Server Component]
    ./app/dashboard/page.tsx [Server Component]

  Client Component SSR:
    ./components/ui/popover.tsx [Client Component SSR]
    ./components/collections/collectionPicker/CollectionPicker.tsx [Client Component SSR]
    ./components/items/itemDrawer/DrawerEditContent.tsx [Client Component SSR]
    ./components/items/itemDrawer/ItemDrawer.tsx [Client Component SSR]
    ./components/items/itemDrawer/ItemDrawer.tsx [Server Component]
    ./app/dashboard/page.tsx [Server Component]

https://nextjs.org/docs/messages/module-not-found @ http://localhost:3000/_next/static/chunks/node_modules_next_dist_0u_w_5s._.js:1945
[  661903ms] [ERROR] ./components/ui/popover.tsx:6:1
Module not found: Can't resolve '@/lib/utils'
  4 | import { Popover as PopoverPrimitive } from "radix-ui"
  5 |
> 6 | import { cn } from "@/lib/utils"
    | ^^^^^^^^^^^^^^^^^^^^^^^^^^^^^^^^
  7 |
  8 | function Popover({
  9 |   ...props

Import map: aliased to relative './lib/utils' inside of [project]/

Import traces:
  Client Component Browser:
    ./components/ui/popover.tsx [Client Component Browser]
    ./components/collections/collectionPicker/CollectionPicker.tsx [Client Component Browser]
    ./components/items/itemDrawer/DrawerEditContent.tsx [Client Component Browser]
    ./components/items/itemDrawer/ItemDrawer.tsx [Client Component Browser]
    ./components/items/itemDrawer/ItemDrawer.tsx [Server Component]
    ./app/dashboard/page.tsx [Server Component]

  Client Component SSR:
    ./components/ui/popover.tsx [Client Component SSR]
    ./components/collections/collectionPicker/CollectionPicker.tsx [Client Component SSR]
    ./components/items/itemDrawer/DrawerEditContent.tsx [Client Component SSR]
    ./components/items/itemDrawer/ItemDrawer.tsx [Client Component SSR]
    ./components/items/itemDrawer/ItemDrawer.tsx [Server Component]
    ./app/dashboard/page.tsx [Server Component]

https://nextjs.org/docs/messages/module-not-found @ http://localhost:3000/_next/static/chunks/node_modules_next_dist_0u_w_5s._.js:1945
[  661965ms] [ERROR] ./components/ui/popover.tsx:6:1
Module not found: Can't resolve '@/lib/utils'
  4 | import { Popover as PopoverPrimitive } from "radix-ui"
  5 |
> 6 | import { cn } from "@/lib/utils"
    | ^^^^^^^^^^^^^^^^^^^^^^^^^^^^^^^^
  7 |
  8 | function Popover({
  9 |   ...props

Import map: aliased to relative './lib/utils' inside of [project]/

Import traces:
  Client Component Browser:
    ./components/ui/popover.tsx [Client Component Browser]
    ./components/collections/collectionPicker/CollectionPicker.tsx [Client Component Browser]
    ./components/items/itemDrawer/DrawerEditContent.tsx [Client Component Browser]
    ./components/items/itemDrawer/ItemDrawer.tsx [Client Component Browser]
    ./components/items/itemDrawer/ItemDrawer.tsx [Server Component]
    ./app/dashboard/page.tsx [Server Component]

  Client Component SSR:
    ./components/ui/popover.tsx [Client Component SSR]
    ./components/collections/collectionPicker/CollectionPicker.tsx [Client Component SSR]
    ./components/items/itemDrawer/DrawerEditContent.tsx [Client Component SSR]
    ./components/items/itemDrawer/ItemDrawer.tsx [Client Component SSR]
    ./components/items/itemDrawer/ItemDrawer.tsx [Server Component]
    ./app/dashboard/page.tsx [Server Component]

https://nextjs.org/docs/messages/module-not-found @ http://localhost:3000/_next/static/chunks/node_modules_next_dist_0u_w_5s._.js:1945
[  662028ms] [ERROR] ./components/ui/popover.tsx:6:1
Module not found: Can't resolve '@/lib/utils'
  4 | import { Popover as PopoverPrimitive } from "radix-ui"
  5 |
> 6 | import { cn } from "@/lib/utils"
    | ^^^^^^^^^^^^^^^^^^^^^^^^^^^^^^^^
  7 |
  8 | function Popover({
  9 |   ...props

Import map: aliased to relative './lib/utils' inside of [project]/

Import traces:
  Client Component Browser:
    ./components/ui/popover.tsx [Client Component Browser]
    ./components/collections/collectionPicker/CollectionPicker.tsx [Client Component Browser]
    ./components/items/itemDrawer/DrawerEditContent.tsx [Client Component Browser]
    ./components/items/itemDrawer/ItemDrawer.tsx [Client Component Browser]
    ./components/items/itemDrawer/ItemDrawer.tsx [Server Component]
    ./app/dashboard/page.tsx [Server Component]

  Client Component SSR:
    ./components/ui/popover.tsx [Client Component SSR]
    ./components/collections/collectionPicker/CollectionPicker.tsx [Client Component SSR]
    ./components/items/itemDrawer/DrawerEditContent.tsx [Client Component SSR]
    ./components/items/itemDrawer/ItemDrawer.tsx [Client Component SSR]
    ./components/items/itemDrawer/ItemDrawer.tsx [Server Component]
    ./app/dashboard/page.tsx [Server Component]

https://nextjs.org/docs/messages/module-not-found @ http://localhost:3000/_next/static/chunks/node_modules_next_dist_0u_w_5s._.js:1945
[  662091ms] [ERROR] ./components/ui/popover.tsx:6:1
Module not found: Can't resolve '@/lib/utils'
  4 | import { Popover as PopoverPrimitive } from "radix-ui"
  5 |
> 6 | import { cn } from "@/lib/utils"
    | ^^^^^^^^^^^^^^^^^^^^^^^^^^^^^^^^
  7 |
  8 | function Popover({
  9 |   ...props

Import map: aliased to relative './lib/utils' inside of [project]/

Import traces:
  Client Component Browser:
    ./components/ui/popover.tsx [Client Component Browser]
    ./components/collections/collectionPicker/CollectionPicker.tsx [Client Component Browser]
    ./components/items/itemDrawer/DrawerEditContent.tsx [Client Component Browser]
    ./components/items/itemDrawer/ItemDrawer.tsx [Client Component Browser]
    ./components/items/itemDrawer/ItemDrawer.tsx [Server Component]
    ./app/dashboard/page.tsx [Server Component]

  Client Component SSR:
    ./components/ui/popover.tsx [Client Component SSR]
    ./components/collections/collectionPicker/CollectionPicker.tsx [Client Component SSR]
    ./components/items/itemDrawer/DrawerEditContent.tsx [Client Component SSR]
    ./components/items/itemDrawer/ItemDrawer.tsx [Client Component SSR]
    ./components/items/itemDrawer/ItemDrawer.tsx [Server Component]
    ./app/dashboard/page.tsx [Server Component]

https://nextjs.org/docs/messages/module-not-found @ http://localhost:3000/_next/static/chunks/node_modules_next_dist_0u_w_5s._.js:1945
[  662151ms] [ERROR] ./components/ui/popover.tsx:6:1
Module not found: Can't resolve '@/lib/utils'
  4 | import { Popover as PopoverPrimitive } from "radix-ui"
  5 |
> 6 | import { cn } from "@/lib/utils"
    | ^^^^^^^^^^^^^^^^^^^^^^^^^^^^^^^^
  7 |
  8 | function Popover({
  9 |   ...props

Import map: aliased to relative './lib/utils' inside of [project]/

Import traces:
  Client Component Browser:
    ./components/ui/popover.tsx [Client Component Browser]
    ./components/collections/collectionPicker/CollectionPicker.tsx [Client Component Browser]
    ./components/items/itemDrawer/DrawerEditContent.tsx [Client Component Browser]
    ./components/items/itemDrawer/ItemDrawer.tsx [Client Component Browser]
    ./components/items/itemDrawer/ItemDrawer.tsx [Server Component]
    ./app/dashboard/page.tsx [Server Component]

  Client Component SSR:
    ./components/ui/popover.tsx [Client Component SSR]
    ./components/collections/collectionPicker/CollectionPicker.tsx [Client Component SSR]
    ./components/items/itemDrawer/DrawerEditContent.tsx [Client Component SSR]
    ./components/items/itemDrawer/ItemDrawer.tsx [Client Component SSR]
    ./components/items/itemDrawer/ItemDrawer.tsx [Server Component]
    ./app/dashboard/page.tsx [Server Component]

https://nextjs.org/docs/messages/module-not-found @ http://localhost:3000/_next/static/chunks/node_modules_next_dist_0u_w_5s._.js:1945
[  662213ms] [ERROR] ./components/ui/popover.tsx:6:1
Module not found: Can't resolve '@/lib/utils'
  4 | import { Popover as PopoverPrimitive } from "radix-ui"
  5 |
> 6 | import { cn } from "@/lib/utils"
    | ^^^^^^^^^^^^^^^^^^^^^^^^^^^^^^^^
  7 |
  8 | function Popover({
  9 |   ...props

Import map: aliased to relative './lib/utils' inside of [project]/

Import traces:
  Client Component Browser:
    ./components/ui/popover.tsx [Client Component Browser]
    ./components/collections/collectionPicker/CollectionPicker.tsx [Client Component Browser]
    ./components/items/itemDrawer/DrawerEditContent.tsx [Client Component Browser]
    ./components/items/itemDrawer/ItemDrawer.tsx [Client Component Browser]
    ./components/items/itemDrawer/ItemDrawer.tsx [Server Component]
    ./app/dashboard/page.tsx [Server Component]

  Client Component SSR:
    ./components/ui/popover.tsx [Client Component SSR]
    ./components/collections/collectionPicker/CollectionPicker.tsx [Client Component SSR]
    ./components/items/itemDrawer/DrawerEditContent.tsx [Client Component SSR]
    ./components/items/itemDrawer/ItemDrawer.tsx [Client Component SSR]
    ./components/items/itemDrawer/ItemDrawer.tsx [Server Component]
    ./app/dashboard/page.tsx [Server Component]

https://nextjs.org/docs/messages/module-not-found @ http://localhost:3000/_next/static/chunks/node_modules_next_dist_0u_w_5s._.js:1945
[  662275ms] [ERROR] ./components/ui/popover.tsx:6:1
Module not found: Can't resolve '@/lib/utils'
  4 | import { Popover as PopoverPrimitive } from "radix-ui"
  5 |
> 6 | import { cn } from "@/lib/utils"
    | ^^^^^^^^^^^^^^^^^^^^^^^^^^^^^^^^
  7 |
  8 | function Popover({
  9 |   ...props

Import map: aliased to relative './lib/utils' inside of [project]/

Import traces:
  Client Component Browser:
    ./components/ui/popover.tsx [Client Component Browser]
    ./components/collections/collectionPicker/CollectionPicker.tsx [Client Component Browser]
    ./components/items/itemDrawer/DrawerEditContent.tsx [Client Component Browser]
    ./components/items/itemDrawer/ItemDrawer.tsx [Client Component Browser]
    ./components/items/itemDrawer/ItemDrawer.tsx [Server Component]
    ./app/dashboard/page.tsx [Server Component]

  Client Component SSR:
    ./components/ui/popover.tsx [Client Component SSR]
    ./components/collections/collectionPicker/CollectionPicker.tsx [Client Component SSR]
    ./components/items/itemDrawer/DrawerEditContent.tsx [Client Component SSR]
    ./components/items/itemDrawer/ItemDrawer.tsx [Client Component SSR]
    ./components/items/itemDrawer/ItemDrawer.tsx [Server Component]
    ./app/dashboard/page.tsx [Server Component]

https://nextjs.org/docs/messages/module-not-found @ http://localhost:3000/_next/static/chunks/node_modules_next_dist_0u_w_5s._.js:1945
[  662336ms] [ERROR] ./components/ui/popover.tsx:6:1
Module not found: Can't resolve '@/lib/utils'
  4 | import { Popover as PopoverPrimitive } from "radix-ui"
  5 |
> 6 | import { cn } from "@/lib/utils"
    | ^^^^^^^^^^^^^^^^^^^^^^^^^^^^^^^^
  7 |
  8 | function Popover({
  9 |   ...props

Import map: aliased to relative './lib/utils' inside of [project]/

Import traces:
  Client Component Browser:
    ./components/ui/popover.tsx [Client Component Browser]
    ./components/collections/collectionPicker/CollectionPicker.tsx [Client Component Browser]
    ./components/items/itemDrawer/DrawerEditContent.tsx [Client Component Browser]
    ./components/items/itemDrawer/ItemDrawer.tsx [Client Component Browser]
    ./components/items/itemDrawer/ItemDrawer.tsx [Server Component]
    ./app/dashboard/page.tsx [Server Component]

  Client Component SSR:
    ./components/ui/popover.tsx [Client Component SSR]
    ./components/collections/collectionPicker/CollectionPicker.tsx [Client Component SSR]
    ./components/items/itemDrawer/DrawerEditContent.tsx [Client Component SSR]
    ./components/items/itemDrawer/ItemDrawer.tsx [Client Component SSR]
    ./components/items/itemDrawer/ItemDrawer.tsx [Server Component]
    ./app/dashboard/page.tsx [Server Component]

https://nextjs.org/docs/messages/module-not-found @ http://localhost:3000/_next/static/chunks/node_modules_next_dist_0u_w_5s._.js:1945
[  662401ms] [ERROR] ./components/ui/popover.tsx:6:1
Module not found: Can't resolve '@/lib/utils'
  4 | import { Popover as PopoverPrimitive } from "radix-ui"
  5 |
> 6 | import { cn } from "@/lib/utils"
    | ^^^^^^^^^^^^^^^^^^^^^^^^^^^^^^^^
  7 |
  8 | function Popover({
  9 |   ...props

Import map: aliased to relative './lib/utils' inside of [project]/

Import traces:
  Client Component Browser:
    ./components/ui/popover.tsx [Client Component Browser]
    ./components/collections/collectionPicker/CollectionPicker.tsx [Client Component Browser]
    ./components/items/itemDrawer/DrawerEditContent.tsx [Client Component Browser]
    ./components/items/itemDrawer/ItemDrawer.tsx [Client Component Browser]
    ./components/items/itemDrawer/ItemDrawer.tsx [Server Component]
    ./app/dashboard/page.tsx [Server Component]

  Client Component SSR:
    ./components/ui/popover.tsx [Client Component SSR]
    ./components/collections/collectionPicker/CollectionPicker.tsx [Client Component SSR]
    ./components/items/itemDrawer/DrawerEditContent.tsx [Client Component SSR]
    ./components/items/itemDrawer/ItemDrawer.tsx [Client Component SSR]
    ./components/items/itemDrawer/ItemDrawer.tsx [Server Component]
    ./app/dashboard/page.tsx [Server Component]

https://nextjs.org/docs/messages/module-not-found @ http://localhost:3000/_next/static/chunks/node_modules_next_dist_0u_w_5s._.js:1945
[  662458ms] [ERROR] ./components/ui/popover.tsx:6:1
Module not found: Can't resolve '@/lib/utils'
  4 | import { Popover as PopoverPrimitive } from "radix-ui"
  5 |
> 6 | import { cn } from "@/lib/utils"
    | ^^^^^^^^^^^^^^^^^^^^^^^^^^^^^^^^
  7 |
  8 | function Popover({
  9 |   ...props

Import map: aliased to relative './lib/utils' inside of [project]/

Import traces:
  Client Component Browser:
    ./components/ui/popover.tsx [Client Component Browser]
    ./components/collections/collectionPicker/CollectionPicker.tsx [Client Component Browser]
    ./components/items/itemDrawer/DrawerEditContent.tsx [Client Component Browser]
    ./components/items/itemDrawer/ItemDrawer.tsx [Client Component Browser]
    ./components/items/itemDrawer/ItemDrawer.tsx [Server Component]
    ./app/dashboard/page.tsx [Server Component]

  Client Component SSR:
    ./components/ui/popover.tsx [Client Component SSR]
    ./components/collections/collectionPicker/CollectionPicker.tsx [Client Component SSR]
    ./components/items/itemDrawer/DrawerEditContent.tsx [Client Component SSR]
    ./components/items/itemDrawer/ItemDrawer.tsx [Client Component SSR]
    ./components/items/itemDrawer/ItemDrawer.tsx [Server Component]
    ./app/dashboard/page.tsx [Server Component]

https://nextjs.org/docs/messages/module-not-found @ http://localhost:3000/_next/static/chunks/node_modules_next_dist_0u_w_5s._.js:1945
[  662521ms] [ERROR] ./components/ui/popover.tsx:6:1
Module not found: Can't resolve '@/lib/utils'
  4 | import { Popover as PopoverPrimitive } from "radix-ui"
  5 |
> 6 | import { cn } from "@/lib/utils"
    | ^^^^^^^^^^^^^^^^^^^^^^^^^^^^^^^^
  7 |
  8 | function Popover({
  9 |   ...props

Import map: aliased to relative './lib/utils' inside of [project]/

Import traces:
  Client Component Browser:
    ./components/ui/popover.tsx [Client Component Browser]
    ./components/collections/collectionPicker/CollectionPicker.tsx [Client Component Browser]
    ./components/items/itemDrawer/DrawerEditContent.tsx [Client Component Browser]
    ./components/items/itemDrawer/ItemDrawer.tsx [Client Component Browser]
    ./components/items/itemDrawer/ItemDrawer.tsx [Server Component]
    ./app/dashboard/page.tsx [Server Component]

  Client Component SSR:
    ./components/ui/popover.tsx [Client Component SSR]
    ./components/collections/collectionPicker/CollectionPicker.tsx [Client Component SSR]
    ./components/items/itemDrawer/DrawerEditContent.tsx [Client Component SSR]
    ./components/items/itemDrawer/ItemDrawer.tsx [Client Component SSR]
    ./components/items/itemDrawer/ItemDrawer.tsx [Server Component]
    ./app/dashboard/page.tsx [Server Component]

https://nextjs.org/docs/messages/module-not-found @ http://localhost:3000/_next/static/chunks/node_modules_next_dist_0u_w_5s._.js:1945
[  662583ms] [ERROR] ./components/ui/popover.tsx:6:1
Module not found: Can't resolve '@/lib/utils'
  4 | import { Popover as PopoverPrimitive } from "radix-ui"
  5 |
> 6 | import { cn } from "@/lib/utils"
    | ^^^^^^^^^^^^^^^^^^^^^^^^^^^^^^^^
  7 |
  8 | function Popover({
  9 |   ...props

Import map: aliased to relative './lib/utils' inside of [project]/

Import traces:
  Client Component Browser:
    ./components/ui/popover.tsx [Client Component Browser]
    ./components/collections/collectionPicker/CollectionPicker.tsx [Client Component Browser]
    ./components/items/itemDrawer/DrawerEditContent.tsx [Client Component Browser]
    ./components/items/itemDrawer/ItemDrawer.tsx [Client Component Browser]
    ./components/items/itemDrawer/ItemDrawer.tsx [Server Component]
    ./app/dashboard/page.tsx [Server Component]

  Client Component SSR:
    ./components/ui/popover.tsx [Client Component SSR]
    ./components/collections/collectionPicker/CollectionPicker.tsx [Client Component SSR]
    ./components/items/itemDrawer/DrawerEditContent.tsx [Client Component SSR]
    ./components/items/itemDrawer/ItemDrawer.tsx [Client Component SSR]
    ./components/items/itemDrawer/ItemDrawer.tsx [Server Component]
    ./app/dashboard/page.tsx [Server Component]

https://nextjs.org/docs/messages/module-not-found @ http://localhost:3000/_next/static/chunks/node_modules_next_dist_0u_w_5s._.js:1945
[  662645ms] [ERROR] ./components/ui/popover.tsx:6:1
Module not found: Can't resolve '@/lib/utils'
  4 | import { Popover as PopoverPrimitive } from "radix-ui"
  5 |
> 6 | import { cn } from "@/lib/utils"
    | ^^^^^^^^^^^^^^^^^^^^^^^^^^^^^^^^
  7 |
  8 | function Popover({
  9 |   ...props

Import map: aliased to relative './lib/utils' inside of [project]/

Import traces:
  Client Component Browser:
    ./components/ui/popover.tsx [Client Component Browser]
    ./components/collections/collectionPicker/CollectionPicker.tsx [Client Component Browser]
    ./components/items/itemDrawer/DrawerEditContent.tsx [Client Component Browser]
    ./components/items/itemDrawer/ItemDrawer.tsx [Client Component Browser]
    ./components/items/itemDrawer/ItemDrawer.tsx [Server Component]
    ./app/dashboard/page.tsx [Server Component]

  Client Component SSR:
    ./components/ui/popover.tsx [Client Component SSR]
    ./components/collections/collectionPicker/CollectionPicker.tsx [Client Component SSR]
    ./components/items/itemDrawer/DrawerEditContent.tsx [Client Component SSR]
    ./components/items/itemDrawer/ItemDrawer.tsx [Client Component SSR]
    ./components/items/itemDrawer/ItemDrawer.tsx [Server Component]
    ./app/dashboard/page.tsx [Server Component]

https://nextjs.org/docs/messages/module-not-found @ http://localhost:3000/_next/static/chunks/node_modules_next_dist_0u_w_5s._.js:1945
[  662708ms] [ERROR] ./components/ui/popover.tsx:6:1
Module not found: Can't resolve '@/lib/utils'
  4 | import { Popover as PopoverPrimitive } from "radix-ui"
  5 |
> 6 | import { cn } from "@/lib/utils"
    | ^^^^^^^^^^^^^^^^^^^^^^^^^^^^^^^^
  7 |
  8 | function Popover({
  9 |   ...props

Import map: aliased to relative './lib/utils' inside of [project]/

Import traces:
  Client Component Browser:
    ./components/ui/popover.tsx [Client Component Browser]
    ./components/collections/collectionPicker/CollectionPicker.tsx [Client Component Browser]
    ./components/items/itemDrawer/DrawerEditContent.tsx [Client Component Browser]
    ./components/items/itemDrawer/ItemDrawer.tsx [Client Component Browser]
    ./components/items/itemDrawer/ItemDrawer.tsx [Server Component]
    ./app/dashboard/page.tsx [Server Component]

  Client Component SSR:
    ./components/ui/popover.tsx [Client Component SSR]
    ./components/collections/collectionPicker/CollectionPicker.tsx [Client Component SSR]
    ./components/items/itemDrawer/DrawerEditContent.tsx [Client Component SSR]
    ./components/items/itemDrawer/ItemDrawer.tsx [Client Component SSR]
    ./components/items/itemDrawer/ItemDrawer.tsx [Server Component]
    ./app/dashboard/page.tsx [Server Component]

https://nextjs.org/docs/messages/module-not-found @ http://localhost:3000/_next/static/chunks/node_modules_next_dist_0u_w_5s._.js:1945
[  662768ms] [ERROR] ./components/ui/popover.tsx:6:1
Module not found: Can't resolve '@/lib/utils'
  4 | import { Popover as PopoverPrimitive } from "radix-ui"
  5 |
> 6 | import { cn } from "@/lib/utils"
    | ^^^^^^^^^^^^^^^^^^^^^^^^^^^^^^^^
  7 |
  8 | function Popover({
  9 |   ...props

Import map: aliased to relative './lib/utils' inside of [project]/

Import traces:
  Client Component Browser:
    ./components/ui/popover.tsx [Client Component Browser]
    ./components/collections/collectionPicker/CollectionPicker.tsx [Client Component Browser]
    ./components/items/itemDrawer/DrawerEditContent.tsx [Client Component Browser]
    ./components/items/itemDrawer/ItemDrawer.tsx [Client Component Browser]
    ./components/items/itemDrawer/ItemDrawer.tsx [Server Component]
    ./app/dashboard/page.tsx [Server Component]

  Client Component SSR:
    ./components/ui/popover.tsx [Client Component SSR]
    ./components/collections/collectionPicker/CollectionPicker.tsx [Client Component SSR]
    ./components/items/itemDrawer/DrawerEditContent.tsx [Client Component SSR]
    ./components/items/itemDrawer/ItemDrawer.tsx [Client Component SSR]
    ./components/items/itemDrawer/ItemDrawer.tsx [Server Component]
    ./app/dashboard/page.tsx [Server Component]

https://nextjs.org/docs/messages/module-not-found @ http://localhost:3000/_next/static/chunks/node_modules_next_dist_0u_w_5s._.js:1945
[  662829ms] [ERROR] ./components/ui/popover.tsx:6:1
Module not found: Can't resolve '@/lib/utils'
  4 | import { Popover as PopoverPrimitive } from "radix-ui"
  5 |
> 6 | import { cn } from "@/lib/utils"
    | ^^^^^^^^^^^^^^^^^^^^^^^^^^^^^^^^
  7 |
  8 | function Popover({
  9 |   ...props

Import map: aliased to relative './lib/utils' inside of [project]/

Import traces:
  Client Component Browser:
    ./components/ui/popover.tsx [Client Component Browser]
    ./components/collections/collectionPicker/CollectionPicker.tsx [Client Component Browser]
    ./components/items/itemDrawer/DrawerEditContent.tsx [Client Component Browser]
    ./components/items/itemDrawer/ItemDrawer.tsx [Client Component Browser]
    ./components/items/itemDrawer/ItemDrawer.tsx [Server Component]
    ./app/dashboard/page.tsx [Server Component]

  Client Component SSR:
    ./components/ui/popover.tsx [Client Component SSR]
    ./components/collections/collectionPicker/CollectionPicker.tsx [Client Component SSR]
    ./components/items/itemDrawer/DrawerEditContent.tsx [Client Component SSR]
    ./components/items/itemDrawer/ItemDrawer.tsx [Client Component SSR]
    ./components/items/itemDrawer/ItemDrawer.tsx [Server Component]
    ./app/dashboard/page.tsx [Server Component]

https://nextjs.org/docs/messages/module-not-found @ http://localhost:3000/_next/static/chunks/node_modules_next_dist_0u_w_5s._.js:1945
[  662891ms] [ERROR] ./components/ui/popover.tsx:6:1
Module not found: Can't resolve '@/lib/utils'
  4 | import { Popover as PopoverPrimitive } from "radix-ui"
  5 |
> 6 | import { cn } from "@/lib/utils"
    | ^^^^^^^^^^^^^^^^^^^^^^^^^^^^^^^^
  7 |
  8 | function Popover({
  9 |   ...props

Import map: aliased to relative './lib/utils' inside of [project]/

Import traces:
  Client Component Browser:
    ./components/ui/popover.tsx [Client Component Browser]
    ./components/collections/collectionPicker/CollectionPicker.tsx [Client Component Browser]
    ./components/items/itemDrawer/DrawerEditContent.tsx [Client Component Browser]
    ./components/items/itemDrawer/ItemDrawer.tsx [Client Component Browser]
    ./components/items/itemDrawer/ItemDrawer.tsx [Server Component]
    ./app/dashboard/page.tsx [Server Component]

  Client Component SSR:
    ./components/ui/popover.tsx [Client Component SSR]
    ./components/collections/collectionPicker/CollectionPicker.tsx [Client Component SSR]
    ./components/items/itemDrawer/DrawerEditContent.tsx [Client Component SSR]
    ./components/items/itemDrawer/ItemDrawer.tsx [Client Component SSR]
    ./components/items/itemDrawer/ItemDrawer.tsx [Server Component]
    ./app/dashboard/page.tsx [Server Component]

https://nextjs.org/docs/messages/module-not-found @ http://localhost:3000/_next/static/chunks/node_modules_next_dist_0u_w_5s._.js:1945
[  662953ms] [ERROR] ./components/ui/popover.tsx:6:1
Module not found: Can't resolve '@/lib/utils'
  4 | import { Popover as PopoverPrimitive } from "radix-ui"
  5 |
> 6 | import { cn } from "@/lib/utils"
    | ^^^^^^^^^^^^^^^^^^^^^^^^^^^^^^^^
  7 |
  8 | function Popover({
  9 |   ...props

Import map: aliased to relative './lib/utils' inside of [project]/

Import traces:
  Client Component Browser:
    ./components/ui/popover.tsx [Client Component Browser]
    ./components/collections/collectionPicker/CollectionPicker.tsx [Client Component Browser]
    ./components/items/itemDrawer/DrawerEditContent.tsx [Client Component Browser]
    ./components/items/itemDrawer/ItemDrawer.tsx [Client Component Browser]
    ./components/items/itemDrawer/ItemDrawer.tsx [Server Component]
    ./app/dashboard/page.tsx [Server Component]

  Client Component SSR:
    ./components/ui/popover.tsx [Client Component SSR]
    ./components/collections/collectionPicker/CollectionPicker.tsx [Client Component SSR]
    ./components/items/itemDrawer/DrawerEditContent.tsx [Client Component SSR]
    ./components/items/itemDrawer/ItemDrawer.tsx [Client Component SSR]
    ./components/items/itemDrawer/ItemDrawer.tsx [Server Component]
    ./app/dashboard/page.tsx [Server Component]

https://nextjs.org/docs/messages/module-not-found @ http://localhost:3000/_next/static/chunks/node_modules_next_dist_0u_w_5s._.js:1945
[  663014ms] [ERROR] ./components/ui/popover.tsx:6:1
Module not found: Can't resolve '@/lib/utils'
  4 | import { Popover as PopoverPrimitive } from "radix-ui"
  5 |
> 6 | import { cn } from "@/lib/utils"
    | ^^^^^^^^^^^^^^^^^^^^^^^^^^^^^^^^
  7 |
  8 | function Popover({
  9 |   ...props

Import map: aliased to relative './lib/utils' inside of [project]/

Import traces:
  Client Component Browser:
    ./components/ui/popover.tsx [Client Component Browser]
    ./components/collections/collectionPicker/CollectionPicker.tsx [Client Component Browser]
    ./components/items/itemDrawer/DrawerEditContent.tsx [Client Component Browser]
    ./components/items/itemDrawer/ItemDrawer.tsx [Client Component Browser]
    ./components/items/itemDrawer/ItemDrawer.tsx [Server Component]
    ./app/dashboard/page.tsx [Server Component]

  Client Component SSR:
    ./components/ui/popover.tsx [Client Component SSR]
    ./components/collections/collectionPicker/CollectionPicker.tsx [Client Component SSR]
    ./components/items/itemDrawer/DrawerEditContent.tsx [Client Component SSR]
    ./components/items/itemDrawer/ItemDrawer.tsx [Client Component SSR]
    ./components/items/itemDrawer/ItemDrawer.tsx [Server Component]
    ./app/dashboard/page.tsx [Server Component]

https://nextjs.org/docs/messages/module-not-found @ http://localhost:3000/_next/static/chunks/node_modules_next_dist_0u_w_5s._.js:1945
[  663076ms] [ERROR] ./components/ui/popover.tsx:6:1
Module not found: Can't resolve '@/lib/utils'
  4 | import { Popover as PopoverPrimitive } from "radix-ui"
  5 |
> 6 | import { cn } from "@/lib/utils"
    | ^^^^^^^^^^^^^^^^^^^^^^^^^^^^^^^^
  7 |
  8 | function Popover({
  9 |   ...props

Import map: aliased to relative './lib/utils' inside of [project]/

Import traces:
  Client Component Browser:
    ./components/ui/popover.tsx [Client Component Browser]
    ./components/collections/collectionPicker/CollectionPicker.tsx [Client Component Browser]
    ./components/items/itemDrawer/DrawerEditContent.tsx [Client Component Browser]
    ./components/items/itemDrawer/ItemDrawer.tsx [Client Component Browser]
    ./components/items/itemDrawer/ItemDrawer.tsx [Server Component]
    ./app/dashboard/page.tsx [Server Component]

  Client Component SSR:
    ./components/ui/popover.tsx [Client Component SSR]
    ./components/collections/collectionPicker/CollectionPicker.tsx [Client Component SSR]
    ./components/items/itemDrawer/DrawerEditContent.tsx [Client Component SSR]
    ./components/items/itemDrawer/ItemDrawer.tsx [Client Component SSR]
    ./components/items/itemDrawer/ItemDrawer.tsx [Server Component]
    ./app/dashboard/page.tsx [Server Component]

https://nextjs.org/docs/messages/module-not-found @ http://localhost:3000/_next/static/chunks/node_modules_next_dist_0u_w_5s._.js:1945
[  663138ms] [ERROR] ./components/ui/popover.tsx:6:1
Module not found: Can't resolve '@/lib/utils'
  4 | import { Popover as PopoverPrimitive } from "radix-ui"
  5 |
> 6 | import { cn } from "@/lib/utils"
    | ^^^^^^^^^^^^^^^^^^^^^^^^^^^^^^^^
  7 |
  8 | function Popover({
  9 |   ...props

Import map: aliased to relative './lib/utils' inside of [project]/

Import traces:
  Client Component Browser:
    ./components/ui/popover.tsx [Client Component Browser]
    ./components/collections/collectionPicker/CollectionPicker.tsx [Client Component Browser]
    ./components/items/itemDrawer/DrawerEditContent.tsx [Client Component Browser]
    ./components/items/itemDrawer/ItemDrawer.tsx [Client Component Browser]
    ./components/items/itemDrawer/ItemDrawer.tsx [Server Component]
    ./app/dashboard/page.tsx [Server Component]

  Client Component SSR:
    ./components/ui/popover.tsx [Client Component SSR]
    ./components/collections/collectionPicker/CollectionPicker.tsx [Client Component SSR]
    ./components/items/itemDrawer/DrawerEditContent.tsx [Client Component SSR]
    ./components/items/itemDrawer/ItemDrawer.tsx [Client Component SSR]
    ./components/items/itemDrawer/ItemDrawer.tsx [Server Component]
    ./app/dashboard/page.tsx [Server Component]

https://nextjs.org/docs/messages/module-not-found @ http://localhost:3000/_next/static/chunks/node_modules_next_dist_0u_w_5s._.js:1945
[  663200ms] [ERROR] ./components/ui/popover.tsx:6:1
Module not found: Can't resolve '@/lib/utils'
  4 | import { Popover as PopoverPrimitive } from "radix-ui"
  5 |
> 6 | import { cn } from "@/lib/utils"
    | ^^^^^^^^^^^^^^^^^^^^^^^^^^^^^^^^
  7 |
  8 | function Popover({
  9 |   ...props

Import map: aliased to relative './lib/utils' inside of [project]/

Import traces:
  Client Component Browser:
    ./components/ui/popover.tsx [Client Component Browser]
    ./components/collections/collectionPicker/CollectionPicker.tsx [Client Component Browser]
    ./components/items/itemDrawer/DrawerEditContent.tsx [Client Component Browser]
    ./components/items/itemDrawer/ItemDrawer.tsx [Client Component Browser]
    ./components/items/itemDrawer/ItemDrawer.tsx [Server Component]
    ./app/dashboard/page.tsx [Server Component]

  Client Component SSR:
    ./components/ui/popover.tsx [Client Component SSR]
    ./components/collections/collectionPicker/CollectionPicker.tsx [Client Component SSR]
    ./components/items/itemDrawer/DrawerEditContent.tsx [Client Component SSR]
    ./components/items/itemDrawer/ItemDrawer.tsx [Client Component SSR]
    ./components/items/itemDrawer/ItemDrawer.tsx [Server Component]
    ./app/dashboard/page.tsx [Server Component]

https://nextjs.org/docs/messages/module-not-found @ http://localhost:3000/_next/static/chunks/node_modules_next_dist_0u_w_5s._.js:1945
[  663261ms] [ERROR] ./components/ui/popover.tsx:6:1
Module not found: Can't resolve '@/lib/utils'
  4 | import { Popover as PopoverPrimitive } from "radix-ui"
  5 |
> 6 | import { cn } from "@/lib/utils"
    | ^^^^^^^^^^^^^^^^^^^^^^^^^^^^^^^^
  7 |
  8 | function Popover({
  9 |   ...props

Import map: aliased to relative './lib/utils' inside of [project]/

Import traces:
  Client Component Browser:
    ./components/ui/popover.tsx [Client Component Browser]
    ./components/collections/collectionPicker/CollectionPicker.tsx [Client Component Browser]
    ./components/items/itemDrawer/DrawerEditContent.tsx [Client Component Browser]
    ./components/items/itemDrawer/ItemDrawer.tsx [Client Component Browser]
    ./components/items/itemDrawer/ItemDrawer.tsx [Server Component]
    ./app/dashboard/page.tsx [Server Component]

  Client Component SSR:
    ./components/ui/popover.tsx [Client Component SSR]
    ./components/collections/collectionPicker/CollectionPicker.tsx [Client Component SSR]
    ./components/items/itemDrawer/DrawerEditContent.tsx [Client Component SSR]
    ./components/items/itemDrawer/ItemDrawer.tsx [Client Component SSR]
    ./components/items/itemDrawer/ItemDrawer.tsx [Server Component]
    ./app/dashboard/page.tsx [Server Component]

https://nextjs.org/docs/messages/module-not-found @ http://localhost:3000/_next/static/chunks/node_modules_next_dist_0u_w_5s._.js:1945
[  663323ms] [ERROR] ./components/ui/popover.tsx:6:1
Module not found: Can't resolve '@/lib/utils'
  4 | import { Popover as PopoverPrimitive } from "radix-ui"
  5 |
> 6 | import { cn } from "@/lib/utils"
    | ^^^^^^^^^^^^^^^^^^^^^^^^^^^^^^^^
  7 |
  8 | function Popover({
  9 |   ...props

Import map: aliased to relative './lib/utils' inside of [project]/

Import traces:
  Client Component Browser:
    ./components/ui/popover.tsx [Client Component Browser]
    ./components/collections/collectionPicker/CollectionPicker.tsx [Client Component Browser]
    ./components/items/itemDrawer/DrawerEditContent.tsx [Client Component Browser]
    ./components/items/itemDrawer/ItemDrawer.tsx [Client Component Browser]
    ./components/items/itemDrawer/ItemDrawer.tsx [Server Component]
    ./app/dashboard/page.tsx [Server Component]

  Client Component SSR:
    ./components/ui/popover.tsx [Client Component SSR]
    ./components/collections/collectionPicker/CollectionPicker.tsx [Client Component SSR]
    ./components/items/itemDrawer/DrawerEditContent.tsx [Client Component SSR]
    ./components/items/itemDrawer/ItemDrawer.tsx [Client Component SSR]
    ./components/items/itemDrawer/ItemDrawer.tsx [Server Component]
    ./app/dashboard/page.tsx [Server Component]

https://nextjs.org/docs/messages/module-not-found @ http://localhost:3000/_next/static/chunks/node_modules_next_dist_0u_w_5s._.js:1945
[  663384ms] [ERROR] ./components/ui/popover.tsx:6:1
Module not found: Can't resolve '@/lib/utils'
  4 | import { Popover as PopoverPrimitive } from "radix-ui"
  5 |
> 6 | import { cn } from "@/lib/utils"
    | ^^^^^^^^^^^^^^^^^^^^^^^^^^^^^^^^
  7 |
  8 | function Popover({
  9 |   ...props

Import map: aliased to relative './lib/utils' inside of [project]/

Import traces:
  Client Component Browser:
    ./components/ui/popover.tsx [Client Component Browser]
    ./components/collections/collectionPicker/CollectionPicker.tsx [Client Component Browser]
    ./components/items/itemDrawer/DrawerEditContent.tsx [Client Component Browser]
    ./components/items/itemDrawer/ItemDrawer.tsx [Client Component Browser]
    ./components/items/itemDrawer/ItemDrawer.tsx [Server Component]
    ./app/dashboard/page.tsx [Server Component]

  Client Component SSR:
    ./components/ui/popover.tsx [Client Component SSR]
    ./components/collections/collectionPicker/CollectionPicker.tsx [Client Component SSR]
    ./components/items/itemDrawer/DrawerEditContent.tsx [Client Component SSR]
    ./components/items/itemDrawer/ItemDrawer.tsx [Client Component SSR]
    ./components/items/itemDrawer/ItemDrawer.tsx [Server Component]
    ./app/dashboard/page.tsx [Server Component]

https://nextjs.org/docs/messages/module-not-found @ http://localhost:3000/_next/static/chunks/node_modules_next_dist_0u_w_5s._.js:1945
[  663446ms] [ERROR] ./components/ui/popover.tsx:6:1
Module not found: Can't resolve '@/lib/utils'
  4 | import { Popover as PopoverPrimitive } from "radix-ui"
  5 |
> 6 | import { cn } from "@/lib/utils"
    | ^^^^^^^^^^^^^^^^^^^^^^^^^^^^^^^^
  7 |
  8 | function Popover({
  9 |   ...props

Import map: aliased to relative './lib/utils' inside of [project]/

Import traces:
  Client Component Browser:
    ./components/ui/popover.tsx [Client Component Browser]
    ./components/collections/collectionPicker/CollectionPicker.tsx [Client Component Browser]
    ./components/items/itemDrawer/DrawerEditContent.tsx [Client Component Browser]
    ./components/items/itemDrawer/ItemDrawer.tsx [Client Component Browser]
    ./components/items/itemDrawer/ItemDrawer.tsx [Server Component]
    ./app/dashboard/page.tsx [Server Component]

  Client Component SSR:
    ./components/ui/popover.tsx [Client Component SSR]
    ./components/collections/collectionPicker/CollectionPicker.tsx [Client Component SSR]
    ./components/items/itemDrawer/DrawerEditContent.tsx [Client Component SSR]
    ./components/items/itemDrawer/ItemDrawer.tsx [Client Component SSR]
    ./components/items/itemDrawer/ItemDrawer.tsx [Server Component]
    ./app/dashboard/page.tsx [Server Component]

https://nextjs.org/docs/messages/module-not-found @ http://localhost:3000/_next/static/chunks/node_modules_next_dist_0u_w_5s._.js:1945
[  663509ms] [ERROR] ./components/ui/popover.tsx:6:1
Module not found: Can't resolve '@/lib/utils'
  4 | import { Popover as PopoverPrimitive } from "radix-ui"
  5 |
> 6 | import { cn } from "@/lib/utils"
    | ^^^^^^^^^^^^^^^^^^^^^^^^^^^^^^^^
  7 |
  8 | function Popover({
  9 |   ...props

Import map: aliased to relative './lib/utils' inside of [project]/

Import traces:
  Client Component Browser:
    ./components/ui/popover.tsx [Client Component Browser]
    ./components/collections/collectionPicker/CollectionPicker.tsx [Client Component Browser]
    ./components/items/itemDrawer/DrawerEditContent.tsx [Client Component Browser]
    ./components/items/itemDrawer/ItemDrawer.tsx [Client Component Browser]
    ./components/items/itemDrawer/ItemDrawer.tsx [Server Component]
    ./app/dashboard/page.tsx [Server Component]

  Client Component SSR:
    ./components/ui/popover.tsx [Client Component SSR]
    ./components/collections/collectionPicker/CollectionPicker.tsx [Client Component SSR]
    ./components/items/itemDrawer/DrawerEditContent.tsx [Client Component SSR]
    ./components/items/itemDrawer/ItemDrawer.tsx [Client Component SSR]
    ./components/items/itemDrawer/ItemDrawer.tsx [Server Component]
    ./app/dashboard/page.tsx [Server Component]

https://nextjs.org/docs/messages/module-not-found @ http://localhost:3000/_next/static/chunks/node_modules_next_dist_0u_w_5s._.js:1945
[  663570ms] [ERROR] ./components/ui/popover.tsx:6:1
Module not found: Can't resolve '@/lib/utils'
  4 | import { Popover as PopoverPrimitive } from "radix-ui"
  5 |
> 6 | import { cn } from "@/lib/utils"
    | ^^^^^^^^^^^^^^^^^^^^^^^^^^^^^^^^
  7 |
  8 | function Popover({
  9 |   ...props

Import map: aliased to relative './lib/utils' inside of [project]/

Import traces:
  Client Component Browser:
    ./components/ui/popover.tsx [Client Component Browser]
    ./components/collections/collectionPicker/CollectionPicker.tsx [Client Component Browser]
    ./components/items/itemDrawer/DrawerEditContent.tsx [Client Component Browser]
    ./components/items/itemDrawer/ItemDrawer.tsx [Client Component Browser]
    ./components/items/itemDrawer/ItemDrawer.tsx [Server Component]
    ./app/dashboard/page.tsx [Server Component]

  Client Component SSR:
    ./components/ui/popover.tsx [Client Component SSR]
    ./components/collections/collectionPicker/CollectionPicker.tsx [Client Component SSR]
    ./components/items/itemDrawer/DrawerEditContent.tsx [Client Component SSR]
    ./components/items/itemDrawer/ItemDrawer.tsx [Client Component SSR]
    ./components/items/itemDrawer/ItemDrawer.tsx [Server Component]
    ./app/dashboard/page.tsx [Server Component]

https://nextjs.org/docs/messages/module-not-found @ http://localhost:3000/_next/static/chunks/node_modules_next_dist_0u_w_5s._.js:1945
[  663631ms] [ERROR] ./components/ui/popover.tsx:6:1
Module not found: Can't resolve '@/lib/utils'
  4 | import { Popover as PopoverPrimitive } from "radix-ui"
  5 |
> 6 | import { cn } from "@/lib/utils"
    | ^^^^^^^^^^^^^^^^^^^^^^^^^^^^^^^^
  7 |
  8 | function Popover({
  9 |   ...props

Import map: aliased to relative './lib/utils' inside of [project]/

Import traces:
  Client Component Browser:
    ./components/ui/popover.tsx [Client Component Browser]
    ./components/collections/collectionPicker/CollectionPicker.tsx [Client Component Browser]
    ./components/items/itemDrawer/DrawerEditContent.tsx [Client Component Browser]
    ./components/items/itemDrawer/ItemDrawer.tsx [Client Component Browser]
    ./components/items/itemDrawer/ItemDrawer.tsx [Server Component]
    ./app/dashboard/page.tsx [Server Component]

  Client Component SSR:
    ./components/ui/popover.tsx [Client Component SSR]
    ./components/collections/collectionPicker/CollectionPicker.tsx [Client Component SSR]
    ./components/items/itemDrawer/DrawerEditContent.tsx [Client Component SSR]
    ./components/items/itemDrawer/ItemDrawer.tsx [Client Component SSR]
    ./components/items/itemDrawer/ItemDrawer.tsx [Server Component]
    ./app/dashboard/page.tsx [Server Component]

https://nextjs.org/docs/messages/module-not-found @ http://localhost:3000/_next/static/chunks/node_modules_next_dist_0u_w_5s._.js:1945
[  663693ms] [ERROR] ./components/ui/popover.tsx:6:1
Module not found: Can't resolve '@/lib/utils'
  4 | import { Popover as PopoverPrimitive } from "radix-ui"
  5 |
> 6 | import { cn } from "@/lib/utils"
    | ^^^^^^^^^^^^^^^^^^^^^^^^^^^^^^^^
  7 |
  8 | function Popover({
  9 |   ...props

Import map: aliased to relative './lib/utils' inside of [project]/

Import traces:
  Client Component Browser:
    ./components/ui/popover.tsx [Client Component Browser]
    ./components/collections/collectionPicker/CollectionPicker.tsx [Client Component Browser]
    ./components/items/itemDrawer/DrawerEditContent.tsx [Client Component Browser]
    ./components/items/itemDrawer/ItemDrawer.tsx [Client Component Browser]
    ./components/items/itemDrawer/ItemDrawer.tsx [Server Component]
    ./app/dashboard/page.tsx [Server Component]

  Client Component SSR:
    ./components/ui/popover.tsx [Client Component SSR]
    ./components/collections/collectionPicker/CollectionPicker.tsx [Client Component SSR]
    ./components/items/itemDrawer/DrawerEditContent.tsx [Client Component SSR]
    ./components/items/itemDrawer/ItemDrawer.tsx [Client Component SSR]
    ./components/items/itemDrawer/ItemDrawer.tsx [Server Component]
    ./app/dashboard/page.tsx [Server Component]

https://nextjs.org/docs/messages/module-not-found @ http://localhost:3000/_next/static/chunks/node_modules_next_dist_0u_w_5s._.js:1945
[  663754ms] [ERROR] ./components/ui/popover.tsx:6:1
Module not found: Can't resolve '@/lib/utils'
  4 | import { Popover as PopoverPrimitive } from "radix-ui"
  5 |
> 6 | import { cn } from "@/lib/utils"
    | ^^^^^^^^^^^^^^^^^^^^^^^^^^^^^^^^
  7 |
  8 | function Popover({
  9 |   ...props

Import map: aliased to relative './lib/utils' inside of [project]/

Import traces:
  Client Component Browser:
    ./components/ui/popover.tsx [Client Component Browser]
    ./components/collections/collectionPicker/CollectionPicker.tsx [Client Component Browser]
    ./components/items/itemDrawer/DrawerEditContent.tsx [Client Component Browser]
    ./components/items/itemDrawer/ItemDrawer.tsx [Client Component Browser]
    ./components/items/itemDrawer/ItemDrawer.tsx [Server Component]
    ./app/dashboard/page.tsx [Server Component]

  Client Component SSR:
    ./components/ui/popover.tsx [Client Component SSR]
    ./components/collections/collectionPicker/CollectionPicker.tsx [Client Component SSR]
    ./components/items/itemDrawer/DrawerEditContent.tsx [Client Component SSR]
    ./components/items/itemDrawer/ItemDrawer.tsx [Client Component SSR]
    ./components/items/itemDrawer/ItemDrawer.tsx [Server Component]
    ./app/dashboard/page.tsx [Server Component]

https://nextjs.org/docs/messages/module-not-found @ http://localhost:3000/_next/static/chunks/node_modules_next_dist_0u_w_5s._.js:1945
[  663816ms] [ERROR] ./components/ui/popover.tsx:6:1
Module not found: Can't resolve '@/lib/utils'
  4 | import { Popover as PopoverPrimitive } from "radix-ui"
  5 |
> 6 | import { cn } from "@/lib/utils"
    | ^^^^^^^^^^^^^^^^^^^^^^^^^^^^^^^^
  7 |
  8 | function Popover({
  9 |   ...props

Import map: aliased to relative './lib/utils' inside of [project]/

Import traces:
  Client Component Browser:
    ./components/ui/popover.tsx [Client Component Browser]
    ./components/collections/collectionPicker/CollectionPicker.tsx [Client Component Browser]
    ./components/items/itemDrawer/DrawerEditContent.tsx [Client Component Browser]
    ./components/items/itemDrawer/ItemDrawer.tsx [Client Component Browser]
    ./components/items/itemDrawer/ItemDrawer.tsx [Server Component]
    ./app/dashboard/page.tsx [Server Component]

  Client Component SSR:
    ./components/ui/popover.tsx [Client Component SSR]
    ./components/collections/collectionPicker/CollectionPicker.tsx [Client Component SSR]
    ./components/items/itemDrawer/DrawerEditContent.tsx [Client Component SSR]
    ./components/items/itemDrawer/ItemDrawer.tsx [Client Component SSR]
    ./components/items/itemDrawer/ItemDrawer.tsx [Server Component]
    ./app/dashboard/page.tsx [Server Component]

https://nextjs.org/docs/messages/module-not-found @ http://localhost:3000/_next/static/chunks/node_modules_next_dist_0u_w_5s._.js:1945
[  663877ms] [ERROR] ./components/ui/popover.tsx:6:1
Module not found: Can't resolve '@/lib/utils'
  4 | import { Popover as PopoverPrimitive } from "radix-ui"
  5 |
> 6 | import { cn } from "@/lib/utils"
    | ^^^^^^^^^^^^^^^^^^^^^^^^^^^^^^^^
  7 |
  8 | function Popover({
  9 |   ...props

Import map: aliased to relative './lib/utils' inside of [project]/

Import traces:
  Client Component Browser:
    ./components/ui/popover.tsx [Client Component Browser]
    ./components/collections/collectionPicker/CollectionPicker.tsx [Client Component Browser]
    ./components/items/itemDrawer/DrawerEditContent.tsx [Client Component Browser]
    ./components/items/itemDrawer/ItemDrawer.tsx [Client Component Browser]
    ./components/items/itemDrawer/ItemDrawer.tsx [Server Component]
    ./app/dashboard/page.tsx [Server Component]

  Client Component SSR:
    ./components/ui/popover.tsx [Client Component SSR]
    ./components/collections/collectionPicker/CollectionPicker.tsx [Client Component SSR]
    ./components/items/itemDrawer/DrawerEditContent.tsx [Client Component SSR]
    ./components/items/itemDrawer/ItemDrawer.tsx [Client Component SSR]
    ./components/items/itemDrawer/ItemDrawer.tsx [Server Component]
    ./app/dashboard/page.tsx [Server Component]

https://nextjs.org/docs/messages/module-not-found @ http://localhost:3000/_next/static/chunks/node_modules_next_dist_0u_w_5s._.js:1945
[  663938ms] [ERROR] ./components/ui/popover.tsx:6:1
Module not found: Can't resolve '@/lib/utils'
  4 | import { Popover as PopoverPrimitive } from "radix-ui"
  5 |
> 6 | import { cn } from "@/lib/utils"
    | ^^^^^^^^^^^^^^^^^^^^^^^^^^^^^^^^
  7 |
  8 | function Popover({
  9 |   ...props

Import map: aliased to relative './lib/utils' inside of [project]/

Import traces:
  Client Component Browser:
    ./components/ui/popover.tsx [Client Component Browser]
    ./components/collections/collectionPicker/CollectionPicker.tsx [Client Component Browser]
    ./components/items/itemDrawer/DrawerEditContent.tsx [Client Component Browser]
    ./components/items/itemDrawer/ItemDrawer.tsx [Client Component Browser]
    ./components/items/itemDrawer/ItemDrawer.tsx [Server Component]
    ./app/dashboard/page.tsx [Server Component]

  Client Component SSR:
    ./components/ui/popover.tsx [Client Component SSR]
    ./components/collections/collectionPicker/CollectionPicker.tsx [Client Component SSR]
    ./components/items/itemDrawer/DrawerEditContent.tsx [Client Component SSR]
    ./components/items/itemDrawer/ItemDrawer.tsx [Client Component SSR]
    ./components/items/itemDrawer/ItemDrawer.tsx [Server Component]
    ./app/dashboard/page.tsx [Server Component]

https://nextjs.org/docs/messages/module-not-found @ http://localhost:3000/_next/static/chunks/node_modules_next_dist_0u_w_5s._.js:1945
[  664000ms] [ERROR] ./components/ui/popover.tsx:6:1
Module not found: Can't resolve '@/lib/utils'
  4 | import { Popover as PopoverPrimitive } from "radix-ui"
  5 |
> 6 | import { cn } from "@/lib/utils"
    | ^^^^^^^^^^^^^^^^^^^^^^^^^^^^^^^^
  7 |
  8 | function Popover({
  9 |   ...props

Import map: aliased to relative './lib/utils' inside of [project]/

Import traces:
  Client Component Browser:
    ./components/ui/popover.tsx [Client Component Browser]
    ./components/collections/collectionPicker/CollectionPicker.tsx [Client Component Browser]
    ./components/items/itemDrawer/DrawerEditContent.tsx [Client Component Browser]
    ./components/items/itemDrawer/ItemDrawer.tsx [Client Component Browser]
    ./components/items/itemDrawer/ItemDrawer.tsx [Server Component]
    ./app/dashboard/page.tsx [Server Component]

  Client Component SSR:
    ./components/ui/popover.tsx [Client Component SSR]
    ./components/collections/collectionPicker/CollectionPicker.tsx [Client Component SSR]
    ./components/items/itemDrawer/DrawerEditContent.tsx [Client Component SSR]
    ./components/items/itemDrawer/ItemDrawer.tsx [Client Component SSR]
    ./components/items/itemDrawer/ItemDrawer.tsx [Server Component]
    ./app/dashboard/page.tsx [Server Component]

https://nextjs.org/docs/messages/module-not-found @ http://localhost:3000/_next/static/chunks/node_modules_next_dist_0u_w_5s._.js:1945
[  664061ms] [ERROR] ./components/ui/popover.tsx:6:1
Module not found: Can't resolve '@/lib/utils'
  4 | import { Popover as PopoverPrimitive } from "radix-ui"
  5 |
> 6 | import { cn } from "@/lib/utils"
    | ^^^^^^^^^^^^^^^^^^^^^^^^^^^^^^^^
  7 |
  8 | function Popover({
  9 |   ...props

Import map: aliased to relative './lib/utils' inside of [project]/

Import traces:
  Client Component Browser:
    ./components/ui/popover.tsx [Client Component Browser]
    ./components/collections/collectionPicker/CollectionPicker.tsx [Client Component Browser]
    ./components/items/itemDrawer/DrawerEditContent.tsx [Client Component Browser]
    ./components/items/itemDrawer/ItemDrawer.tsx [Client Component Browser]
    ./components/items/itemDrawer/ItemDrawer.tsx [Server Component]
    ./app/dashboard/page.tsx [Server Component]

  Client Component SSR:
    ./components/ui/popover.tsx [Client Component SSR]
    ./components/collections/collectionPicker/CollectionPicker.tsx [Client Component SSR]
    ./components/items/itemDrawer/DrawerEditContent.tsx [Client Component SSR]
    ./components/items/itemDrawer/ItemDrawer.tsx [Client Component SSR]
    ./components/items/itemDrawer/ItemDrawer.tsx [Server Component]
    ./app/dashboard/page.tsx [Server Component]

https://nextjs.org/docs/messages/module-not-found @ http://localhost:3000/_next/static/chunks/node_modules_next_dist_0u_w_5s._.js:1945
[  664123ms] [ERROR] ./components/ui/popover.tsx:6:1
Module not found: Can't resolve '@/lib/utils'
  4 | import { Popover as PopoverPrimitive } from "radix-ui"
  5 |
> 6 | import { cn } from "@/lib/utils"
    | ^^^^^^^^^^^^^^^^^^^^^^^^^^^^^^^^
  7 |
  8 | function Popover({
  9 |   ...props

Import map: aliased to relative './lib/utils' inside of [project]/

Import traces:
  Client Component Browser:
    ./components/ui/popover.tsx [Client Component Browser]
    ./components/collections/collectionPicker/CollectionPicker.tsx [Client Component Browser]
    ./components/items/itemDrawer/DrawerEditContent.tsx [Client Component Browser]
    ./components/items/itemDrawer/ItemDrawer.tsx [Client Component Browser]
    ./components/items/itemDrawer/ItemDrawer.tsx [Server Component]
    ./app/dashboard/page.tsx [Server Component]

  Client Component SSR:
    ./components/ui/popover.tsx [Client Component SSR]
    ./components/collections/collectionPicker/CollectionPicker.tsx [Client Component SSR]
    ./components/items/itemDrawer/DrawerEditContent.tsx [Client Component SSR]
    ./components/items/itemDrawer/ItemDrawer.tsx [Client Component SSR]
    ./components/items/itemDrawer/ItemDrawer.tsx [Server Component]
    ./app/dashboard/page.tsx [Server Component]

https://nextjs.org/docs/messages/module-not-found @ http://localhost:3000/_next/static/chunks/node_modules_next_dist_0u_w_5s._.js:1945
[  664186ms] [ERROR] ./components/ui/popover.tsx:6:1
Module not found: Can't resolve '@/lib/utils'
  4 | import { Popover as PopoverPrimitive } from "radix-ui"
  5 |
> 6 | import { cn } from "@/lib/utils"
    | ^^^^^^^^^^^^^^^^^^^^^^^^^^^^^^^^
  7 |
  8 | function Popover({
  9 |   ...props

Import map: aliased to relative './lib/utils' inside of [project]/

Import traces:
  Client Component Browser:
    ./components/ui/popover.tsx [Client Component Browser]
    ./components/collections/collectionPicker/CollectionPicker.tsx [Client Component Browser]
    ./components/items/itemDrawer/DrawerEditContent.tsx [Client Component Browser]
    ./components/items/itemDrawer/ItemDrawer.tsx [Client Component Browser]
    ./components/items/itemDrawer/ItemDrawer.tsx [Server Component]
    ./app/dashboard/page.tsx [Server Component]

  Client Component SSR:
    ./components/ui/popover.tsx [Client Component SSR]
    ./components/collections/collectionPicker/CollectionPicker.tsx [Client Component SSR]
    ./components/items/itemDrawer/DrawerEditContent.tsx [Client Component SSR]
    ./components/items/itemDrawer/ItemDrawer.tsx [Client Component SSR]
    ./components/items/itemDrawer/ItemDrawer.tsx [Server Component]
    ./app/dashboard/page.tsx [Server Component]

https://nextjs.org/docs/messages/module-not-found @ http://localhost:3000/_next/static/chunks/node_modules_next_dist_0u_w_5s._.js:1945
[  664248ms] [ERROR] ./components/ui/popover.tsx:6:1
Module not found: Can't resolve '@/lib/utils'
  4 | import { Popover as PopoverPrimitive } from "radix-ui"
  5 |
> 6 | import { cn } from "@/lib/utils"
    | ^^^^^^^^^^^^^^^^^^^^^^^^^^^^^^^^
  7 |
  8 | function Popover({
  9 |   ...props

Import map: aliased to relative './lib/utils' inside of [project]/

Import traces:
  Client Component Browser:
    ./components/ui/popover.tsx [Client Component Browser]
    ./components/collections/collectionPicker/CollectionPicker.tsx [Client Component Browser]
    ./components/items/itemDrawer/DrawerEditContent.tsx [Client Component Browser]
    ./components/items/itemDrawer/ItemDrawer.tsx [Client Component Browser]
    ./components/items/itemDrawer/ItemDrawer.tsx [Server Component]
    ./app/dashboard/page.tsx [Server Component]

  Client Component SSR:
    ./components/ui/popover.tsx [Client Component SSR]
    ./components/collections/collectionPicker/CollectionPicker.tsx [Client Component SSR]
    ./components/items/itemDrawer/DrawerEditContent.tsx [Client Component SSR]
    ./components/items/itemDrawer/ItemDrawer.tsx [Client Component SSR]
    ./components/items/itemDrawer/ItemDrawer.tsx [Server Component]
    ./app/dashboard/page.tsx [Server Component]

https://nextjs.org/docs/messages/module-not-found @ http://localhost:3000/_next/static/chunks/node_modules_next_dist_0u_w_5s._.js:1945
[  664310ms] [ERROR] ./components/ui/popover.tsx:6:1
Module not found: Can't resolve '@/lib/utils'
  4 | import { Popover as PopoverPrimitive } from "radix-ui"
  5 |
> 6 | import { cn } from "@/lib/utils"
    | ^^^^^^^^^^^^^^^^^^^^^^^^^^^^^^^^
  7 |
  8 | function Popover({
  9 |   ...props

Import map: aliased to relative './lib/utils' inside of [project]/

Import traces:
  Client Component Browser:
    ./components/ui/popover.tsx [Client Component Browser]
    ./components/collections/collectionPicker/CollectionPicker.tsx [Client Component Browser]
    ./components/items/itemDrawer/DrawerEditContent.tsx [Client Component Browser]
    ./components/items/itemDrawer/ItemDrawer.tsx [Client Component Browser]
    ./components/items/itemDrawer/ItemDrawer.tsx [Server Component]
    ./app/dashboard/page.tsx [Server Component]

  Client Component SSR:
    ./components/ui/popover.tsx [Client Component SSR]
    ./components/collections/collectionPicker/CollectionPicker.tsx [Client Component SSR]
    ./components/items/itemDrawer/DrawerEditContent.tsx [Client Component SSR]
    ./components/items/itemDrawer/ItemDrawer.tsx [Client Component SSR]
    ./components/items/itemDrawer/ItemDrawer.tsx [Server Component]
    ./app/dashboard/page.tsx [Server Component]

https://nextjs.org/docs/messages/module-not-found @ http://localhost:3000/_next/static/chunks/node_modules_next_dist_0u_w_5s._.js:1945
[  664371ms] [ERROR] ./components/ui/popover.tsx:6:1
Module not found: Can't resolve '@/lib/utils'
  4 | import { Popover as PopoverPrimitive } from "radix-ui"
  5 |
> 6 | import { cn } from "@/lib/utils"
    | ^^^^^^^^^^^^^^^^^^^^^^^^^^^^^^^^
  7 |
  8 | function Popover({
  9 |   ...props

Import map: aliased to relative './lib/utils' inside of [project]/

Import traces:
  Client Component Browser:
    ./components/ui/popover.tsx [Client Component Browser]
    ./components/collections/collectionPicker/CollectionPicker.tsx [Client Component Browser]
    ./components/items/itemDrawer/DrawerEditContent.tsx [Client Component Browser]
    ./components/items/itemDrawer/ItemDrawer.tsx [Client Component Browser]
    ./components/items/itemDrawer/ItemDrawer.tsx [Server Component]
    ./app/dashboard/page.tsx [Server Component]

  Client Component SSR:
    ./components/ui/popover.tsx [Client Component SSR]
    ./components/collections/collectionPicker/CollectionPicker.tsx [Client Component SSR]
    ./components/items/itemDrawer/DrawerEditContent.tsx [Client Component SSR]
    ./components/items/itemDrawer/ItemDrawer.tsx [Client Component SSR]
    ./components/items/itemDrawer/ItemDrawer.tsx [Server Component]
    ./app/dashboard/page.tsx [Server Component]

https://nextjs.org/docs/messages/module-not-found @ http://localhost:3000/_next/static/chunks/node_modules_next_dist_0u_w_5s._.js:1945
[  664433ms] [ERROR] ./components/ui/popover.tsx:6:1
Module not found: Can't resolve '@/lib/utils'
  4 | import { Popover as PopoverPrimitive } from "radix-ui"
  5 |
> 6 | import { cn } from "@/lib/utils"
    | ^^^^^^^^^^^^^^^^^^^^^^^^^^^^^^^^
  7 |
  8 | function Popover({
  9 |   ...props

Import map: aliased to relative './lib/utils' inside of [project]/

Import traces:
  Client Component Browser:
    ./components/ui/popover.tsx [Client Component Browser]
    ./components/collections/collectionPicker/CollectionPicker.tsx [Client Component Browser]
    ./components/items/itemDrawer/DrawerEditContent.tsx [Client Component Browser]
    ./components/items/itemDrawer/ItemDrawer.tsx [Client Component Browser]
    ./components/items/itemDrawer/ItemDrawer.tsx [Server Component]
    ./app/dashboard/page.tsx [Server Component]

  Client Component SSR:
    ./components/ui/popover.tsx [Client Component SSR]
    ./components/collections/collectionPicker/CollectionPicker.tsx [Client Component SSR]
    ./components/items/itemDrawer/DrawerEditContent.tsx [Client Component SSR]
    ./components/items/itemDrawer/ItemDrawer.tsx [Client Component SSR]
    ./components/items/itemDrawer/ItemDrawer.tsx [Server Component]
    ./app/dashboard/page.tsx [Server Component]

https://nextjs.org/docs/messages/module-not-found @ http://localhost:3000/_next/static/chunks/node_modules_next_dist_0u_w_5s._.js:1945
[  664494ms] [ERROR] ./components/ui/popover.tsx:6:1
Module not found: Can't resolve '@/lib/utils'
  4 | import { Popover as PopoverPrimitive } from "radix-ui"
  5 |
> 6 | import { cn } from "@/lib/utils"
    | ^^^^^^^^^^^^^^^^^^^^^^^^^^^^^^^^
  7 |
  8 | function Popover({
  9 |   ...props

Import map: aliased to relative './lib/utils' inside of [project]/

Import traces:
  Client Component Browser:
    ./components/ui/popover.tsx [Client Component Browser]
    ./components/collections/collectionPicker/CollectionPicker.tsx [Client Component Browser]
    ./components/items/itemDrawer/DrawerEditContent.tsx [Client Component Browser]
    ./components/items/itemDrawer/ItemDrawer.tsx [Client Component Browser]
    ./components/items/itemDrawer/ItemDrawer.tsx [Server Component]
    ./app/dashboard/page.tsx [Server Component]

  Client Component SSR:
    ./components/ui/popover.tsx [Client Component SSR]
    ./components/collections/collectionPicker/CollectionPicker.tsx [Client Component SSR]
    ./components/items/itemDrawer/DrawerEditContent.tsx [Client Component SSR]
    ./components/items/itemDrawer/ItemDrawer.tsx [Client Component SSR]
    ./components/items/itemDrawer/ItemDrawer.tsx [Server Component]
    ./app/dashboard/page.tsx [Server Component]

https://nextjs.org/docs/messages/module-not-found @ http://localhost:3000/_next/static/chunks/node_modules_next_dist_0u_w_5s._.js:1945
[  664555ms] [ERROR] ./components/ui/popover.tsx:6:1
Module not found: Can't resolve '@/lib/utils'
  4 | import { Popover as PopoverPrimitive } from "radix-ui"
  5 |
> 6 | import { cn } from "@/lib/utils"
    | ^^^^^^^^^^^^^^^^^^^^^^^^^^^^^^^^
  7 |
  8 | function Popover({
  9 |   ...props

Import map: aliased to relative './lib/utils' inside of [project]/

Import traces:
  Client Component Browser:
    ./components/ui/popover.tsx [Client Component Browser]
    ./components/collections/collectionPicker/CollectionPicker.tsx [Client Component Browser]
    ./components/items/itemDrawer/DrawerEditContent.tsx [Client Component Browser]
    ./components/items/itemDrawer/ItemDrawer.tsx [Client Component Browser]
    ./components/items/itemDrawer/ItemDrawer.tsx [Server Component]
    ./app/dashboard/page.tsx [Server Component]

  Client Component SSR:
    ./components/ui/popover.tsx [Client Component SSR]
    ./components/collections/collectionPicker/CollectionPicker.tsx [Client Component SSR]
    ./components/items/itemDrawer/DrawerEditContent.tsx [Client Component SSR]
    ./components/items/itemDrawer/ItemDrawer.tsx [Client Component SSR]
    ./components/items/itemDrawer/ItemDrawer.tsx [Server Component]
    ./app/dashboard/page.tsx [Server Component]

https://nextjs.org/docs/messages/module-not-found @ http://localhost:3000/_next/static/chunks/node_modules_next_dist_0u_w_5s._.js:1945
[  664617ms] [ERROR] ./components/ui/popover.tsx:6:1
Module not found: Can't resolve '@/lib/utils'
  4 | import { Popover as PopoverPrimitive } from "radix-ui"
  5 |
> 6 | import { cn } from "@/lib/utils"
    | ^^^^^^^^^^^^^^^^^^^^^^^^^^^^^^^^
  7 |
  8 | function Popover({
  9 |   ...props

Import map: aliased to relative './lib/utils' inside of [project]/

Import traces:
  Client Component Browser:
    ./components/ui/popover.tsx [Client Component Browser]
    ./components/collections/collectionPicker/CollectionPicker.tsx [Client Component Browser]
    ./components/items/itemDrawer/DrawerEditContent.tsx [Client Component Browser]
    ./components/items/itemDrawer/ItemDrawer.tsx [Client Component Browser]
    ./components/items/itemDrawer/ItemDrawer.tsx [Server Component]
    ./app/dashboard/page.tsx [Server Component]

  Client Component SSR:
    ./components/ui/popover.tsx [Client Component SSR]
    ./components/collections/collectionPicker/CollectionPicker.tsx [Client Component SSR]
    ./components/items/itemDrawer/DrawerEditContent.tsx [Client Component SSR]
    ./components/items/itemDrawer/ItemDrawer.tsx [Client Component SSR]
    ./components/items/itemDrawer/ItemDrawer.tsx [Server Component]
    ./app/dashboard/page.tsx [Server Component]

https://nextjs.org/docs/messages/module-not-found @ http://localhost:3000/_next/static/chunks/node_modules_next_dist_0u_w_5s._.js:1945
[  664678ms] [ERROR] ./components/ui/popover.tsx:6:1
Module not found: Can't resolve '@/lib/utils'
  4 | import { Popover as PopoverPrimitive } from "radix-ui"
  5 |
> 6 | import { cn } from "@/lib/utils"
    | ^^^^^^^^^^^^^^^^^^^^^^^^^^^^^^^^
  7 |
  8 | function Popover({
  9 |   ...props

Import map: aliased to relative './lib/utils' inside of [project]/

Import traces:
  Client Component Browser:
    ./components/ui/popover.tsx [Client Component Browser]
    ./components/collections/collectionPicker/CollectionPicker.tsx [Client Component Browser]
    ./components/items/itemDrawer/DrawerEditContent.tsx [Client Component Browser]
    ./components/items/itemDrawer/ItemDrawer.tsx [Client Component Browser]
    ./components/items/itemDrawer/ItemDrawer.tsx [Server Component]
    ./app/dashboard/page.tsx [Server Component]

  Client Component SSR:
    ./components/ui/popover.tsx [Client Component SSR]
    ./components/collections/collectionPicker/CollectionPicker.tsx [Client Component SSR]
    ./components/items/itemDrawer/DrawerEditContent.tsx [Client Component SSR]
    ./components/items/itemDrawer/ItemDrawer.tsx [Client Component SSR]
    ./components/items/itemDrawer/ItemDrawer.tsx [Server Component]
    ./app/dashboard/page.tsx [Server Component]

https://nextjs.org/docs/messages/module-not-found @ http://localhost:3000/_next/static/chunks/node_modules_next_dist_0u_w_5s._.js:1945
[  664739ms] [ERROR] ./components/ui/popover.tsx:6:1
Module not found: Can't resolve '@/lib/utils'
  4 | import { Popover as PopoverPrimitive } from "radix-ui"
  5 |
> 6 | import { cn } from "@/lib/utils"
    | ^^^^^^^^^^^^^^^^^^^^^^^^^^^^^^^^
  7 |
  8 | function Popover({
  9 |   ...props

Import map: aliased to relative './lib/utils' inside of [project]/

Import traces:
  Client Component Browser:
    ./components/ui/popover.tsx [Client Component Browser]
    ./components/collections/collectionPicker/CollectionPicker.tsx [Client Component Browser]
    ./components/items/itemDrawer/DrawerEditContent.tsx [Client Component Browser]
    ./components/items/itemDrawer/ItemDrawer.tsx [Client Component Browser]
    ./components/items/itemDrawer/ItemDrawer.tsx [Server Component]
    ./app/dashboard/page.tsx [Server Component]

  Client Component SSR:
    ./components/ui/popover.tsx [Client Component SSR]
    ./components/collections/collectionPicker/CollectionPicker.tsx [Client Component SSR]
    ./components/items/itemDrawer/DrawerEditContent.tsx [Client Component SSR]
    ./components/items/itemDrawer/ItemDrawer.tsx [Client Component SSR]
    ./components/items/itemDrawer/ItemDrawer.tsx [Server Component]
    ./app/dashboard/page.tsx [Server Component]

https://nextjs.org/docs/messages/module-not-found @ http://localhost:3000/_next/static/chunks/node_modules_next_dist_0u_w_5s._.js:1945
[  664800ms] [ERROR] ./components/ui/popover.tsx:6:1
Module not found: Can't resolve '@/lib/utils'
  4 | import { Popover as PopoverPrimitive } from "radix-ui"
  5 |
> 6 | import { cn } from "@/lib/utils"
    | ^^^^^^^^^^^^^^^^^^^^^^^^^^^^^^^^
  7 |
  8 | function Popover({
  9 |   ...props

Import map: aliased to relative './lib/utils' inside of [project]/

Import traces:
  Client Component Browser:
    ./components/ui/popover.tsx [Client Component Browser]
    ./components/collections/collectionPicker/CollectionPicker.tsx [Client Component Browser]
    ./components/items/itemDrawer/DrawerEditContent.tsx [Client Component Browser]
    ./components/items/itemDrawer/ItemDrawer.tsx [Client Component Browser]
    ./components/items/itemDrawer/ItemDrawer.tsx [Server Component]
    ./app/dashboard/page.tsx [Server Component]

  Client Component SSR:
    ./components/ui/popover.tsx [Client Component SSR]
    ./components/collections/collectionPicker/CollectionPicker.tsx [Client Component SSR]
    ./components/items/itemDrawer/DrawerEditContent.tsx [Client Component SSR]
    ./components/items/itemDrawer/ItemDrawer.tsx [Client Component SSR]
    ./components/items/itemDrawer/ItemDrawer.tsx [Server Component]
    ./app/dashboard/page.tsx [Server Component]

https://nextjs.org/docs/messages/module-not-found @ http://localhost:3000/_next/static/chunks/node_modules_next_dist_0u_w_5s._.js:1945
[  664862ms] [ERROR] ./components/ui/popover.tsx:6:1
Module not found: Can't resolve '@/lib/utils'
  4 | import { Popover as PopoverPrimitive } from "radix-ui"
  5 |
> 6 | import { cn } from "@/lib/utils"
    | ^^^^^^^^^^^^^^^^^^^^^^^^^^^^^^^^
  7 |
  8 | function Popover({
  9 |   ...props

Import map: aliased to relative './lib/utils' inside of [project]/

Import traces:
  Client Component Browser:
    ./components/ui/popover.tsx [Client Component Browser]
    ./components/collections/collectionPicker/CollectionPicker.tsx [Client Component Browser]
    ./components/items/itemDrawer/DrawerEditContent.tsx [Client Component Browser]
    ./components/items/itemDrawer/ItemDrawer.tsx [Client Component Browser]
    ./components/items/itemDrawer/ItemDrawer.tsx [Server Component]
    ./app/dashboard/page.tsx [Server Component]

  Client Component SSR:
    ./components/ui/popover.tsx [Client Component SSR]
    ./components/collections/collectionPicker/CollectionPicker.tsx [Client Component SSR]
    ./components/items/itemDrawer/DrawerEditContent.tsx [Client Component SSR]
    ./components/items/itemDrawer/ItemDrawer.tsx [Client Component SSR]
    ./components/items/itemDrawer/ItemDrawer.tsx [Server Component]
    ./app/dashboard/page.tsx [Server Component]

https://nextjs.org/docs/messages/module-not-found @ http://localhost:3000/_next/static/chunks/node_modules_next_dist_0u_w_5s._.js:1945
[  664923ms] [ERROR] ./components/ui/popover.tsx:6:1
Module not found: Can't resolve '@/lib/utils'
  4 | import { Popover as PopoverPrimitive } from "radix-ui"
  5 |
> 6 | import { cn } from "@/lib/utils"
    | ^^^^^^^^^^^^^^^^^^^^^^^^^^^^^^^^
  7 |
  8 | function Popover({
  9 |   ...props

Import map: aliased to relative './lib/utils' inside of [project]/

Import traces:
  Client Component Browser:
    ./components/ui/popover.tsx [Client Component Browser]
    ./components/collections/collectionPicker/CollectionPicker.tsx [Client Component Browser]
    ./components/items/itemDrawer/DrawerEditContent.tsx [Client Component Browser]
    ./components/items/itemDrawer/ItemDrawer.tsx [Client Component Browser]
    ./components/items/itemDrawer/ItemDrawer.tsx [Server Component]
    ./app/dashboard/page.tsx [Server Component]

  Client Component SSR:
    ./components/ui/popover.tsx [Client Component SSR]
    ./components/collections/collectionPicker/CollectionPicker.tsx [Client Component SSR]
    ./components/items/itemDrawer/DrawerEditContent.tsx [Client Component SSR]
    ./components/items/itemDrawer/ItemDrawer.tsx [Client Component SSR]
    ./components/items/itemDrawer/ItemDrawer.tsx [Server Component]
    ./app/dashboard/page.tsx [Server Component]

https://nextjs.org/docs/messages/module-not-found @ http://localhost:3000/_next/static/chunks/node_modules_next_dist_0u_w_5s._.js:1945
[  664985ms] [ERROR] ./components/ui/popover.tsx:6:1
Module not found: Can't resolve '@/lib/utils'
  4 | import { Popover as PopoverPrimitive } from "radix-ui"
  5 |
> 6 | import { cn } from "@/lib/utils"
    | ^^^^^^^^^^^^^^^^^^^^^^^^^^^^^^^^
  7 |
  8 | function Popover({
  9 |   ...props

Import map: aliased to relative './lib/utils' inside of [project]/

Import traces:
  Client Component Browser:
    ./components/ui/popover.tsx [Client Component Browser]
    ./components/collections/collectionPicker/CollectionPicker.tsx [Client Component Browser]
    ./components/items/itemDrawer/DrawerEditContent.tsx [Client Component Browser]
    ./components/items/itemDrawer/ItemDrawer.tsx [Client Component Browser]
    ./components/items/itemDrawer/ItemDrawer.tsx [Server Component]
    ./app/dashboard/page.tsx [Server Component]

  Client Component SSR:
    ./components/ui/popover.tsx [Client Component SSR]
    ./components/collections/collectionPicker/CollectionPicker.tsx [Client Component SSR]
    ./components/items/itemDrawer/DrawerEditContent.tsx [Client Component SSR]
    ./components/items/itemDrawer/ItemDrawer.tsx [Client Component SSR]
    ./components/items/itemDrawer/ItemDrawer.tsx [Server Component]
    ./app/dashboard/page.tsx [Server Component]

https://nextjs.org/docs/messages/module-not-found @ http://localhost:3000/_next/static/chunks/node_modules_next_dist_0u_w_5s._.js:1945
[  665046ms] [ERROR] ./components/ui/popover.tsx:6:1
Module not found: Can't resolve '@/lib/utils'
  4 | import { Popover as PopoverPrimitive } from "radix-ui"
  5 |
> 6 | import { cn } from "@/lib/utils"
    | ^^^^^^^^^^^^^^^^^^^^^^^^^^^^^^^^
  7 |
  8 | function Popover({
  9 |   ...props

Import map: aliased to relative './lib/utils' inside of [project]/

Import traces:
  Client Component Browser:
    ./components/ui/popover.tsx [Client Component Browser]
    ./components/collections/collectionPicker/CollectionPicker.tsx [Client Component Browser]
    ./components/items/itemDrawer/DrawerEditContent.tsx [Client Component Browser]
    ./components/items/itemDrawer/ItemDrawer.tsx [Client Component Browser]
    ./components/items/itemDrawer/ItemDrawer.tsx [Server Component]
    ./app/dashboard/page.tsx [Server Component]

  Client Component SSR:
    ./components/ui/popover.tsx [Client Component SSR]
    ./components/collections/collectionPicker/CollectionPicker.tsx [Client Component SSR]
    ./components/items/itemDrawer/DrawerEditContent.tsx [Client Component SSR]
    ./components/items/itemDrawer/ItemDrawer.tsx [Client Component SSR]
    ./components/items/itemDrawer/ItemDrawer.tsx [Server Component]
    ./app/dashboard/page.tsx [Server Component]

https://nextjs.org/docs/messages/module-not-found @ http://localhost:3000/_next/static/chunks/node_modules_next_dist_0u_w_5s._.js:1945
[  665109ms] [ERROR] ./components/ui/popover.tsx:6:1
Module not found: Can't resolve '@/lib/utils'
  4 | import { Popover as PopoverPrimitive } from "radix-ui"
  5 |
> 6 | import { cn } from "@/lib/utils"
    | ^^^^^^^^^^^^^^^^^^^^^^^^^^^^^^^^
  7 |
  8 | function Popover({
  9 |   ...props

Import map: aliased to relative './lib/utils' inside of [project]/

Import traces:
  Client Component Browser:
    ./components/ui/popover.tsx [Client Component Browser]
    ./components/collections/collectionPicker/CollectionPicker.tsx [Client Component Browser]
    ./components/items/itemDrawer/DrawerEditContent.tsx [Client Component Browser]
    ./components/items/itemDrawer/ItemDrawer.tsx [Client Component Browser]
    ./components/items/itemDrawer/ItemDrawer.tsx [Server Component]
    ./app/dashboard/page.tsx [Server Component]

  Client Component SSR:
    ./components/ui/popover.tsx [Client Component SSR]
    ./components/collections/collectionPicker/CollectionPicker.tsx [Client Component SSR]
    ./components/items/itemDrawer/DrawerEditContent.tsx [Client Component SSR]
    ./components/items/itemDrawer/ItemDrawer.tsx [Client Component SSR]
    ./components/items/itemDrawer/ItemDrawer.tsx [Server Component]
    ./app/dashboard/page.tsx [Server Component]

https://nextjs.org/docs/messages/module-not-found @ http://localhost:3000/_next/static/chunks/node_modules_next_dist_0u_w_5s._.js:1945
[  665170ms] [ERROR] ./components/ui/popover.tsx:6:1
Module not found: Can't resolve '@/lib/utils'
  4 | import { Popover as PopoverPrimitive } from "radix-ui"
  5 |
> 6 | import { cn } from "@/lib/utils"
    | ^^^^^^^^^^^^^^^^^^^^^^^^^^^^^^^^
  7 |
  8 | function Popover({
  9 |   ...props

Import map: aliased to relative './lib/utils' inside of [project]/

Import traces:
  Client Component Browser:
    ./components/ui/popover.tsx [Client Component Browser]
    ./components/collections/collectionPicker/CollectionPicker.tsx [Client Component Browser]
    ./components/items/itemDrawer/DrawerEditContent.tsx [Client Component Browser]
    ./components/items/itemDrawer/ItemDrawer.tsx [Client Component Browser]
    ./components/items/itemDrawer/ItemDrawer.tsx [Server Component]
    ./app/dashboard/page.tsx [Server Component]

  Client Component SSR:
    ./components/ui/popover.tsx [Client Component SSR]
    ./components/collections/collectionPicker/CollectionPicker.tsx [Client Component SSR]
    ./components/items/itemDrawer/DrawerEditContent.tsx [Client Component SSR]
    ./components/items/itemDrawer/ItemDrawer.tsx [Client Component SSR]
    ./components/items/itemDrawer/ItemDrawer.tsx [Server Component]
    ./app/dashboard/page.tsx [Server Component]

https://nextjs.org/docs/messages/module-not-found @ http://localhost:3000/_next/static/chunks/node_modules_next_dist_0u_w_5s._.js:1945
[  665232ms] [ERROR] ./components/ui/popover.tsx:6:1
Module not found: Can't resolve '@/lib/utils'
  4 | import { Popover as PopoverPrimitive } from "radix-ui"
  5 |
> 6 | import { cn } from "@/lib/utils"
    | ^^^^^^^^^^^^^^^^^^^^^^^^^^^^^^^^
  7 |
  8 | function Popover({
  9 |   ...props

Import map: aliased to relative './lib/utils' inside of [project]/

Import traces:
  Client Component Browser:
    ./components/ui/popover.tsx [Client Component Browser]
    ./components/collections/collectionPicker/CollectionPicker.tsx [Client Component Browser]
    ./components/items/itemDrawer/DrawerEditContent.tsx [Client Component Browser]
    ./components/items/itemDrawer/ItemDrawer.tsx [Client Component Browser]
    ./components/items/itemDrawer/ItemDrawer.tsx [Server Component]
    ./app/dashboard/page.tsx [Server Component]

  Client Component SSR:
    ./components/ui/popover.tsx [Client Component SSR]
    ./components/collections/collectionPicker/CollectionPicker.tsx [Client Component SSR]
    ./components/items/itemDrawer/DrawerEditContent.tsx [Client Component SSR]
    ./components/items/itemDrawer/ItemDrawer.tsx [Client Component SSR]
    ./components/items/itemDrawer/ItemDrawer.tsx [Server Component]
    ./app/dashboard/page.tsx [Server Component]

https://nextjs.org/docs/messages/module-not-found @ http://localhost:3000/_next/static/chunks/node_modules_next_dist_0u_w_5s._.js:1945
[  665293ms] [ERROR] ./components/ui/popover.tsx:6:1
Module not found: Can't resolve '@/lib/utils'
  4 | import { Popover as PopoverPrimitive } from "radix-ui"
  5 |
> 6 | import { cn } from "@/lib/utils"
    | ^^^^^^^^^^^^^^^^^^^^^^^^^^^^^^^^
  7 |
  8 | function Popover({
  9 |   ...props

Import map: aliased to relative './lib/utils' inside of [project]/

Import traces:
  Client Component Browser:
    ./components/ui/popover.tsx [Client Component Browser]
    ./components/collections/collectionPicker/CollectionPicker.tsx [Client Component Browser]
    ./components/items/itemDrawer/DrawerEditContent.tsx [Client Component Browser]
    ./components/items/itemDrawer/ItemDrawer.tsx [Client Component Browser]
    ./components/items/itemDrawer/ItemDrawer.tsx [Server Component]
    ./app/dashboard/page.tsx [Server Component]

  Client Component SSR:
    ./components/ui/popover.tsx [Client Component SSR]
    ./components/collections/collectionPicker/CollectionPicker.tsx [Client Component SSR]
    ./components/items/itemDrawer/DrawerEditContent.tsx [Client Component SSR]
    ./components/items/itemDrawer/ItemDrawer.tsx [Client Component SSR]
    ./components/items/itemDrawer/ItemDrawer.tsx [Server Component]
    ./app/dashboard/page.tsx [Server Component]

https://nextjs.org/docs/messages/module-not-found @ http://localhost:3000/_next/static/chunks/node_modules_next_dist_0u_w_5s._.js:1945
[  665355ms] [ERROR] ./components/ui/popover.tsx:6:1
Module not found: Can't resolve '@/lib/utils'
  4 | import { Popover as PopoverPrimitive } from "radix-ui"
  5 |
> 6 | import { cn } from "@/lib/utils"
    | ^^^^^^^^^^^^^^^^^^^^^^^^^^^^^^^^
  7 |
  8 | function Popover({
  9 |   ...props

Import map: aliased to relative './lib/utils' inside of [project]/

Import traces:
  Client Component Browser:
    ./components/ui/popover.tsx [Client Component Browser]
    ./components/collections/collectionPicker/CollectionPicker.tsx [Client Component Browser]
    ./components/items/itemDrawer/DrawerEditContent.tsx [Client Component Browser]
    ./components/items/itemDrawer/ItemDrawer.tsx [Client Component Browser]
    ./components/items/itemDrawer/ItemDrawer.tsx [Server Component]
    ./app/dashboard/page.tsx [Server Component]

  Client Component SSR:
    ./components/ui/popover.tsx [Client Component SSR]
    ./components/collections/collectionPicker/CollectionPicker.tsx [Client Component SSR]
    ./components/items/itemDrawer/DrawerEditContent.tsx [Client Component SSR]
    ./components/items/itemDrawer/ItemDrawer.tsx [Client Component SSR]
    ./components/items/itemDrawer/ItemDrawer.tsx [Server Component]
    ./app/dashboard/page.tsx [Server Component]

https://nextjs.org/docs/messages/module-not-found @ http://localhost:3000/_next/static/chunks/node_modules_next_dist_0u_w_5s._.js:1945
[  665418ms] [ERROR] ./components/ui/popover.tsx:6:1
Module not found: Can't resolve '@/lib/utils'
  4 | import { Popover as PopoverPrimitive } from "radix-ui"
  5 |
> 6 | import { cn } from "@/lib/utils"
    | ^^^^^^^^^^^^^^^^^^^^^^^^^^^^^^^^
  7 |
  8 | function Popover({
  9 |   ...props

Import map: aliased to relative './lib/utils' inside of [project]/

Import traces:
  Client Component Browser:
    ./components/ui/popover.tsx [Client Component Browser]
    ./components/collections/collectionPicker/CollectionPicker.tsx [Client Component Browser]
    ./components/items/itemDrawer/DrawerEditContent.tsx [Client Component Browser]
    ./components/items/itemDrawer/ItemDrawer.tsx [Client Component Browser]
    ./components/items/itemDrawer/ItemDrawer.tsx [Server Component]
    ./app/dashboard/page.tsx [Server Component]

  Client Component SSR:
    ./components/ui/popover.tsx [Client Component SSR]
    ./components/collections/collectionPicker/CollectionPicker.tsx [Client Component SSR]
    ./components/items/itemDrawer/DrawerEditContent.tsx [Client Component SSR]
    ./components/items/itemDrawer/ItemDrawer.tsx [Client Component SSR]
    ./components/items/itemDrawer/ItemDrawer.tsx [Server Component]
    ./app/dashboard/page.tsx [Server Component]

https://nextjs.org/docs/messages/module-not-found @ http://localhost:3000/_next/static/chunks/node_modules_next_dist_0u_w_5s._.js:1945
[  665479ms] [ERROR] ./components/ui/popover.tsx:6:1
Module not found: Can't resolve '@/lib/utils'
  4 | import { Popover as PopoverPrimitive } from "radix-ui"
  5 |
> 6 | import { cn } from "@/lib/utils"
    | ^^^^^^^^^^^^^^^^^^^^^^^^^^^^^^^^
  7 |
  8 | function Popover({
  9 |   ...props

Import map: aliased to relative './lib/utils' inside of [project]/

Import traces:
  Client Component Browser:
    ./components/ui/popover.tsx [Client Component Browser]
    ./components/collections/collectionPicker/CollectionPicker.tsx [Client Component Browser]
    ./components/items/itemDrawer/DrawerEditContent.tsx [Client Component Browser]
    ./components/items/itemDrawer/ItemDrawer.tsx [Client Component Browser]
    ./components/items/itemDrawer/ItemDrawer.tsx [Server Component]
    ./app/dashboard/page.tsx [Server Component]

  Client Component SSR:
    ./components/ui/popover.tsx [Client Component SSR]
    ./components/collections/collectionPicker/CollectionPicker.tsx [Client Component SSR]
    ./components/items/itemDrawer/DrawerEditContent.tsx [Client Component SSR]
    ./components/items/itemDrawer/ItemDrawer.tsx [Client Component SSR]
    ./components/items/itemDrawer/ItemDrawer.tsx [Server Component]
    ./app/dashboard/page.tsx [Server Component]

https://nextjs.org/docs/messages/module-not-found @ http://localhost:3000/_next/static/chunks/node_modules_next_dist_0u_w_5s._.js:1945
[  665540ms] [ERROR] ./components/ui/popover.tsx:6:1
Module not found: Can't resolve '@/lib/utils'
  4 | import { Popover as PopoverPrimitive } from "radix-ui"
  5 |
> 6 | import { cn } from "@/lib/utils"
    | ^^^^^^^^^^^^^^^^^^^^^^^^^^^^^^^^
  7 |
  8 | function Popover({
  9 |   ...props

Import map: aliased to relative './lib/utils' inside of [project]/

Import traces:
  Client Component Browser:
    ./components/ui/popover.tsx [Client Component Browser]
    ./components/collections/collectionPicker/CollectionPicker.tsx [Client Component Browser]
    ./components/items/itemDrawer/DrawerEditContent.tsx [Client Component Browser]
    ./components/items/itemDrawer/ItemDrawer.tsx [Client Component Browser]
    ./components/items/itemDrawer/ItemDrawer.tsx [Server Component]
    ./app/dashboard/page.tsx [Server Component]

  Client Component SSR:
    ./components/ui/popover.tsx [Client Component SSR]
    ./components/collections/collectionPicker/CollectionPicker.tsx [Client Component SSR]
    ./components/items/itemDrawer/DrawerEditContent.tsx [Client Component SSR]
    ./components/items/itemDrawer/ItemDrawer.tsx [Client Component SSR]
    ./components/items/itemDrawer/ItemDrawer.tsx [Server Component]
    ./app/dashboard/page.tsx [Server Component]

https://nextjs.org/docs/messages/module-not-found @ http://localhost:3000/_next/static/chunks/node_modules_next_dist_0u_w_5s._.js:1945
[  665601ms] [ERROR] ./components/ui/popover.tsx:6:1
Module not found: Can't resolve '@/lib/utils'
  4 | import { Popover as PopoverPrimitive } from "radix-ui"
  5 |
> 6 | import { cn } from "@/lib/utils"
    | ^^^^^^^^^^^^^^^^^^^^^^^^^^^^^^^^
  7 |
  8 | function Popover({
  9 |   ...props

Import map: aliased to relative './lib/utils' inside of [project]/

Import traces:
  Client Component Browser:
    ./components/ui/popover.tsx [Client Component Browser]
    ./components/collections/collectionPicker/CollectionPicker.tsx [Client Component Browser]
    ./components/items/itemDrawer/DrawerEditContent.tsx [Client Component Browser]
    ./components/items/itemDrawer/ItemDrawer.tsx [Client Component Browser]
    ./components/items/itemDrawer/ItemDrawer.tsx [Server Component]
    ./app/dashboard/page.tsx [Server Component]

  Client Component SSR:
    ./components/ui/popover.tsx [Client Component SSR]
    ./components/collections/collectionPicker/CollectionPicker.tsx [Client Component SSR]
    ./components/items/itemDrawer/DrawerEditContent.tsx [Client Component SSR]
    ./components/items/itemDrawer/ItemDrawer.tsx [Client Component SSR]
    ./components/items/itemDrawer/ItemDrawer.tsx [Server Component]
    ./app/dashboard/page.tsx [Server Component]

https://nextjs.org/docs/messages/module-not-found @ http://localhost:3000/_next/static/chunks/node_modules_next_dist_0u_w_5s._.js:1945
[  665664ms] [ERROR] ./components/ui/popover.tsx:6:1
Module not found: Can't resolve '@/lib/utils'
  4 | import { Popover as PopoverPrimitive } from "radix-ui"
  5 |
> 6 | import { cn } from "@/lib/utils"
    | ^^^^^^^^^^^^^^^^^^^^^^^^^^^^^^^^
  7 |
  8 | function Popover({
  9 |   ...props

Import map: aliased to relative './lib/utils' inside of [project]/

Import traces:
  Client Component Browser:
    ./components/ui/popover.tsx [Client Component Browser]
    ./components/collections/collectionPicker/CollectionPicker.tsx [Client Component Browser]
    ./components/items/itemDrawer/DrawerEditContent.tsx [Client Component Browser]
    ./components/items/itemDrawer/ItemDrawer.tsx [Client Component Browser]
    ./components/items/itemDrawer/ItemDrawer.tsx [Server Component]
    ./app/dashboard/page.tsx [Server Component]

  Client Component SSR:
    ./components/ui/popover.tsx [Client Component SSR]
    ./components/collections/collectionPicker/CollectionPicker.tsx [Client Component SSR]
    ./components/items/itemDrawer/DrawerEditContent.tsx [Client Component SSR]
    ./components/items/itemDrawer/ItemDrawer.tsx [Client Component SSR]
    ./components/items/itemDrawer/ItemDrawer.tsx [Server Component]
    ./app/dashboard/page.tsx [Server Component]

https://nextjs.org/docs/messages/module-not-found @ http://localhost:3000/_next/static/chunks/node_modules_next_dist_0u_w_5s._.js:1945
[  665725ms] [ERROR] ./components/ui/popover.tsx:6:1
Module not found: Can't resolve '@/lib/utils'
  4 | import { Popover as PopoverPrimitive } from "radix-ui"
  5 |
> 6 | import { cn } from "@/lib/utils"
    | ^^^^^^^^^^^^^^^^^^^^^^^^^^^^^^^^
  7 |
  8 | function Popover({
  9 |   ...props

Import map: aliased to relative './lib/utils' inside of [project]/

Import traces:
  Client Component Browser:
    ./components/ui/popover.tsx [Client Component Browser]
    ./components/collections/collectionPicker/CollectionPicker.tsx [Client Component Browser]
    ./components/items/itemDrawer/DrawerEditContent.tsx [Client Component Browser]
    ./components/items/itemDrawer/ItemDrawer.tsx [Client Component Browser]
    ./components/items/itemDrawer/ItemDrawer.tsx [Server Component]
    ./app/dashboard/page.tsx [Server Component]

  Client Component SSR:
    ./components/ui/popover.tsx [Client Component SSR]
    ./components/collections/collectionPicker/CollectionPicker.tsx [Client Component SSR]
    ./components/items/itemDrawer/DrawerEditContent.tsx [Client Component SSR]
    ./components/items/itemDrawer/ItemDrawer.tsx [Client Component SSR]
    ./components/items/itemDrawer/ItemDrawer.tsx [Server Component]
    ./app/dashboard/page.tsx [Server Component]

https://nextjs.org/docs/messages/module-not-found @ http://localhost:3000/_next/static/chunks/node_modules_next_dist_0u_w_5s._.js:1945
[  665788ms] [ERROR] ./components/ui/popover.tsx:6:1
Module not found: Can't resolve '@/lib/utils'
  4 | import { Popover as PopoverPrimitive } from "radix-ui"
  5 |
> 6 | import { cn } from "@/lib/utils"
    | ^^^^^^^^^^^^^^^^^^^^^^^^^^^^^^^^
  7 |
  8 | function Popover({
  9 |   ...props

Import map: aliased to relative './lib/utils' inside of [project]/

Import traces:
  Client Component Browser:
    ./components/ui/popover.tsx [Client Component Browser]
    ./components/collections/collectionPicker/CollectionPicker.tsx [Client Component Browser]
    ./components/items/itemDrawer/DrawerEditContent.tsx [Client Component Browser]
    ./components/items/itemDrawer/ItemDrawer.tsx [Client Component Browser]
    ./components/items/itemDrawer/ItemDrawer.tsx [Server Component]
    ./app/dashboard/page.tsx [Server Component]

  Client Component SSR:
    ./components/ui/popover.tsx [Client Component SSR]
    ./components/collections/collectionPicker/CollectionPicker.tsx [Client Component SSR]
    ./components/items/itemDrawer/DrawerEditContent.tsx [Client Component SSR]
    ./components/items/itemDrawer/ItemDrawer.tsx [Client Component SSR]
    ./components/items/itemDrawer/ItemDrawer.tsx [Server Component]
    ./app/dashboard/page.tsx [Server Component]

https://nextjs.org/docs/messages/module-not-found @ http://localhost:3000/_next/static/chunks/node_modules_next_dist_0u_w_5s._.js:1945
[  665849ms] [ERROR] ./components/ui/popover.tsx:6:1
Module not found: Can't resolve '@/lib/utils'
  4 | import { Popover as PopoverPrimitive } from "radix-ui"
  5 |
> 6 | import { cn } from "@/lib/utils"
    | ^^^^^^^^^^^^^^^^^^^^^^^^^^^^^^^^
  7 |
  8 | function Popover({
  9 |   ...props

Import map: aliased to relative './lib/utils' inside of [project]/

Import traces:
  Client Component Browser:
    ./components/ui/popover.tsx [Client Component Browser]
    ./components/collections/collectionPicker/CollectionPicker.tsx [Client Component Browser]
    ./components/items/itemDrawer/DrawerEditContent.tsx [Client Component Browser]
    ./components/items/itemDrawer/ItemDrawer.tsx [Client Component Browser]
    ./components/items/itemDrawer/ItemDrawer.tsx [Server Component]
    ./app/dashboard/page.tsx [Server Component]

  Client Component SSR:
    ./components/ui/popover.tsx [Client Component SSR]
    ./components/collections/collectionPicker/CollectionPicker.tsx [Client Component SSR]
    ./components/items/itemDrawer/DrawerEditContent.tsx [Client Component SSR]
    ./components/items/itemDrawer/ItemDrawer.tsx [Client Component SSR]
    ./components/items/itemDrawer/ItemDrawer.tsx [Server Component]
    ./app/dashboard/page.tsx [Server Component]

https://nextjs.org/docs/messages/module-not-found @ http://localhost:3000/_next/static/chunks/node_modules_next_dist_0u_w_5s._.js:1945
[  665912ms] [ERROR] ./components/ui/popover.tsx:6:1
Module not found: Can't resolve '@/lib/utils'
  4 | import { Popover as PopoverPrimitive } from "radix-ui"
  5 |
> 6 | import { cn } from "@/lib/utils"
    | ^^^^^^^^^^^^^^^^^^^^^^^^^^^^^^^^
  7 |
  8 | function Popover({
  9 |   ...props

Import map: aliased to relative './lib/utils' inside of [project]/

Import traces:
  Client Component Browser:
    ./components/ui/popover.tsx [Client Component Browser]
    ./components/collections/collectionPicker/CollectionPicker.tsx [Client Component Browser]
    ./components/items/itemDrawer/DrawerEditContent.tsx [Client Component Browser]
    ./components/items/itemDrawer/ItemDrawer.tsx [Client Component Browser]
    ./components/items/itemDrawer/ItemDrawer.tsx [Server Component]
    ./app/dashboard/page.tsx [Server Component]

  Client Component SSR:
    ./components/ui/popover.tsx [Client Component SSR]
    ./components/collections/collectionPicker/CollectionPicker.tsx [Client Component SSR]
    ./components/items/itemDrawer/DrawerEditContent.tsx [Client Component SSR]
    ./components/items/itemDrawer/ItemDrawer.tsx [Client Component SSR]
    ./components/items/itemDrawer/ItemDrawer.tsx [Server Component]
    ./app/dashboard/page.tsx [Server Component]

https://nextjs.org/docs/messages/module-not-found @ http://localhost:3000/_next/static/chunks/node_modules_next_dist_0u_w_5s._.js:1945
[  665973ms] [ERROR] ./components/ui/popover.tsx:6:1
Module not found: Can't resolve '@/lib/utils'
  4 | import { Popover as PopoverPrimitive } from "radix-ui"
  5 |
> 6 | import { cn } from "@/lib/utils"
    | ^^^^^^^^^^^^^^^^^^^^^^^^^^^^^^^^
  7 |
  8 | function Popover({
  9 |   ...props

Import map: aliased to relative './lib/utils' inside of [project]/

Import traces:
  Client Component Browser:
    ./components/ui/popover.tsx [Client Component Browser]
    ./components/collections/collectionPicker/CollectionPicker.tsx [Client Component Browser]
    ./components/items/itemDrawer/DrawerEditContent.tsx [Client Component Browser]
    ./components/items/itemDrawer/ItemDrawer.tsx [Client Component Browser]
    ./components/items/itemDrawer/ItemDrawer.tsx [Server Component]
    ./app/dashboard/page.tsx [Server Component]

  Client Component SSR:
    ./components/ui/popover.tsx [Client Component SSR]
    ./components/collections/collectionPicker/CollectionPicker.tsx [Client Component SSR]
    ./components/items/itemDrawer/DrawerEditContent.tsx [Client Component SSR]
    ./components/items/itemDrawer/ItemDrawer.tsx [Client Component SSR]
    ./components/items/itemDrawer/ItemDrawer.tsx [Server Component]
    ./app/dashboard/page.tsx [Server Component]

https://nextjs.org/docs/messages/module-not-found @ http://localhost:3000/_next/static/chunks/node_modules_next_dist_0u_w_5s._.js:1945
[  666035ms] [ERROR] ./components/ui/popover.tsx:6:1
Module not found: Can't resolve '@/lib/utils'
  4 | import { Popover as PopoverPrimitive } from "radix-ui"
  5 |
> 6 | import { cn } from "@/lib/utils"
    | ^^^^^^^^^^^^^^^^^^^^^^^^^^^^^^^^
  7 |
  8 | function Popover({
  9 |   ...props

Import map: aliased to relative './lib/utils' inside of [project]/

Import traces:
  Client Component Browser:
    ./components/ui/popover.tsx [Client Component Browser]
    ./components/collections/collectionPicker/CollectionPicker.tsx [Client Component Browser]
    ./components/items/itemDrawer/DrawerEditContent.tsx [Client Component Browser]
    ./components/items/itemDrawer/ItemDrawer.tsx [Client Component Browser]
    ./components/items/itemDrawer/ItemDrawer.tsx [Server Component]
    ./app/dashboard/page.tsx [Server Component]

  Client Component SSR:
    ./components/ui/popover.tsx [Client Component SSR]
    ./components/collections/collectionPicker/CollectionPicker.tsx [Client Component SSR]
    ./components/items/itemDrawer/DrawerEditContent.tsx [Client Component SSR]
    ./components/items/itemDrawer/ItemDrawer.tsx [Client Component SSR]
    ./components/items/itemDrawer/ItemDrawer.tsx [Server Component]
    ./app/dashboard/page.tsx [Server Component]

https://nextjs.org/docs/messages/module-not-found @ http://localhost:3000/_next/static/chunks/node_modules_next_dist_0u_w_5s._.js:1945
[  666096ms] [ERROR] ./components/ui/popover.tsx:6:1
Module not found: Can't resolve '@/lib/utils'
  4 | import { Popover as PopoverPrimitive } from "radix-ui"
  5 |
> 6 | import { cn } from "@/lib/utils"
    | ^^^^^^^^^^^^^^^^^^^^^^^^^^^^^^^^
  7 |
  8 | function Popover({
  9 |   ...props

Import map: aliased to relative './lib/utils' inside of [project]/

Import traces:
  Client Component Browser:
    ./components/ui/popover.tsx [Client Component Browser]
    ./components/collections/collectionPicker/CollectionPicker.tsx [Client Component Browser]
    ./components/items/itemDrawer/DrawerEditContent.tsx [Client Component Browser]
    ./components/items/itemDrawer/ItemDrawer.tsx [Client Component Browser]
    ./components/items/itemDrawer/ItemDrawer.tsx [Server Component]
    ./app/dashboard/page.tsx [Server Component]

  Client Component SSR:
    ./components/ui/popover.tsx [Client Component SSR]
    ./components/collections/collectionPicker/CollectionPicker.tsx [Client Component SSR]
    ./components/items/itemDrawer/DrawerEditContent.tsx [Client Component SSR]
    ./components/items/itemDrawer/ItemDrawer.tsx [Client Component SSR]
    ./components/items/itemDrawer/ItemDrawer.tsx [Server Component]
    ./app/dashboard/page.tsx [Server Component]

https://nextjs.org/docs/messages/module-not-found @ http://localhost:3000/_next/static/chunks/node_modules_next_dist_0u_w_5s._.js:1945
[  666158ms] [ERROR] ./components/ui/popover.tsx:6:1
Module not found: Can't resolve '@/lib/utils'
  4 | import { Popover as PopoverPrimitive } from "radix-ui"
  5 |
> 6 | import { cn } from "@/lib/utils"
    | ^^^^^^^^^^^^^^^^^^^^^^^^^^^^^^^^
  7 |
  8 | function Popover({
  9 |   ...props

Import map: aliased to relative './lib/utils' inside of [project]/

Import traces:
  Client Component Browser:
    ./components/ui/popover.tsx [Client Component Browser]
    ./components/collections/collectionPicker/CollectionPicker.tsx [Client Component Browser]
    ./components/items/itemDrawer/DrawerEditContent.tsx [Client Component Browser]
    ./components/items/itemDrawer/ItemDrawer.tsx [Client Component Browser]
    ./components/items/itemDrawer/ItemDrawer.tsx [Server Component]
    ./app/dashboard/page.tsx [Server Component]

  Client Component SSR:
    ./components/ui/popover.tsx [Client Component SSR]
    ./components/collections/collectionPicker/CollectionPicker.tsx [Client Component SSR]
    ./components/items/itemDrawer/DrawerEditContent.tsx [Client Component SSR]
    ./components/items/itemDrawer/ItemDrawer.tsx [Client Component SSR]
    ./components/items/itemDrawer/ItemDrawer.tsx [Server Component]
    ./app/dashboard/page.tsx [Server Component]

https://nextjs.org/docs/messages/module-not-found @ http://localhost:3000/_next/static/chunks/node_modules_next_dist_0u_w_5s._.js:1945
[  666220ms] [ERROR] ./components/ui/popover.tsx:6:1
Module not found: Can't resolve '@/lib/utils'
  4 | import { Popover as PopoverPrimitive } from "radix-ui"
  5 |
> 6 | import { cn } from "@/lib/utils"
    | ^^^^^^^^^^^^^^^^^^^^^^^^^^^^^^^^
  7 |
  8 | function Popover({
  9 |   ...props

Import map: aliased to relative './lib/utils' inside of [project]/

Import traces:
  Client Component Browser:
    ./components/ui/popover.tsx [Client Component Browser]
    ./components/collections/collectionPicker/CollectionPicker.tsx [Client Component Browser]
    ./components/items/itemDrawer/DrawerEditContent.tsx [Client Component Browser]
    ./components/items/itemDrawer/ItemDrawer.tsx [Client Component Browser]
    ./components/items/itemDrawer/ItemDrawer.tsx [Server Component]
    ./app/dashboard/page.tsx [Server Component]

  Client Component SSR:
    ./components/ui/popover.tsx [Client Component SSR]
    ./components/collections/collectionPicker/CollectionPicker.tsx [Client Component SSR]
    ./components/items/itemDrawer/DrawerEditContent.tsx [Client Component SSR]
    ./components/items/itemDrawer/ItemDrawer.tsx [Client Component SSR]
    ./components/items/itemDrawer/ItemDrawer.tsx [Server Component]
    ./app/dashboard/page.tsx [Server Component]

https://nextjs.org/docs/messages/module-not-found @ http://localhost:3000/_next/static/chunks/node_modules_next_dist_0u_w_5s._.js:1945
[  666281ms] [ERROR] ./components/ui/popover.tsx:6:1
Module not found: Can't resolve '@/lib/utils'
  4 | import { Popover as PopoverPrimitive } from "radix-ui"
  5 |
> 6 | import { cn } from "@/lib/utils"
    | ^^^^^^^^^^^^^^^^^^^^^^^^^^^^^^^^
  7 |
  8 | function Popover({
  9 |   ...props

Import map: aliased to relative './lib/utils' inside of [project]/

Import traces:
  Client Component Browser:
    ./components/ui/popover.tsx [Client Component Browser]
    ./components/collections/collectionPicker/CollectionPicker.tsx [Client Component Browser]
    ./components/items/itemDrawer/DrawerEditContent.tsx [Client Component Browser]
    ./components/items/itemDrawer/ItemDrawer.tsx [Client Component Browser]
    ./components/items/itemDrawer/ItemDrawer.tsx [Server Component]
    ./app/dashboard/page.tsx [Server Component]

  Client Component SSR:
    ./components/ui/popover.tsx [Client Component SSR]
    ./components/collections/collectionPicker/CollectionPicker.tsx [Client Component SSR]
    ./components/items/itemDrawer/DrawerEditContent.tsx [Client Component SSR]
    ./components/items/itemDrawer/ItemDrawer.tsx [Client Component SSR]
    ./components/items/itemDrawer/ItemDrawer.tsx [Server Component]
    ./app/dashboard/page.tsx [Server Component]

https://nextjs.org/docs/messages/module-not-found @ http://localhost:3000/_next/static/chunks/node_modules_next_dist_0u_w_5s._.js:1945
[  666342ms] [ERROR] ./components/ui/popover.tsx:6:1
Module not found: Can't resolve '@/lib/utils'
  4 | import { Popover as PopoverPrimitive } from "radix-ui"
  5 |
> 6 | import { cn } from "@/lib/utils"
    | ^^^^^^^^^^^^^^^^^^^^^^^^^^^^^^^^
  7 |
  8 | function Popover({
  9 |   ...props

Import map: aliased to relative './lib/utils' inside of [project]/

Import traces:
  Client Component Browser:
    ./components/ui/popover.tsx [Client Component Browser]
    ./components/collections/collectionPicker/CollectionPicker.tsx [Client Component Browser]
    ./components/items/itemDrawer/DrawerEditContent.tsx [Client Component Browser]
    ./components/items/itemDrawer/ItemDrawer.tsx [Client Component Browser]
    ./components/items/itemDrawer/ItemDrawer.tsx [Server Component]
    ./app/dashboard/page.tsx [Server Component]

  Client Component SSR:
    ./components/ui/popover.tsx [Client Component SSR]
    ./components/collections/collectionPicker/CollectionPicker.tsx [Client Component SSR]
    ./components/items/itemDrawer/DrawerEditContent.tsx [Client Component SSR]
    ./components/items/itemDrawer/ItemDrawer.tsx [Client Component SSR]
    ./components/items/itemDrawer/ItemDrawer.tsx [Server Component]
    ./app/dashboard/page.tsx [Server Component]

https://nextjs.org/docs/messages/module-not-found @ http://localhost:3000/_next/static/chunks/node_modules_next_dist_0u_w_5s._.js:1945
[  666404ms] [ERROR] ./components/ui/popover.tsx:6:1
Module not found: Can't resolve '@/lib/utils'
  4 | import { Popover as PopoverPrimitive } from "radix-ui"
  5 |
> 6 | import { cn } from "@/lib/utils"
    | ^^^^^^^^^^^^^^^^^^^^^^^^^^^^^^^^
  7 |
  8 | function Popover({
  9 |   ...props

Import map: aliased to relative './lib/utils' inside of [project]/

Import traces:
  Client Component Browser:
    ./components/ui/popover.tsx [Client Component Browser]
    ./components/collections/collectionPicker/CollectionPicker.tsx [Client Component Browser]
    ./components/items/itemDrawer/DrawerEditContent.tsx [Client Component Browser]
    ./components/items/itemDrawer/ItemDrawer.tsx [Client Component Browser]
    ./components/items/itemDrawer/ItemDrawer.tsx [Server Component]
    ./app/dashboard/page.tsx [Server Component]

  Client Component SSR:
    ./components/ui/popover.tsx [Client Component SSR]
    ./components/collections/collectionPicker/CollectionPicker.tsx [Client Component SSR]
    ./components/items/itemDrawer/DrawerEditContent.tsx [Client Component SSR]
    ./components/items/itemDrawer/ItemDrawer.tsx [Client Component SSR]
    ./components/items/itemDrawer/ItemDrawer.tsx [Server Component]
    ./app/dashboard/page.tsx [Server Component]

https://nextjs.org/docs/messages/module-not-found @ http://localhost:3000/_next/static/chunks/node_modules_next_dist_0u_w_5s._.js:1945
[  666467ms] [ERROR] ./components/ui/popover.tsx:6:1
Module not found: Can't resolve '@/lib/utils'
  4 | import { Popover as PopoverPrimitive } from "radix-ui"
  5 |
> 6 | import { cn } from "@/lib/utils"
    | ^^^^^^^^^^^^^^^^^^^^^^^^^^^^^^^^
  7 |
  8 | function Popover({
  9 |   ...props

Import map: aliased to relative './lib/utils' inside of [project]/

Import traces:
  Client Component Browser:
    ./components/ui/popover.tsx [Client Component Browser]
    ./components/collections/collectionPicker/CollectionPicker.tsx [Client Component Browser]
    ./components/items/itemDrawer/DrawerEditContent.tsx [Client Component Browser]
    ./components/items/itemDrawer/ItemDrawer.tsx [Client Component Browser]
    ./components/items/itemDrawer/ItemDrawer.tsx [Server Component]
    ./app/dashboard/page.tsx [Server Component]

  Client Component SSR:
    ./components/ui/popover.tsx [Client Component SSR]
    ./components/collections/collectionPicker/CollectionPicker.tsx [Client Component SSR]
    ./components/items/itemDrawer/DrawerEditContent.tsx [Client Component SSR]
    ./components/items/itemDrawer/ItemDrawer.tsx [Client Component SSR]
    ./components/items/itemDrawer/ItemDrawer.tsx [Server Component]
    ./app/dashboard/page.tsx [Server Component]

https://nextjs.org/docs/messages/module-not-found @ http://localhost:3000/_next/static/chunks/node_modules_next_dist_0u_w_5s._.js:1945
[  666528ms] [ERROR] ./components/ui/popover.tsx:6:1
Module not found: Can't resolve '@/lib/utils'
  4 | import { Popover as PopoverPrimitive } from "radix-ui"
  5 |
> 6 | import { cn } from "@/lib/utils"
    | ^^^^^^^^^^^^^^^^^^^^^^^^^^^^^^^^
  7 |
  8 | function Popover({
  9 |   ...props

Import map: aliased to relative './lib/utils' inside of [project]/

Import traces:
  Client Component Browser:
    ./components/ui/popover.tsx [Client Component Browser]
    ./components/collections/collectionPicker/CollectionPicker.tsx [Client Component Browser]
    ./components/items/itemDrawer/DrawerEditContent.tsx [Client Component Browser]
    ./components/items/itemDrawer/ItemDrawer.tsx [Client Component Browser]
    ./components/items/itemDrawer/ItemDrawer.tsx [Server Component]
    ./app/dashboard/page.tsx [Server Component]

  Client Component SSR:
    ./components/ui/popover.tsx [Client Component SSR]
    ./components/collections/collectionPicker/CollectionPicker.tsx [Client Component SSR]
    ./components/items/itemDrawer/DrawerEditContent.tsx [Client Component SSR]
    ./components/items/itemDrawer/ItemDrawer.tsx [Client Component SSR]
    ./components/items/itemDrawer/ItemDrawer.tsx [Server Component]
    ./app/dashboard/page.tsx [Server Component]

https://nextjs.org/docs/messages/module-not-found @ http://localhost:3000/_next/static/chunks/node_modules_next_dist_0u_w_5s._.js:1945
[  666591ms] [ERROR] ./components/ui/popover.tsx:6:1
Module not found: Can't resolve '@/lib/utils'
  4 | import { Popover as PopoverPrimitive } from "radix-ui"
  5 |
> 6 | import { cn } from "@/lib/utils"
    | ^^^^^^^^^^^^^^^^^^^^^^^^^^^^^^^^
  7 |
  8 | function Popover({
  9 |   ...props

Import map: aliased to relative './lib/utils' inside of [project]/

Import traces:
  Client Component Browser:
    ./components/ui/popover.tsx [Client Component Browser]
    ./components/collections/collectionPicker/CollectionPicker.tsx [Client Component Browser]
    ./components/items/itemDrawer/DrawerEditContent.tsx [Client Component Browser]
    ./components/items/itemDrawer/ItemDrawer.tsx [Client Component Browser]
    ./components/items/itemDrawer/ItemDrawer.tsx [Server Component]
    ./app/dashboard/page.tsx [Server Component]

  Client Component SSR:
    ./components/ui/popover.tsx [Client Component SSR]
    ./components/collections/collectionPicker/CollectionPicker.tsx [Client Component SSR]
    ./components/items/itemDrawer/DrawerEditContent.tsx [Client Component SSR]
    ./components/items/itemDrawer/ItemDrawer.tsx [Client Component SSR]
    ./components/items/itemDrawer/ItemDrawer.tsx [Server Component]
    ./app/dashboard/page.tsx [Server Component]

https://nextjs.org/docs/messages/module-not-found @ http://localhost:3000/_next/static/chunks/node_modules_next_dist_0u_w_5s._.js:1945
[  666653ms] [ERROR] ./components/ui/popover.tsx:6:1
Module not found: Can't resolve '@/lib/utils'
  4 | import { Popover as PopoverPrimitive } from "radix-ui"
  5 |
> 6 | import { cn } from "@/lib/utils"
    | ^^^^^^^^^^^^^^^^^^^^^^^^^^^^^^^^
  7 |
  8 | function Popover({
  9 |   ...props

Import map: aliased to relative './lib/utils' inside of [project]/

Import traces:
  Client Component Browser:
    ./components/ui/popover.tsx [Client Component Browser]
    ./components/collections/collectionPicker/CollectionPicker.tsx [Client Component Browser]
    ./components/items/itemDrawer/DrawerEditContent.tsx [Client Component Browser]
    ./components/items/itemDrawer/ItemDrawer.tsx [Client Component Browser]
    ./components/items/itemDrawer/ItemDrawer.tsx [Server Component]
    ./app/dashboard/page.tsx [Server Component]

  Client Component SSR:
    ./components/ui/popover.tsx [Client Component SSR]
    ./components/collections/collectionPicker/CollectionPicker.tsx [Client Component SSR]
    ./components/items/itemDrawer/DrawerEditContent.tsx [Client Component SSR]
    ./components/items/itemDrawer/ItemDrawer.tsx [Client Component SSR]
    ./components/items/itemDrawer/ItemDrawer.tsx [Server Component]
    ./app/dashboard/page.tsx [Server Component]

https://nextjs.org/docs/messages/module-not-found @ http://localhost:3000/_next/static/chunks/node_modules_next_dist_0u_w_5s._.js:1945
[  666715ms] [ERROR] ./components/ui/popover.tsx:6:1
Module not found: Can't resolve '@/lib/utils'
  4 | import { Popover as PopoverPrimitive } from "radix-ui"
  5 |
> 6 | import { cn } from "@/lib/utils"
    | ^^^^^^^^^^^^^^^^^^^^^^^^^^^^^^^^
  7 |
  8 | function Popover({
  9 |   ...props

Import map: aliased to relative './lib/utils' inside of [project]/

Import traces:
  Client Component Browser:
    ./components/ui/popover.tsx [Client Component Browser]
    ./components/collections/collectionPicker/CollectionPicker.tsx [Client Component Browser]
    ./components/items/itemDrawer/DrawerEditContent.tsx [Client Component Browser]
    ./components/items/itemDrawer/ItemDrawer.tsx [Client Component Browser]
    ./components/items/itemDrawer/ItemDrawer.tsx [Server Component]
    ./app/dashboard/page.tsx [Server Component]

  Client Component SSR:
    ./components/ui/popover.tsx [Client Component SSR]
    ./components/collections/collectionPicker/CollectionPicker.tsx [Client Component SSR]
    ./components/items/itemDrawer/DrawerEditContent.tsx [Client Component SSR]
    ./components/items/itemDrawer/ItemDrawer.tsx [Client Component SSR]
    ./components/items/itemDrawer/ItemDrawer.tsx [Server Component]
    ./app/dashboard/page.tsx [Server Component]

https://nextjs.org/docs/messages/module-not-found @ http://localhost:3000/_next/static/chunks/node_modules_next_dist_0u_w_5s._.js:1945
[  666777ms] [ERROR] ./components/ui/popover.tsx:6:1
Module not found: Can't resolve '@/lib/utils'
  4 | import { Popover as PopoverPrimitive } from "radix-ui"
  5 |
> 6 | import { cn } from "@/lib/utils"
    | ^^^^^^^^^^^^^^^^^^^^^^^^^^^^^^^^
  7 |
  8 | function Popover({
  9 |   ...props

Import map: aliased to relative './lib/utils' inside of [project]/

Import traces:
  Client Component Browser:
    ./components/ui/popover.tsx [Client Component Browser]
    ./components/collections/collectionPicker/CollectionPicker.tsx [Client Component Browser]
    ./components/items/itemDrawer/DrawerEditContent.tsx [Client Component Browser]
    ./components/items/itemDrawer/ItemDrawer.tsx [Client Component Browser]
    ./components/items/itemDrawer/ItemDrawer.tsx [Server Component]
    ./app/dashboard/page.tsx [Server Component]

  Client Component SSR:
    ./components/ui/popover.tsx [Client Component SSR]
    ./components/collections/collectionPicker/CollectionPicker.tsx [Client Component SSR]
    ./components/items/itemDrawer/DrawerEditContent.tsx [Client Component SSR]
    ./components/items/itemDrawer/ItemDrawer.tsx [Client Component SSR]
    ./components/items/itemDrawer/ItemDrawer.tsx [Server Component]
    ./app/dashboard/page.tsx [Server Component]

https://nextjs.org/docs/messages/module-not-found @ http://localhost:3000/_next/static/chunks/node_modules_next_dist_0u_w_5s._.js:1945
[  666839ms] [ERROR] ./components/ui/popover.tsx:6:1
Module not found: Can't resolve '@/lib/utils'
  4 | import { Popover as PopoverPrimitive } from "radix-ui"
  5 |
> 6 | import { cn } from "@/lib/utils"
    | ^^^^^^^^^^^^^^^^^^^^^^^^^^^^^^^^
  7 |
  8 | function Popover({
  9 |   ...props

Import map: aliased to relative './lib/utils' inside of [project]/

Import traces:
  Client Component Browser:
    ./components/ui/popover.tsx [Client Component Browser]
    ./components/collections/collectionPicker/CollectionPicker.tsx [Client Component Browser]
    ./components/items/itemDrawer/DrawerEditContent.tsx [Client Component Browser]
    ./components/items/itemDrawer/ItemDrawer.tsx [Client Component Browser]
    ./components/items/itemDrawer/ItemDrawer.tsx [Server Component]
    ./app/dashboard/page.tsx [Server Component]

  Client Component SSR:
    ./components/ui/popover.tsx [Client Component SSR]
    ./components/collections/collectionPicker/CollectionPicker.tsx [Client Component SSR]
    ./components/items/itemDrawer/DrawerEditContent.tsx [Client Component SSR]
    ./components/items/itemDrawer/ItemDrawer.tsx [Client Component SSR]
    ./components/items/itemDrawer/ItemDrawer.tsx [Server Component]
    ./app/dashboard/page.tsx [Server Component]

https://nextjs.org/docs/messages/module-not-found @ http://localhost:3000/_next/static/chunks/node_modules_next_dist_0u_w_5s._.js:1945
[  666901ms] [ERROR] ./components/ui/popover.tsx:6:1
Module not found: Can't resolve '@/lib/utils'
  4 | import { Popover as PopoverPrimitive } from "radix-ui"
  5 |
> 6 | import { cn } from "@/lib/utils"
    | ^^^^^^^^^^^^^^^^^^^^^^^^^^^^^^^^
  7 |
  8 | function Popover({
  9 |   ...props

Import map: aliased to relative './lib/utils' inside of [project]/

Import traces:
  Client Component Browser:
    ./components/ui/popover.tsx [Client Component Browser]
    ./components/collections/collectionPicker/CollectionPicker.tsx [Client Component Browser]
    ./components/items/itemDrawer/DrawerEditContent.tsx [Client Component Browser]
    ./components/items/itemDrawer/ItemDrawer.tsx [Client Component Browser]
    ./components/items/itemDrawer/ItemDrawer.tsx [Server Component]
    ./app/dashboard/page.tsx [Server Component]

  Client Component SSR:
    ./components/ui/popover.tsx [Client Component SSR]
    ./components/collections/collectionPicker/CollectionPicker.tsx [Client Component SSR]
    ./components/items/itemDrawer/DrawerEditContent.tsx [Client Component SSR]
    ./components/items/itemDrawer/ItemDrawer.tsx [Client Component SSR]
    ./components/items/itemDrawer/ItemDrawer.tsx [Server Component]
    ./app/dashboard/page.tsx [Server Component]

https://nextjs.org/docs/messages/module-not-found @ http://localhost:3000/_next/static/chunks/node_modules_next_dist_0u_w_5s._.js:1945
[  666964ms] [ERROR] ./components/ui/popover.tsx:6:1
Module not found: Can't resolve '@/lib/utils'
  4 | import { Popover as PopoverPrimitive } from "radix-ui"
  5 |
> 6 | import { cn } from "@/lib/utils"
    | ^^^^^^^^^^^^^^^^^^^^^^^^^^^^^^^^
  7 |
  8 | function Popover({
  9 |   ...props

Import map: aliased to relative './lib/utils' inside of [project]/

Import traces:
  Client Component Browser:
    ./components/ui/popover.tsx [Client Component Browser]
    ./components/collections/collectionPicker/CollectionPicker.tsx [Client Component Browser]
    ./components/items/itemDrawer/DrawerEditContent.tsx [Client Component Browser]
    ./components/items/itemDrawer/ItemDrawer.tsx [Client Component Browser]
    ./components/items/itemDrawer/ItemDrawer.tsx [Server Component]
    ./app/dashboard/page.tsx [Server Component]

  Client Component SSR:
    ./components/ui/popover.tsx [Client Component SSR]
    ./components/collections/collectionPicker/CollectionPicker.tsx [Client Component SSR]
    ./components/items/itemDrawer/DrawerEditContent.tsx [Client Component SSR]
    ./components/items/itemDrawer/ItemDrawer.tsx [Client Component SSR]
    ./components/items/itemDrawer/ItemDrawer.tsx [Server Component]
    ./app/dashboard/page.tsx [Server Component]

https://nextjs.org/docs/messages/module-not-found @ http://localhost:3000/_next/static/chunks/node_modules_next_dist_0u_w_5s._.js:1945
[  667018ms] [ERROR] ./components/ui/popover.tsx:6:1
Module not found: Can't resolve '@/lib/utils'
  4 | import { Popover as PopoverPrimitive } from "radix-ui"
  5 |
> 6 | import { cn } from "@/lib/utils"
    | ^^^^^^^^^^^^^^^^^^^^^^^^^^^^^^^^
  7 |
  8 | function Popover({
  9 |   ...props

Import map: aliased to relative './lib/utils' inside of [project]/

Import traces:
  Client Component Browser:
    ./components/ui/popover.tsx [Client Component Browser]
    ./components/collections/collectionPicker/CollectionPicker.tsx [Client Component Browser]
    ./components/items/itemDrawer/DrawerEditContent.tsx [Client Component Browser]
    ./components/items/itemDrawer/ItemDrawer.tsx [Client Component Browser]
    ./components/items/itemDrawer/ItemDrawer.tsx [Server Component]
    ./app/dashboard/page.tsx [Server Component]

  Client Component SSR:
    ./components/ui/popover.tsx [Client Component SSR]
    ./components/collections/collectionPicker/CollectionPicker.tsx [Client Component SSR]
    ./components/items/itemDrawer/DrawerEditContent.tsx [Client Component SSR]
    ./components/items/itemDrawer/ItemDrawer.tsx [Client Component SSR]
    ./components/items/itemDrawer/ItemDrawer.tsx [Server Component]
    ./app/dashboard/page.tsx [Server Component]

https://nextjs.org/docs/messages/module-not-found @ http://localhost:3000/_next/static/chunks/node_modules_next_dist_0u_w_5s._.js:1945
[  667109ms] [LOG] [Fast Refresh] rebuilding @ http://localhost:3000/_next/static/chunks/node_modules_next_dist_0u_w_5s._.js:1226
[  667182ms] [LOG] [Fast Refresh] done in 159ms @ http://localhost:3000/_next/static/chunks/node_modules_next_dist_0u_w_5s._.js:1226
[  667411ms] [LOG] [Fast Refresh] rebuilding @ http://localhost:3000/_next/static/chunks/node_modules_next_dist_0u_w_5s._.js:1226
[  667649ms] [LOG] [Fast Refresh] done in 341ms @ http://localhost:3000/_next/static/chunks/node_modules_next_dist_0u_w_5s._.js:1226
[  667757ms] [INFO] %cDownload the React DevTools for a better development experience: https://react.dev/link/react-devtools font-weight:bold @ http://localhost:3000/_next/static/chunks/node_modules_next_dist_115brz8._.js:2477
[  667780ms] [LOG] [HMR] connected @ http://localhost:3000/_next/static/chunks/node_modules_next_dist_115brz8._.js:2477
[  684630ms] [LOG] [Fast Refresh] rebuilding @ http://localhost:3000/_next/static/chunks/node_modules_next_dist_115brz8._.js:2477
[  684632ms] [LOG] [Fast Refresh] done in 444ms @ http://localhost:3000/_next/static/chunks/node_modules_next_dist_115brz8._.js:2477
[  839816ms] [LOG] [Fast Refresh] rebuilding @ http://localhost:3000/_next/static/chunks/node_modules_next_dist_115brz8._.js:2477
[  839908ms] [LOG] [Fast Refresh] done in 203ms @ http://localhost:3000/_next/static/chunks/node_modules_next_dist_115brz8._.js:2477
[  840079ms] [LOG] [Fast Refresh] rebuilding @ http://localhost:3000/_next/static/chunks/node_modules_next_dist_115brz8._.js:2477
[  840240ms] [LOG] [Fast Refresh] done in 262ms @ http://localhost:3000/_next/static/chunks/node_modules_next_dist_115brz8._.js:2477
[  968094ms] [LOG] [Fast Refresh] rebuilding @ http://localhost:3000/_next/static/chunks/node_modules_next_dist_115brz8._.js:2477
[  968157ms] [LOG] [Fast Refresh] done in 165ms @ http://localhost:3000/_next/static/chunks/node_modules_next_dist_115brz8._.js:2477
[  974258ms] [LOG] [Fast Refresh] rebuilding @ http://localhost:3000/_next/static/chunks/node_modules_next_dist_115brz8._.js:2477
[  974328ms] [LOG] [Fast Refresh] done in 170ms @ http://localhost:3000/_next/static/chunks/node_modules_next_dist_115brz8._.js:2477
[  974537ms] [LOG] [Fast Refresh] rebuilding @ http://localhost:3000/_next/static/chunks/node_modules_next_dist_115brz8._.js:2477
[  974701ms] [LOG] [Fast Refresh] done in 264ms @ http://localhost:3000/_next/static/chunks/node_modules_next_dist_115brz8._.js:2477
[  994195ms] [LOG] [Fast Refresh] rebuilding @ http://localhost:3000/_next/static/chunks/node_modules_next_dist_115brz8._.js:2477
[  994346ms] [LOG] [Fast Refresh] done in 256ms @ http://localhost:3000/_next/static/chunks/node_modules_next_dist_115brz8._.js:2477
[  994537ms] [LOG] [Fast Refresh] rebuilding @ http://localhost:3000/_next/static/chunks/node_modules_next_dist_115brz8._.js:2477
[  994679ms] [LOG] [Fast Refresh] done in 250ms @ http://localhost:3000/_next/static/chunks/node_modules_next_dist_115brz8._.js:2477
[ 1003241ms] [LOG] [Fast Refresh] rebuilding @ http://localhost:3000/_next/static/chunks/node_modules_next_dist_115brz8._.js:2477
[ 1003309ms] [LOG] [Fast Refresh] done in 173ms @ http://localhost:3000/_next/static/chunks/node_modules_next_dist_115brz8._.js:2477
[ 1003485ms] [LOG] [Fast Refresh] rebuilding @ http://localhost:3000/_next/static/chunks/node_modules_next_dist_115brz8._.js:2477
[ 1003742ms] [LOG] [Fast Refresh] done in 366ms @ http://localhost:3000/_next/static/chunks/node_modules_next_dist_115brz8._.js:2477
[ 1003904ms] [LOG] [Fast Refresh] rebuilding @ http://localhost:3000/_next/static/chunks/node_modules_next_dist_115brz8._.js:2477
[ 1003909ms] [LOG] [Fast Refresh] done in 110ms @ http://localhost:3000/_next/static/chunks/node_modules_next_dist_115brz8._.js:2477
[ 1027080ms] [LOG] [Fast Refresh] rebuilding @ http://localhost:3000/_next/static/chunks/node_modules_next_dist_115brz8._.js:2477
[ 1027081ms] [LOG] [Fast Refresh] done in 108ms @ http://localhost:3000/_next/static/chunks/node_modules_next_dist_115brz8._.js:2477
[ 1027714ms] [LOG] [Fast Refresh] rebuilding @ http://localhost:3000/_next/static/chunks/node_modules_next_dist_115brz8._.js:2477
[ 1027820ms] [LOG] [Fast Refresh] done in 208ms @ http://localhost:3000/_next/static/chunks/node_modules_next_dist_115brz8._.js:2477
